🚀 Den Engine v39.0 starting...
[redis-sync] ENABLED — Upstash Redis state persistence active (0 git churn)
[redis-sync] ENABLED — Upstash Redis state persistence active (0 git churn)
[redis-sync] Pulling saved state from Upstash Redis...
[redis-sync] Restored models/audit/shadow_open.json (46 items)
[redis-sync] Restored models/audit/shadow_closed.json (1728 items)
[redis-sync] Restored models/audit/dispatch_ledger.json (13 items)
[redis-sync] Restored models/audit/learned_lexicon.json (2 items)
[redis-sync] Restored models/audit/news_pending.json (528 items)
[redis-sync] Restored models/audit/event_outcomes.json (2 items)
[redis-sync] Restored models/audit/calibration_model.json (11 items)
[redis-sync] Restored models/audit/event_calendar.json (5 items)
[redis-sync] Restored models/portfolio/active_positions.json (1 items)
[redis-sync] Restored models/portfolio/signal_cooldown.json (3 items)
[redis-sync] Restored models/portfolio/dispatched_signals.json (3 items)
[redis-sync] Restored 13623 derivatives history rows from Redis
[redis-sync] Restored 12 state files from Upstash Redis
[ledger] boot audit: 1728 unique of 1728 records, 0 purged
[✓] Event calendar: 34 events over 30d
[decay] IBM/USDT TIGHTEN_OR_SCRATCH score=61.2
[corr] 3 correlated peers dropped in favour of the strongest in each group
[gate] DOGE/USDT 87 held back — only 1/3 confirming scans so far
[gate] LLY/USDT 84 held back — only 1/3 confirming scans so far
[gate] FET/USDT 79 held back — only 1/3 confirming scans so far
[gate] WMT/USDT 79 held back — only 1/3 confirming scans so far
[✓] Digest sent (3h cadence, 03:42 IST)
[03:42:58] Scan #1 | 87/87 fed | 27 candidates | 1 shadow | 0 reused | 0 dispatched | 73.1s | floor=78.0
[corr] 3 correlated peers dropped in favour of the strongest in each group
[gate] DOGE/USDT 87 held back — only 2/3 confirming scans so far
[gate] LLY/USDT 84 held back — only 2/3 confirming scans so far
[gate] FET/USDT 79 held back — only 2/3 confirming scans so far
[gate] WMT/USDT 78 held back — only 2/3 confirming scans so far
[03:43:19] Scan #2 | 87/87 fed | 27 candidates | 0 shadow | 86 reused | 0 dispatched | 6.6s | floor=78.0
[!] Telegram Alert Status Code 400 on Attempt 1: {"ok":false,"error_code":400,"description":"Bad Request: can't parse entities: Can't find end of the entity starting at byte offset 608"}
[ledger] purged 1 duplicate records (DOGE/USDT)
[!] Telegram Alert Status Code 400 on Attempt 2: {"ok":false,"error_code":400,"description":"Bad Request: can't parse entities: Can't find end of the entity starting at byte offset 608"}
[shadow] DOGE/USDT SHORT -> TP1_HIT (+0.29%) DERIV_ALIGNED,NEWS_ALIGNED
[!] Telegram Alert Status Code 400 on Attempt 3: {"ok":false,"error_code":400,"description":"Bad Request: can't parse entities: Can't find end of the entity starting at byte offset 608"}
[✓] Learning report sent (resolved=1728, +1728)
[corr] 3 correlated peers dropped in favour of the strongest in each group
[gate] DOGE/USDT blocked — R:R 0.62 below 1.2 (no room to next pool)
[gate] LLY/USDT blocked — R:R 1.00 below 1.2 (no room to next pool)
[gate] FET/USDT blocked — Event move still unresolved — peak is too recent — no structure yet
[gate] WMT/USDT blocked — R:R 1.00 below 1.2 (no room to next pool)
[03:43:38] Scan #3 | 87/87 fed | 27 candidates | 0 shadow | 86 reused | 0 dispatched | 4.0s | floor=78.0
[redis-sync] Pushed state to Upstash Redis (12 files, periodic)
[corr] 3 correlated peers dropped in favour of the strongest in each group
[gate] DOGE/USDT blocked — R:R 0.62 below 1.2 (no room to next pool)
[gate] LLY/USDT blocked — R:R 1.00 below 1.2 (no room to next pool)
[gate] FET/USDT blocked — Event move still unresolved — peak is too recent — no structure yet
[gate] WMT/USDT blocked — R:R 1.00 below 1.2 (no room to next pool)
[03:43:55] Scan #4 | 87/87 fed | 27 candidates | 0 shadow | 86 reused | 0 dispatched | 1.1s | floor=78.0
[redis-sync] Pushed state to Upstash Redis (12 files, resolved trades)
[corr] 3 correlated peers dropped in favour of the strongest in each group
[gate] DOGE/USDT blocked — R:R 0.62 below 1.2 (no room to next pool)
[gate] LLY/USDT blocked — R:R 1.00 below 1.2 (no room to next pool)
[gate] FET/USDT blocked — Event move still unresolved — peak is too recent — no structure yet
[gate] WMT/USDT blocked — R:R 1.00 below 1.2 (no room to next pool)
[03:44:16] Scan #5 | 87/87 fed | 27 candidates | 1 shadow | 86 reused | 0 dispatched | 6.4s | floor=78.0
[corr] 3 correlated peers dropped in favour of the strongest in each group
[gate] DOGE/USDT blocked — R:R 0.62 below 1.2 (no room to next pool)
[gate] LLY/USDT blocked — R:R 1.00 below 1.2 (no room to next pool)
[gate] FET/USDT blocked — Event move still unresolved — peak is too recent — no structure yet
[gate] WMT/USDT blocked — R:R 1.00 below 1.2 (no room to next pool)
[03:44:34] Scan #6 | 87/87 fed | 27 candidates | 0 shadow | 86 reused | 0 dispatched | 2.9s | floor=78.0
[shadow] WIF/USDT SHORT -> TP2_HIT (+0.63%) DERIV_ALIGNED,NEWS_ALIGNED
[corr] 3 correlated peers dropped in favour of the strongest in each group
[gate] DOGE/USDT blocked — R:R 0.62 below 1.2 (no room to next pool)
[gate] LLY/USDT blocked — R:R 1.00 below 1.2 (no room to next pool)
[gate] FET/USDT blocked — Event move still unresolved — peak is too recent — no structure yet
[gate] WMT/USDT blocked — R:R 1.00 below 1.2 (no room to next pool)
[03:44:51] Scan #7 | 87/87 fed | 27 candidates | 0 shadow | 86 reused | 0 dispatched | 2.0s | floor=78.0
[redis-sync] Pushed state to Upstash Redis (12 files, resolved trades)
[derivatives] funding served by bitget
[derivatives] open_interest served by bitget
[derivatives] crowding UNAVAILABLE from every venue (binance/bybit/bitget all refused)
[derivatives] funding served by bybit
[derivatives] open_interest served by bybit
[derivatives] crowding served by bybit
[corr] 4 correlated peers dropped in favour of the strongest in each group
[gate] LLY/USDT blocked — R:R 0.38 below 1.2 (no room to next pool)
[gate] JPM/USDT 84 held back — held threshold for only 1/3 consecutive scans
[gate] RENDER/USDT 83 held back — held threshold for only 1/3 consecutive scans
[gate] DOGE/USDT blocked — R:R 0.60 below 1.2 (no room to next pool)
[gate] XRP/USDT 80 held back — held threshold for only 1/3 consecutive scans
[gate] RUNE/USDT 79 held back — held threshold for only 1/3 consecutive scans
[03:45:31] Scan #8 | 87/87 fed | 26 candidates | 9 shadow | 3 reused | 0 dispatched | 24.9s | floor=78.0
[corr] 4 correlated peers dropped in favour of the strongest in each group
[gate] LLY/USDT blocked — R:R 0.38 below 1.2 (no room to next pool)
[gate] JPM/USDT 84 held back — held threshold for only 2/3 consecutive scans
[gate] RENDER/USDT 83 held back — held threshold for only 2/3 consecutive scans
[gate] DOGE/USDT 80 held back — score decaying (-1.7/scan) — setup is fading, not forming
[gate] XRP/USDT 80 held back — held threshold for only 2/3 consecutive scans
[gate] RUNE/USDT 79 held back — held threshold for only 2/3 consecutive scans
[03:45:48] Scan #9 | 87/87 fed | 26 candidates | 0 shadow | 86 reused | 0 dispatched | 2.0s | floor=78.0
[shadow] NIO/USDT SHORT -> TP3_HIT (+0.50%) 
[corr] 4 correlated peers dropped in favour of the strongest in each group
[gate] LLY/USDT blocked — R:R 0.38 below 1.2 (no room to next pool)
[gate] JPM/USDT blocked — R:R 1.00 below 1.2 (no room to next pool)
[gate] RENDER/USDT blocked — R:R 0.34 below 1.2 (no room to next pool)
[gate] DOGE/USDT 80 held back — score decaying (-1.9/scan) — setup is fading, not forming
[gate] XRP/USDT blocked — Event move still unresolved — peak is too recent — no structure yet
[gate] RUNE/USDT blocked — R:R 0.99 below 1.2 (no room to next pool)
[03:46:07] Scan #10 | 87/87 fed | 26 candidates | 0 shadow | 86 reused | 0 dispatched | 4.4s | floor=78.0
[redis-sync] Pushed state to Upstash Redis (12 files, resolved trades)
[corr] 4 correlated peers dropped in favour of the strongest in each group
[gate] LLY/USDT blocked — R:R 0.38 below 1.2 (no room to next pool)
[gate] JPM/USDT blocked — R:R 1.00 below 1.2 (no room to next pool)
[gate] XRP/USDT blocked — Event move still unresolved — peak is too recent — no structure yet
[gate] RUNE/USDT blocked — R:R 0.98 below 1.2 (no room to next pool)
[gate] RENDER/USDT blocked — R:R 0.79 below 1.2 (no room to next pool)
[03:46:28] Scan #11 | 87/87 fed | 26 candidates | 0 shadow | 86 reused | 0 dispatched | 5.4s | floor=78.0
[corr] 4 correlated peers dropped in favour of the strongest in each group
[gate] LLY/USDT blocked — R:R 0.38 below 1.2 (no room to next pool)
[gate] JPM/USDT blocked — R:R 1.00 below 1.2 (no room to next pool)
[gate] XRP/USDT blocked — Event move still unresolved — peak is too recent — no structure yet
[gate] RUNE/USDT blocked — R:R 0.98 below 1.2 (no room to next pool)
[gate] RENDER/USDT blocked — R:R 0.79 below 1.2 (no room to next pool)
[03:46:44] Scan #12 | 87/87 fed | 26 candidates | 0 shadow | 86 reused | 0 dispatched | 1.2s | floor=78.0
[corr] 4 correlated peers dropped in favour of the strongest in each group
[gate] LLY/USDT blocked — R:R 0.38 below 1.2 (no room to next pool)
[gate] JPM/USDT blocked — R:R 1.00 below 1.2 (no room to next pool)
[gate] XRP/USDT blocked — Event move still unresolved — peak is too recent — no structure yet
[gate] RUNE/USDT blocked — R:R 0.98 below 1.2 (no room to next pool)
[gate] RENDER/USDT blocked — R:R 0.79 below 1.2 (no room to next pool)
[03:47:02] Scan #13 | 87/87 fed | 26 candidates | 0 shadow | 86 reused | 0 dispatched | 3.4s | floor=78.0
[corr] 4 correlated peers dropped in favour of the strongest in each group
[gate] LLY/USDT blocked — R:R 0.44 below 1.2 (no room to next pool)
[gate] JPM/USDT blocked — R:R 1.00 below 1.2 (no room to next pool)
[gate] RENDER/USDT blocked — R:R 0.34 below 1.2 (no room to next pool)
[gate] RUNE/USDT blocked — R:R 0.98 below 1.2 (no room to next pool)
[03:47:36] Scan #14 | 87/87 fed | 26 candidates | 0 shadow | 86 reused | 0 dispatched | 18.3s | floor=78.0
[corr] 4 correlated peers dropped in favour of the strongest in each group
[gate] LLY/USDT blocked — R:R 0.44 below 1.2 (no room to next pool)
[gate] JPM/USDT blocked — R:R 1.00 below 1.2 (no room to next pool)
[gate] RENDER/USDT blocked — R:R 0.34 below 1.2 (no room to next pool)
[gate] RUNE/USDT blocked — R:R 0.98 below 1.2 (no room to next pool)
[03:48:03] Scan #15 | 87/87 fed | 26 candidates | 0 shadow | 86 reused | 0 dispatched | 11.9s | floor=78.0
[corr] 4 correlated peers dropped in favour of the strongest in each group
[gate] LLY/USDT blocked — R:R 0.44 below 1.2 (no room to next pool)
[gate] JPM/USDT blocked — R:R 1.00 below 1.2 (no room to next pool)
[gate] RENDER/USDT blocked — R:R 0.79 below 1.2 (no room to next pool)
[gate] RUNE/USDT blocked — R:R 0.99 below 1.2 (no room to next pool)
[03:48:24] Scan #16 | 87/87 fed | 26 candidates | 0 shadow | 86 reused | 0 dispatched | 6.2s | floor=78.0
[corr] 4 correlated peers dropped in favour of the strongest in each group
[gate] LLY/USDT blocked — R:R 0.44 below 1.2 (no room to next pool)
[gate] JPM/USDT blocked — R:R 1.00 below 1.2 (no room to next pool)
[gate] RENDER/USDT blocked — R:R 0.79 below 1.2 (no room to next pool)
[gate] RUNE/USDT blocked — R:R 0.99 below 1.2 (no room to next pool)
[03:48:44] Scan #17 | 87/87 fed | 26 candidates | 0 shadow | 86 reused | 0 dispatched | 4.8s | floor=78.0
[corr] 4 correlated peers dropped in favour of the strongest in each group
[gate] LLY/USDT blocked — R:R 0.44 below 1.2 (no room to next pool)
[gate] JPM/USDT blocked — R:R 1.00 below 1.2 (no room to next pool)
[gate] RENDER/USDT blocked — R:R 0.79 below 1.2 (no room to next pool)
[gate] RUNE/USDT blocked — R:R 0.99 below 1.2 (no room to next pool)
[03:48:59] Scan #18 | 87/87 fed | 26 candidates | 0 shadow | 86 reused | 0 dispatched | 0.7s | floor=78.0
[corr] 4 correlated peers dropped in favour of the strongest in each group
[gate] LLY/USDT blocked — R:R 0.44 below 1.2 (no room to next pool)
[gate] JPM/USDT blocked — R:R 1.00 below 1.2 (no room to next pool)
[gate] RENDER/USDT blocked — R:R 0.34 below 1.2 (no room to next pool)
[gate] RUNE/USDT blocked — R:R 0.99 below 1.2 (no room to next pool)
[03:49:20] Scan #19 | 87/87 fed | 26 candidates | 0 shadow | 86 reused | 0 dispatched | 5.5s | floor=78.0
[corr] 4 correlated peers dropped in favour of the strongest in each group
[gate] LLY/USDT blocked — R:R 0.44 below 1.2 (no room to next pool)
[gate] JPM/USDT blocked — R:R 1.00 below 1.2 (no room to next pool)
[gate] RENDER/USDT blocked — R:R 0.34 below 1.2 (no room to next pool)
[gate] RUNE/USDT blocked — R:R 0.99 below 1.2 (no room to next pool)
[03:49:39] Scan #20 | 87/87 fed | 26 candidates | 0 shadow | 86 reused | 0 dispatched | 3.8s | floor=78.0
[corr] 4 correlated peers dropped in favour of the strongest in each group
[gate] LLY/USDT blocked — R:R 0.44 below 1.2 (no room to next pool)
[gate] JPM/USDT blocked — R:R 1.00 below 1.2 (no room to next pool)
[gate] RENDER/USDT blocked — R:R 0.34 below 1.2 (no room to next pool)
[gate] RUNE/USDT blocked — R:R 0.99 below 1.2 (no room to next pool)
[03:49:55] Scan #21 | 87/87 fed | 26 candidates | 0 shadow | 86 reused | 0 dispatched | 1.3s | floor=78.0
[corr] 4 correlated peers dropped in favour of the strongest in each group
[gate] LLY/USDT blocked — R:R 0.44 below 1.2 (no room to next pool)
[gate] JPM/USDT blocked — R:R 1.00 below 1.2 (no room to next pool)
[gate] RENDER/USDT blocked — R:R 0.34 below 1.2 (no room to next pool)
[gate] RUNE/USDT blocked — R:R 0.99 below 1.2 (no room to next pool)
[03:50:18] Scan #22 | 87/87 fed | 26 candidates | 0 shadow | 86 reused | 0 dispatched | 8.4s | floor=78.0
[corr] 4 correlated peers dropped in favour of the strongest in each group
[gate] LLY/USDT blocked — R:R 0.44 below 1.2 (no room to next pool)
[gate] JPM/USDT blocked — R:R 1.00 below 1.2 (no room to next pool)
[gate] RENDER/USDT blocked — R:R 0.34 below 1.2 (no room to next pool)
[gate] RUNE/USDT blocked — R:R 0.99 below 1.2 (no room to next pool)
[03:50:42] Scan #23 | 87/87 fed | 26 candidates | 0 shadow | 86 reused | 0 dispatched | 8.6s | floor=78.0
[corr] 4 correlated peers dropped in favour of the strongest in each group
[gate] LLY/USDT blocked — R:R 0.44 below 1.2 (no room to next pool)
[gate] JPM/USDT blocked — R:R 1.00 below 1.2 (no room to next pool)
[gate] RENDER/USDT blocked — R:R 0.34 below 1.2 (no room to next pool)
[gate] RUNE/USDT blocked — R:R 0.99 below 1.2 (no room to next pool)
[03:50:58] Scan #24 | 87/87 fed | 26 candidates | 0 shadow | 86 reused | 0 dispatched | 0.8s | floor=78.0
[!] All Exchange Feeds (Binance/Bybit/Bitget) failed or non-existent for symbol: MCDUSDT
[!] News fetch failed for COIN/USDT: ReadTimeout
[!] News fetch failed for NEAR/USDT: ReadTimeout
[!] News fetch failed for W/USDT: ReadTimeout
[!] News fetch failed for BAC/USDT: ReadTimeout
[corr] 4 correlated peers dropped in favour of the strongest in each group
[gate] JPM/USDT blocked — R:R 0.70 below 1.2 (no room to next pool)
[gate] LLY/USDT blocked — R:R 0.46 below 1.2 (no room to next pool)
[gate] XAG/USDT 80 held back — only 1/3 confirming scans so far
[gate] XRP/USDT 80 held back — held threshold for only 1/3 consecutive scans
[gate] BABA/USDT 79 held back — held threshold for only 1/3 consecutive scans
[gate] BONK/USDT 79 held back — held threshold for only 1/3 consecutive scans
[✓] Digest sent (3h cadence, 07:54 IST)
[07:54:11] Scan #25 | 87/87 fed | 25 candidates | 3 shadow | 0 reused | 0 dispatched | 14578.2s | floor=78.0
[!] All Exchange Feeds (Binance/Bybit/Bitget) failed or non-existent for symbol: ABNBUSDT
[decay] IBM/USDT CLOSE_NOW score=75.6
[news] settled 12424 term observations
[shadow] SEI/USDT SHORT -> TP1_HIT (+1.22%) DERIV_ALIGNED,NEWS_ALIGNED
[shadow] RENDER/USDT SHORT -> TP4_HIT (+1.32%) DERIV_ALIGNED,NEWS_ALIGNED
[shadow] WIF/USDT SHORT -> TP1_HIT (+1.05%) DERIV_ALIGNED,NEWS_ALIGNED
[event] tracking GOOGL/USDT through 'Cash Rate'
[!] News fetch failed for DOGE/USDT: ReadTimeout
[!] News fetch failed for SPY/USDT: ReadTimeout
[event] tracking SPY/USDT through 'RBA Press Conference'
[event] tracking TAO/USDT through 'RBA Press Conference'
[event] tracking XRP/USDT through 'RBA Press Conference'
[event] tracking PENDLE/USDT through 'RBA Press Conference'
[event] tracking LLY/USDT through 'RBA Press Conference'
[event] tracking NKE/USDT through 'RBA Press Conference'
[event] tracking HOOD/USDT through 'RBA Press Conference'
[event] tracking CRM/USDT through 'RBA Press Conference'
[!] News fetch failed for AMZN/USDT: ReadTimeout
[event] tracking AMZN/USDT through 'RBA Press Conference'
[event] tracking TIA/USDT through 'RBA Press Conference'
[gate] TIA/USDT 91 held back — only 1/3 confirming scans so far
[gate] XRP/USDT 87 held back — only 1/3 confirming scans so far
[gate] LLY/USDT 84 held back — only 1/3 confirming scans so far
[gate] RENDER/USDT 80 held back — only 1/3 confirming scans so far
[gate] PENDLE/USDT 79 held back — only 1/3 confirming scans so far
[gate] SEI/USDT 79 held back — only 1/3 confirming scans so far
[✓] Digest sent (1h cadence, 11:34 IST)
[11:46:12] Scan #26 | 87/87 fed | 24 candidates | 12 shadow | 0 reused | 0 dispatched | 12220.9s | floor=78.0
[!] All Exchange Feeds (Binance/Bybit/Bitget) failed or non-existent for symbol: ABNBUSDT
[news] settled 3677 term observations
[shadow] XLE/USDT SHORT -> SL_HIT (-1.71%) STOPPED_AFTER_PARTIAL_RUN,NEWS_CONFLICT
[shadow] UNH/USDT SHORT -> SL_HIT (-0.52%) THESIS_WRONG,NEWS_ALIGNED
[shadow] TAO/USDT LONG -> SL_HIT (-3.05%) THESIS_WRONG,DERIV_CONFLICT,NEWS_ALIGNED,TRADED_WITH_CROWD
[shadow] NEAR/USDT LONG -> SL_HIT (-1.77%) STOPPED_AFTER_PARTIAL_RUN,NEWS_ALIGNED
[shadow] W/USDT LONG -> SL_HIT (-1.91%) THESIS_WRONG,NEWS_ALIGNED
[shadow] COST/USDT LONG -> SL_HIT (-0.40%) STOPPED_AFTER_PARTIAL_RUN,NEWS_ALIGNED
[shadow] V/USDT LONG -> SL_HIT (-0.55%) THESIS_WRONG,NEWS_CONFLICT
[shadow] XRP/USDT LONG -> SL_HIT (-0.77%) STOPPED_AFTER_PARTIAL_RUN,DERIV_CONFLICT,TRADED_WITH_CROWD
[shadow] CRM/USDT SHORT -> SL_HIT (-0.83%) STOPPED_AFTER_PARTIAL_RUN,NEWS_CONFLICT
[shadow] ADA/USDT LONG -> SL_HIT (-1.18%) STOPPED_AFTER_PARTIAL_RUN,NEWS_CONFLICT
[shadow] BABA/USDT SHORT -> SL_HIT (-1.28%) THESIS_WRONG,NEWS_CONFLICT
[shadow] BAC/USDT SHORT -> SL_HIT (-0.72%) THESIS_WRONG
[shadow] COST/USDT SHORT -> SL_HIT (-0.40%) STOPPED_AFTER_PARTIAL_RUN
[shadow] XAU/USDT SHORT -> SL_HIT (-0.77%) THESIS_WRONG,NEWS_CONFLICT
[shadow] NOT/USDT LONG -> SL_HIT (-2.73%) THESIS_WRONG
[shadow] AMZN/USDT SHORT -> SL_HIT (-0.40%) THESIS_WRONG,NEWS_ALIGNED
[shadow] LLY/USDT SHORT -> SL_HIT (-0.40%) THESIS_WRONG,NEWS_CONFLICT
[shadow] XRP/USDT SHORT -> SL_HIT (-1.39%) STOPPED_AFTER_PARTIAL_RUN,DERIV_ALIGNED,NEWS_ALIGNED
[shadow] ADA/USDT SHORT -> SL_HIT (-1.56%) STOPPED_AFTER_PARTIAL_RUN,DERIV_ALIGNED,NEWS_ALIGNED
[shadow] XLE/USDT LONG -> SL_HIT (-0.85%) THESIS_WRONG,DERIV_ALIGNED,NEWS_ALIGNED
[shadow] AMD/USDT SHORT -> TP2_HIT (+0.37%) DERIV_CONFLICT,NEWS_ALIGNED
[shadow] COIN/USDT SHORT -> TP1_HIT (+0.32%) DERIV_ALIGNED,NEWS_ALIGNED
[shadow] NEAR/USDT SHORT -> SL_HIT (-1.44%) THESIS_WRONG,DERIV_CONFLICT,NEWS_ALIGNED
[shadow] LLY/USDT LONG -> SL_HIT (-0.65%) THESIS_WRONG,NEWS_ALIGNED
[shadow] BABA/USDT LONG -> SL_HIT (-0.69%) STOPPED_AFTER_PARTIAL_RUN,DERIV_CONFLICT,NEWS_ALIGNED
[shadow] TAO/USDT SHORT -> SL_HIT (-1.75%) THESIS_WRONG,DERIV_ALIGNED,NEWS_ALIGNED
[shadow] W/USDT SHORT -> SL_HIT (-2.21%) THESIS_WRONG,DERIV_CONFLICT,NEWS_ALIGNED
[shadow] COPPER/USDT LONG -> TP1_HIT (+0.40%) DERIV_ALIGNED,NEWS_ALIGNED
[shadow] XAG/USDT LONG -> TP3_HIT (+0.45%) DERIV_CONFLICT,NEWS_ALIGNED
[corr] 1 correlated peers dropped in favour of the strongest in each group
[gate] LLY/USDT 88 held back — only 1/3 confirming scans so far
[gate] XLE/USDT 87 held back — only 1/3 confirming scans so far
[gate] ENA/USDT 83 held back — only 1/3 confirming scans so far
[gate] FET/USDT 82 held back — only 1/3 confirming scans so far
[gate] LINK/USDT 79 held back — only 1/3 confirming scans so far
[✓] Digest sent (1h cadence, 12:56 IST)
[12:56:29] Scan #27 | 87/87 fed | 25 candidates | 14 shadow | 0 reused | 0 dispatched | 3615.1s | floor=78.0
[shadow] TIA/USDT SHORT -> TP3_HIT (+1.74%) DERIV_CONFLICT,NEWS_ALIGNED
[shadow] BA/USDT SHORT -> TP4_HIT (+0.78%) NEWS_ALIGNED
[shadow] DOT/USDT SHORT -> TP3_HIT (+0.45%) DERIV_CONFLICT,NEWS_ALIGNED
[corr] 4 correlated peers dropped in favour of the strongest in each group
[gate] XLE/USDT 87 held back — only 2/3 confirming scans so far
[gate] ABNB/USDT 84 held back — only 2/3 confirming scans so far
[gate] STX/USDT 83 held back — only 1/3 confirming scans so far
[gate] DOT/USDT 82 held back — only 1/3 confirming scans so far
[12:57:36] Scan #28 | 87/87 fed | 26 candidates | 6 shadow | 0 reused | 0 dispatched | 52.2s | floor=78.0
[shadow] FET/USDT SHORT -> TP1_HIT (+1.26%) DERIV_ALIGNED,NEWS_ALIGNED
[shadow] BONK/USDT SHORT -> TP3_HIT (+2.07%) DERIV_ALIGNED,NEWS_ALIGNED
[shadow] SEI/USDT SHORT -> TP3_HIT (+0.97%) DERIV_ALIGNED,NEWS_ALIGNED
[shadow] ORDI/USDT SHORT -> TP4_HIT (+1.12%) DERIV_ALIGNED
[corr] 4 correlated peers dropped in favour of the strongest in each group
[gate] XLE/USDT blocked — R:R 0.46 below 1.2 (no room to next pool)
[gate] ABNB/USDT 84 held back — held threshold for only 2/3 consecutive scans; score unstable (σ=9.1 > 9.0) — reading is noise, not conviction
[gate] STX/USDT 83 held back — only 2/3 confirming scans so far
[gate] DOT/USDT 82 held back — only 2/3 confirming scans so far
[gate] LINK/USDT 78 held back — held threshold for only 1/3 consecutive scans
[12:57:59] Scan #29 | 87/87 fed | 26 candidates | 4 shadow | 86 reused | 0 dispatched | 7.3s | floor=78.0
[corr] 4 correlated peers dropped in favour of the strongest in each group
[gate] XLE/USDT blocked — R:R 0.46 below 1.2 (no room to next pool)
[gate] ABNB/USDT blocked — R:R 1.00 below 1.2 (no room to next pool)
[gate] STX/USDT blocked — Event move still unresolved — peak is too recent — no structure yet
[gate] DOT/USDT blocked — R:R 0.42 below 1.2 (no room to next pool)
[gate] LINK/USDT 78 held back — held threshold for only 2/3 consecutive scans
[12:58:21] Scan #30 | 87/87 fed | 26 candidates | 0 shadow | 86 reused | 0 dispatched | 7.0s | floor=78.0
[shadow] MA/USDT LONG -> TP1_HIT (+1.28%) NEWS_ALIGNED
[corr] 4 correlated peers dropped in favour of the strongest in each group
[gate] XLE/USDT blocked — R:R 0.46 below 1.2 (no room to next pool)
[gate] ABNB/USDT blocked — R:R 1.00 below 1.2 (no room to next pool)
[gate] STX/USDT blocked — Event move still unresolved — peak is too recent — no structure yet
[gate] DOT/USDT blocked — R:R 0.42 below 1.2 (no room to next pool)
[gate] LINK/USDT blocked — R:R 0.54 below 1.2 (no room to next pool)
[12:58:37] Scan #31 | 87/87 fed | 26 candidates | 0 shadow | 86 reused | 0 dispatched | 1.8s | floor=78.0
[corr] 4 correlated peers dropped in favour of the strongest in each group
[gate] XLE/USDT blocked — R:R 0.46 below 1.2 (no room to next pool)
[gate] ABNB/USDT blocked — R:R 1.00 below 1.2 (no room to next pool)
[gate] STX/USDT blocked — Event move still unresolved — peak is too recent — no structure yet
[gate] DOT/USDT blocked — R:R 0.42 below 1.2 (no room to next pool)
[gate] LINK/USDT blocked — R:R 0.54 below 1.2 (no room to next pool)
[12:58:57] Scan #32 | 87/87 fed | 26 candidates | 0 shadow | 86 reused | 0 dispatched | 4.7s | floor=78.0
[corr] 4 correlated peers dropped in favour of the strongest in each group
[gate] ABNB/USDT blocked — R:R 1.00 below 1.2 (no room to next pool)
[gate] STX/USDT blocked — Event move still unresolved — peak is too recent — no structure yet
[gate] XLE/USDT blocked — R:R 1.00 below 1.2 (no room to next pool)
[gate] DOT/USDT blocked — R:R 0.42 below 1.2 (no room to next pool)
[12:59:19] Scan #33 | 87/87 fed | 26 candidates | 0 shadow | 86 reused | 0 dispatched | 6.8s | floor=78.0
[corr] 4 correlated peers dropped in favour of the strongest in each group
[gate] ABNB/USDT blocked — R:R 1.00 below 1.2 (no room to next pool)
[gate] STX/USDT blocked — Event move still unresolved — peak is too recent — no structure yet
[gate] XLE/USDT blocked — R:R 1.00 below 1.2 (no room to next pool)
[gate] DOT/USDT blocked — R:R 0.42 below 1.2 (no room to next pool)
[12:59:35] Scan #34 | 87/87 fed | 26 candidates | 0 shadow | 86 reused | 0 dispatched | 1.0s | floor=78.0
[corr] 4 correlated peers dropped in favour of the strongest in each group
[gate] ABNB/USDT blocked — R:R 1.00 below 1.2 (no room to next pool)
[gate] STX/USDT blocked — Event move still unresolved — peak is too recent — no structure yet
[gate] XLE/USDT blocked — R:R 1.00 below 1.2 (no room to next pool)
[gate] DOT/USDT blocked — R:R 0.42 below 1.2 (no room to next pool)
[12:59:54] Scan #35 | 87/87 fed | 26 candidates | 0 shadow | 86 reused | 0 dispatched | 4.4s | floor=78.0
[corr] 6 correlated peers dropped in favour of the strongest in each group
[gate] DOT/USDT blocked — R:R 0.42 below 1.2 (no room to next pool)
[gate] XLE/USDT blocked — R:R 1.00 below 1.2 (no room to next pool)
[gate] TIA/USDT 79 held back — only 2/3 confirming scans so far
[13:00:38] Scan #36 | 87/87 fed | 24 candidates | 4 shadow | 0 reused | 0 dispatched | 28.4s | floor=78.0
[corr] 6 correlated peers dropped in favour of the strongest in each group
[gate] DOT/USDT blocked — R:R 0.42 below 1.2 (no room to next pool)
[gate] XLE/USDT blocked — R:R 1.00 below 1.2 (no room to next pool)
[gate] TIA/USDT 79 held back — held threshold for only 2/3 consecutive scans; score unstable (σ=9.6 > 9.0) — reading is noise, not conviction
[13:01:00] Scan #37 | 87/87 fed | 24 candidates | 0 shadow | 86 reused | 0 dispatched | 7.5s | floor=78.0
[corr] 6 correlated peers dropped in favour of the strongest in each group
[gate] XLE/USDT blocked — R:R 0.41 below 1.2 (no room to next pool)
[gate] DOT/USDT blocked — R:R 0.53 below 1.2 (no room to next pool)
[gate] TIA/USDT 82 held back — score unstable (σ=9.3 > 9.0) — reading is noise, not conviction
[13:01:27] Scan #38 | 87/87 fed | 24 candidates | 1 shadow | 86 reused | 0 dispatched | 11.7s | floor=78.0
[corr] 6 correlated peers dropped in favour of the strongest in each group
[gate] XLE/USDT blocked — R:R 0.41 below 1.2 (no room to next pool)
[gate] DOT/USDT blocked — R:R 0.53 below 1.2 (no room to next pool)
[gate] TIA/USDT blocked — R:R 0.37 below 1.2 (no room to next pool)
[13:19:20] Scan #39 | 87/87 fed | 24 candidates | 0 shadow | 86 reused | 0 dispatched | 1058.0s | floor=78.0
[news] settled 2297 term observations
[corr] 1 correlated peers dropped in favour of the strongest in each group
[gate] STX/USDT 79 held back — only 1/3 confirming scans so far
[gate] ENA/USDT 79 held back — only 1/3 confirming scans so far
[gate] FET/USDT 78 held back — only 1/3 confirming scans so far
[13:23:51] Scan #40 | 87/87 fed | 27 candidates | 2 shadow | 0 reused | 0 dispatched | 64.3s | floor=78.0
[shadow] XLE/USDT LONG -> TP2_HIT (+0.43%) DERIV_CONFLICT,NEWS_ALIGNED
[corr] 1 correlated peers dropped in favour of the strongest in each group
[gate] ENA/USDT 79 held back — only 2/3 confirming scans so far
[gate] STX/USDT 79 held back — only 2/3 confirming scans so far
[gate] FET/USDT 78 held back — only 2/3 confirming scans so far
[13:24:13] Scan #41 | 87/87 fed | 27 candidates | 1 shadow | 86 reused | 0 dispatched | 7.5s | floor=78.0
[corr] 1 correlated peers dropped in favour of the strongest in each group
[gate] ENA/USDT blocked — R:R 0.38 below 1.2 (no room to next pool)
[gate] STX/USDT blocked — R:R 0.41 below 1.2 (no room to next pool)
[gate] V/USDT 78 held back — held threshold for only 1/3 consecutive scans
[gate] FET/USDT blocked — R:R 0.98 below 1.2 (no room to next pool)
[13:24:31] Scan #42 | 87/87 fed | 27 candidates | 0 shadow | 86 reused | 0 dispatched | 2.6s | floor=78.0
[corr] 1 correlated peers dropped in favour of the strongest in each group
[gate] ENA/USDT blocked — R:R 0.38 below 1.2 (no room to next pool)
[gate] STX/USDT blocked — R:R 0.41 below 1.2 (no room to next pool)
[gate] V/USDT 78 held back — held threshold for only 2/3 consecutive scans
[gate] FET/USDT blocked — R:R 0.98 below 1.2 (no room to next pool)
[13:24:47] Scan #43 | 87/87 fed | 27 candidates | 0 shadow | 86 reused | 0 dispatched | 1.4s | floor=78.0
[corr] 1 correlated peers dropped in favour of the strongest in each group
[gate] STX/USDT blocked — R:R 0.41 below 1.2 (no room to next pool)
[gate] V/USDT blocked — R:R 0.74 below 1.2 (no room to next pool)
[gate] FET/USDT blocked — R:R 0.98 below 1.2 (no room to next pool)
[gate] ENA/USDT blocked — R:R 0.38 below 1.2 (no room to next pool)
[13:25:09] Scan #44 | 87/87 fed | 27 candidates | 0 shadow | 86 reused | 0 dispatched | 6.6s | floor=78.0
[corr] 1 correlated peers dropped in favour of the strongest in each group
[gate] FET/USDT blocked — R:R 0.98 below 1.2 (no room to next pool)
[13:25:31] Scan #45 | 87/87 fed | 27 candidates | 0 shadow | 86 reused | 0 dispatched | 7.7s | floor=78.0
[corr] 1 correlated peers dropped in favour of the strongest in each group
[gate] FET/USDT blocked — R:R 0.98 below 1.2 (no room to next pool)
[13:25:48] Scan #46 | 87/87 fed | 27 candidates | 0 shadow | 86 reused | 0 dispatched | 1.5s | floor=78.0
[corr] 1 correlated peers dropped in favour of the strongest in each group
[gate] FET/USDT blocked — R:R 0.98 below 1.2 (no room to next pool)
[13:26:07] Scan #47 | 87/87 fed | 27 candidates | 0 shadow | 86 reused | 0 dispatched | 4.5s | floor=78.0
[corr] 1 correlated peers dropped in favour of the strongest in each group
[gate] STX/USDT 79 held back — held threshold for only 1/3 consecutive scans
[gate] FET/USDT blocked — R:R 0.98 below 1.2 (no room to next pool)
[13:26:28] Scan #48 | 87/87 fed | 27 candidates | 0 shadow | 86 reused | 0 dispatched | 5.3s | floor=78.0
[corr] 1 correlated peers dropped in favour of the strongest in each group
[gate] STX/USDT 79 held back — held threshold for only 2/3 consecutive scans
[gate] FET/USDT blocked — R:R 0.98 below 1.2 (no room to next pool)
[13:26:44] Scan #49 | 87/87 fed | 27 candidates | 0 shadow | 86 reused | 0 dispatched | 1.5s | floor=78.0
[corr] 1 correlated peers dropped in favour of the strongest in each group
[gate] STX/USDT blocked — R:R 0.41 below 1.2 (no room to next pool)
[gate] ENA/USDT 78 held back — held threshold for only 1/3 consecutive scans
[gate] FET/USDT blocked — R:R 0.98 below 1.2 (no room to next pool)
[13:27:04] Scan #50 | 87/87 fed | 27 candidates | 0 shadow | 86 reused | 0 dispatched | 4.6s | floor=78.0
[corr] 1 correlated peers dropped in favour of the strongest in each group
[gate] ENA/USDT 79 held back — held threshold for only 2/3 consecutive scans
[gate] FET/USDT blocked — R:R 0.98 below 1.2 (no room to next pool)
[13:27:24] Scan #51 | 87/87 fed | 27 candidates | 1 shadow | 86 reused | 0 dispatched | 5.3s | floor=78.0
[corr] 1 correlated peers dropped in favour of the strongest in each group
[gate] ENA/USDT blocked — R:R 0.45 below 1.2 (no room to next pool)
[gate] FET/USDT blocked — R:R 0.98 below 1.2 (no room to next pool)
[13:27:41] Scan #52 | 87/87 fed | 27 candidates | 0 shadow | 86 reused | 0 dispatched | 1.6s | floor=78.0
[corr] 1 correlated peers dropped in favour of the strongest in each group
[gate] ENA/USDT blocked — R:R 0.45 below 1.2 (no room to next pool)
[gate] FET/USDT blocked — R:R 0.98 below 1.2 (no room to next pool)
[13:28:00] Scan #53 | 87/87 fed | 27 candidates | 0 shadow | 86 reused | 0 dispatched | 4.6s | floor=78.0
[corr] 1 correlated peers dropped in favour of the strongest in each group
[gate] ENA/USDT blocked — R:R 0.45 below 1.2 (no room to next pool)
[gate] FET/USDT blocked — R:R 0.98 below 1.2 (no room to next pool)
[13:28:44] Scan #54 | 87/87 fed | 27 candidates | 0 shadow | 86 reused | 0 dispatched | 29.1s | floor=78.0
[shadow] SEI/USDT SHORT -> TP1_HIT (+0.25%) DERIV_CONFLICT,NEWS_ALIGNED
[corr] 1 correlated peers dropped in favour of the strongest in each group
[gate] FET/USDT blocked — R:R 0.98 below 1.2 (no room to next pool)
[13:29:08] Scan #55 | 87/87 fed | 27 candidates | 1 shadow | 86 reused | 0 dispatched | 8.7s | floor=78.0
[corr] 1 correlated peers dropped in favour of the strongest in each group
[gate] FET/USDT blocked — R:R 0.98 below 1.2 (no room to next pool)
[13:29:28] Scan #56 | 87/87 fed | 27 candidates | 0 shadow | 86 reused | 0 dispatched | 5.3s | floor=78.0
[corr] 1 correlated peers dropped in favour of the strongest in each group
[gate] FET/USDT blocked — R:R 0.98 below 1.2 (no room to next pool)
[13:29:45] Scan #57 | 87/87 fed | 27 candidates | 0 shadow | 86 reused | 0 dispatched | 1.7s | floor=78.0
[corr] 1 correlated peers dropped in favour of the strongest in each group
[gate] ENA/USDT 79 held back — held threshold for only 1/3 consecutive scans
[gate] FET/USDT blocked — R:R 0.98 below 1.2 (no room to next pool)
[13:30:06] Scan #58 | 87/87 fed | 27 candidates | 0 shadow | 86 reused | 0 dispatched | 5.9s | floor=78.0
[✓] Event calendar: 34 events over 30d
[corr] 2 correlated peers dropped in favour of the strongest in each group
[gate] TIA/USDT 83 held back — only 1/3 confirming scans so far
[gate] ORCL/USDT 79 held back — held threshold for only 1/3 consecutive scans
[13:30:52] Scan #59 | 87/87 fed | 26 candidates | 1 shadow | 0 reused | 0 dispatched | 30.8s | floor=78.0
[shadow] LLY/USDT LONG -> TP2_HIT (+0.25%) DERIV_CONFLICT,NEWS_ALIGNED
[corr] 2 correlated peers dropped in favour of the strongest in each group
[gate] TIA/USDT 83 held back — only 2/3 confirming scans so far
[gate] COIN/USDT 80 held back — held threshold for only 1/3 consecutive scans
[gate] ORCL/USDT 79 held back — held threshold for only 2/3 consecutive scans
[13:31:14] Scan #60 | 87/87 fed | 26 candidates | 1 shadow | 86 reused | 0 dispatched | 7.0s | floor=78.0
[corr] 2 correlated peers dropped in favour of the strongest in each group
[gate] TIA/USDT blocked — R:R 0.35 below 1.2 (no room to next pool)
[gate] COIN/USDT 80 held back — held threshold for only 2/3 consecutive scans
[gate] ORCL/USDT blocked — R:R 0.37 below 1.2 (no room to next pool)
[13:31:34] Scan #61 | 87/87 fed | 26 candidates | 0 shadow | 86 reused | 0 dispatched | 5.1s | floor=78.0
[corr] 2 correlated peers dropped in favour of the strongest in each group
[gate] TIA/USDT blocked — R:R 0.35 below 1.2 (no room to next pool)
[gate] COIN/USDT blocked — R:R 0.42 below 1.2 (no room to next pool)
[gate] ORCL/USDT blocked — R:R 0.37 below 1.2 (no room to next pool)
[13:31:50] Scan #62 | 87/87 fed | 26 candidates | 0 shadow | 86 reused | 0 dispatched | 1.3s | floor=78.0
[corr] 2 correlated peers dropped in favour of the strongest in each group
[gate] TIA/USDT blocked — R:R 0.35 below 1.2 (no room to next pool)
[gate] COIN/USDT blocked — R:R 0.32 below 1.2 (no room to next pool)
[gate] ORCL/USDT blocked — R:R 0.37 below 1.2 (no room to next pool)
[13:32:13] Scan #63 | 87/87 fed | 26 candidates | 0 shadow | 86 reused | 0 dispatched | 7.3s | floor=78.0
[corr] 2 correlated peers dropped in favour of the strongest in each group
[gate] TIA/USDT blocked — R:R 0.35 below 1.2 (no room to next pool)
[gate] COIN/USDT blocked — R:R 0.32 below 1.2 (no room to next pool)
[gate] ORCL/USDT blocked — R:R 0.37 below 1.2 (no room to next pool)
[13:32:32] Scan #64 | 87/87 fed | 26 candidates | 0 shadow | 86 reused | 0 dispatched | 4.2s | floor=78.0
[corr] 2 correlated peers dropped in favour of the strongest in each group
[gate] TIA/USDT blocked — R:R 0.35 below 1.2 (no room to next pool)
[gate] COIN/USDT blocked — R:R 0.32 below 1.2 (no room to next pool)
[gate] ORCL/USDT blocked — R:R 0.37 below 1.2 (no room to next pool)
[13:32:49] Scan #65 | 87/87 fed | 26 candidates | 0 shadow | 86 reused | 0 dispatched | 2.0s | floor=78.0
[corr] 2 correlated peers dropped in favour of the strongest in each group
[gate] TIA/USDT blocked — R:R 0.45 below 1.2 (no room to next pool)
[13:33:19] Scan #66 | 87/87 fed | 26 candidates | 0 shadow | 86 reused | 0 dispatched | 14.7s | floor=78.0
[corr] 2 correlated peers dropped in favour of the strongest in each group
[gate] TIA/USDT blocked — R:R 0.45 below 1.2 (no room to next pool)
[13:34:01] Scan #67 | 87/87 fed | 26 candidates | 0 shadow | 86 reused | 0 dispatched | 27.1s | floor=78.0
[corr] 2 correlated peers dropped in favour of the strongest in each group
[gate] TIA/USDT blocked — R:R 0.48 below 1.2 (no room to next pool)
[gate] ORCL/USDT 78 held back — held threshold for only 1/3 consecutive scans
[13:34:27] Scan #68 | 87/87 fed | 26 candidates | 0 shadow | 86 reused | 0 dispatched | 11.6s | floor=78.0
[shadow] ORCL/USDT LONG -> TP1_HIT (+0.19%) NEWS_ALIGNED,TRADED_WITH_CROWD
[corr] 2 correlated peers dropped in favour of the strongest in each group
[gate] TIA/USDT blocked — R:R 0.48 below 1.2 (no room to next pool)
[gate] ORCL/USDT 78 held back — held threshold for only 2/3 consecutive scans
[13:34:44] Scan #69 | 87/87 fed | 26 candidates | 1 shadow | 86 reused | 0 dispatched | 1.7s | floor=78.0
[corr] 2 correlated peers dropped in favour of the strongest in each group
[gate] TIA/USDT blocked — R:R 0.48 below 1.2 (no room to next pool)
[gate] ORCL/USDT blocked — R:R 0.61 below 1.2 (no room to next pool)
[13:35:01] Scan #70 | 87/87 fed | 26 candidates | 0 shadow | 86 reused | 0 dispatched | 2.1s | floor=78.0
[corr] 2 correlated peers dropped in favour of the strongest in each group
[gate] TIA/USDT blocked — R:R 0.45 below 1.2 (no room to next pool)
[gate] ORCL/USDT blocked — R:R 0.60 below 1.2 (no room to next pool)
[13:35:28] Scan #71 | 87/87 fed | 26 candidates | 0 shadow | 86 reused | 0 dispatched | 12.1s | floor=78.0
[corr] 2 correlated peers dropped in favour of the strongest in each group
[gate] TIA/USDT blocked — R:R 0.45 below 1.2 (no room to next pool)
[gate] ORCL/USDT blocked — R:R 0.60 below 1.2 (no room to next pool)
[13:35:52] Scan #72 | 87/87 fed | 26 candidates | 0 shadow | 86 reused | 0 dispatched | 8.3s | floor=78.0
[corr] 2 correlated peers dropped in favour of the strongest in each group
[gate] TIA/USDT blocked — R:R 0.43 below 1.2 (no room to next pool)
[gate] ORCL/USDT blocked — R:R 0.38 below 1.2 (no room to next pool)
[13:36:16] Scan #73 | 87/87 fed | 26 candidates | 0 shadow | 86 reused | 0 dispatched | 9.3s | floor=78.0
[corr] 2 correlated peers dropped in favour of the strongest in each group
[gate] TIA/USDT blocked — R:R 0.43 below 1.2 (no room to next pool)
[gate] ORCL/USDT blocked — R:R 0.38 below 1.2 (no room to next pool)
[13:36:32] Scan #74 | 87/87 fed | 26 candidates | 0 shadow | 86 reused | 0 dispatched | 0.9s | floor=78.0
[news] settled 426 term observations
[corr] 2 correlated peers dropped in favour of the strongest in each group
[gate] TIA/USDT blocked — R:R 0.43 below 1.2 (no room to next pool)
[gate] ORCL/USDT blocked — R:R 0.38 below 1.2 (no room to next pool)
[13:36:49] Scan #75 | 87/87 fed | 26 candidates | 0 shadow | 86 reused | 0 dispatched | 1.8s | floor=78.0
[corr] 2 correlated peers dropped in favour of the strongest in each group
[gate] TIA/USDT blocked — R:R 0.40 below 1.2 (no room to next pool)
[gate] ORCL/USDT blocked — R:R 0.48 below 1.2 (no room to next pool)
[13:37:14] Scan #76 | 87/87 fed | 26 candidates | 0 shadow | 86 reused | 0 dispatched | 10.1s | floor=78.0
[corr] 2 correlated peers dropped in favour of the strongest in each group
[gate] TIA/USDT blocked — R:R 0.40 below 1.2 (no room to next pool)
[gate] ORCL/USDT blocked — R:R 0.48 below 1.2 (no room to next pool)
[13:37:30] Scan #77 | 87/87 fed | 26 candidates | 0 shadow | 86 reused | 0 dispatched | 0.9s | floor=78.0
[corr] 2 correlated peers dropped in favour of the strongest in each group
[gate] TIA/USDT blocked — R:R 0.40 below 1.2 (no room to next pool)
[gate] ORCL/USDT blocked — R:R 0.48 below 1.2 (no room to next pool)
[13:37:46] Scan #78 | 87/87 fed | 26 candidates | 0 shadow | 86 reused | 0 dispatched | 1.3s | floor=78.0
[corr] 2 correlated peers dropped in favour of the strongest in each group
[gate] TIA/USDT blocked — R:R 0.40 below 1.2 (no room to next pool)
[gate] ORCL/USDT blocked — R:R 0.48 below 1.2 (no room to next pool)
[13:38:09] Scan #79 | 87/87 fed | 27 candidates | 1 shadow | 86 reused | 0 dispatched | 8.3s | floor=78.0
[corr] 2 correlated peers dropped in favour of the strongest in each group
[gate] TIA/USDT blocked — R:R 0.80 below 1.2 (no room to next pool)
[13:38:27] Scan #80 | 87/87 fed | 27 candidates | 0 shadow | 86 reused | 0 dispatched | 3.3s | floor=78.0
[corr] 2 correlated peers dropped in favour of the strongest in each group
[gate] ORCL/USDT 79 held back — held threshold for only 1/3 consecutive scans
[gate] TIA/USDT blocked — R:R 0.80 below 1.2 (no room to next pool)
[13:39:07] Scan #81 | 87/87 fed | 26 candidates | 0 shadow | 86 reused | 0 dispatched | 24.7s | floor=78.0
[corr] 2 correlated peers dropped in favour of the strongest in each group
[gate] ORCL/USDT 80 held back — held threshold for only 2/3 consecutive scans
[gate] TIA/USDT blocked — R:R 0.75 below 1.2 (no room to next pool)
[13:39:30] Scan #82 | 87/87 fed | 26 candidates | 0 shadow | 86 reused | 0 dispatched | 7.9s | floor=78.0
[corr] 2 correlated peers dropped in favour of the strongest in each group
[gate] ORCL/USDT blocked — R:R 0.48 below 1.2 (no room to next pool)
[gate] TIA/USDT blocked — R:R 0.75 below 1.2 (no room to next pool)
[13:39:51] Scan #83 | 87/87 fed | 26 candidates | 0 shadow | 86 reused | 0 dispatched | 6.3s | floor=78.0
[corr] 2 correlated peers dropped in favour of the strongest in each group
[gate] TIA/USDT blocked — R:R 0.35 below 1.2 (no room to next pool)
[13:40:15] Scan #84 | 87/87 fed | 26 candidates | 0 shadow | 86 reused | 0 dispatched | 8.4s | floor=78.0
[corr] 2 correlated peers dropped in favour of the strongest in each group
[gate] TIA/USDT blocked — R:R 0.35 below 1.2 (no room to next pool)
[13:40:31] Scan #85 | 87/87 fed | 26 candidates | 0 shadow | 86 reused | 0 dispatched | 0.9s | floor=78.0
[corr] 2 correlated peers dropped in favour of the strongest in each group
[gate] TIA/USDT blocked — R:R 0.35 below 1.2 (no room to next pool)
[13:41:04] Scan #86 | 87/87 fed | 26 candidates | 0 shadow | 86 reused | 0 dispatched | 18.4s | floor=78.0
[corr] 2 correlated peers dropped in favour of the strongest in each group
[gate] TIA/USDT blocked — R:R 0.35 below 1.2 (no room to next pool)
[13:41:24] Scan #87 | 87/87 fed | 26 candidates | 0 shadow | 86 reused | 0 dispatched | 4.4s | floor=78.0
[corr] 2 correlated peers dropped in favour of the strongest in each group
[gate] TIA/USDT blocked — R:R 0.35 below 1.2 (no room to next pool)
[13:41:43] Scan #88 | 87/87 fed | 26 candidates | 0 shadow | 86 reused | 0 dispatched | 4.5s | floor=78.0
[corr] 2 correlated peers dropped in favour of the strongest in each group
[gate] TIA/USDT blocked — R:R 0.35 below 1.2 (no room to next pool)
[13:42:00] Scan #89 | 87/87 fed | 26 candidates | 0 shadow | 86 reused | 0 dispatched | 2.2s | floor=78.0
[corr] 2 correlated peers dropped in favour of the strongest in each group
[gate] TIA/USDT blocked — R:R 0.80 below 1.2 (no room to next pool)
[13:42:23] Scan #90 | 87/87 fed | 26 candidates | 0 shadow | 86 reused | 0 dispatched | 7.5s | floor=78.0
[shadow] COIN/USDT SHORT -> TP1_HIT (+0.22%) DERIV_ALIGNED,NEWS_ALIGNED
[corr] 2 correlated peers dropped in favour of the strongest in each group
[gate] TIA/USDT blocked — R:R 0.80 below 1.2 (no room to next pool)
[13:42:46] Scan #91 | 87/87 fed | 26 candidates | 1 shadow | 86 reused | 0 dispatched | 7.8s | floor=78.0
[corr] 2 correlated peers dropped in favour of the strongest in each group
[gate] TIA/USDT blocked — R:R 0.80 below 1.2 (no room to next pool)
[13:43:01] Scan #92 | 87/87 fed | 26 candidates | 0 shadow | 86 reused | 0 dispatched | 0.9s | floor=78.0
[corr] 2 correlated peers dropped in favour of the strongest in each group
[gate] TIA/USDT blocked — R:R 0.80 below 1.2 (no room to next pool)
[13:43:29] Scan #93 | 87/87 fed | 26 candidates | 0 shadow | 86 reused | 0 dispatched | 12.6s | floor=78.0
[corr] 2 correlated peers dropped in favour of the strongest in each group
[gate] TIA/USDT blocked — R:R 0.80 below 1.2 (no room to next pool)
[13:44:13] Scan #94 | 87/87 fed | 26 candidates | 0 shadow | 86 reused | 0 dispatched | 29.2s | floor=78.0
[corr] 2 correlated peers dropped in favour of the strongest in each group
[gate] TIA/USDT blocked — R:R 0.80 below 1.2 (no room to next pool)
[13:44:40] Scan #95 | 87/87 fed | 26 candidates | 0 shadow | 86 reused | 0 dispatched | 11.8s | floor=78.0
[corr] 2 correlated peers dropped in favour of the strongest in each group
[gate] TIA/USDT blocked — R:R 0.80 below 1.2 (no room to next pool)
[13:44:58] Scan #96 | 87/87 fed | 25 candidates | 0 shadow | 86 reused | 0 dispatched | 3.5s | floor=78.0
[corr] 3 correlated peers dropped in favour of the strongest in each group
[gate] TSLA/USDT 86 held back — only 1/3 confirming scans so far
[gate] JUP/USDT 84 held back — held threshold for only 1/3 consecutive scans
[gate] TIA/USDT blocked — R:R 0.73 below 1.2 (no room to next pool)
[gate] COPPER/USDT 82 held back — only 1/3 confirming scans so far
[gate] FET/USDT 81 held back — held threshold for only 1/3 consecutive scans
[gate] LINK/USDT 79 held back — held threshold for only 1/3 consecutive scans
[gate] AVAX/USDT 78 held back — only 1/3 confirming scans so far
[gate] INTC/USDT 78 held back — held threshold for only 1/3 consecutive scans
[gate] PENDLE/USDT 78 held back — held threshold for only 1/3 consecutive scans
[13:45:51] Scan #97 | 87/87 fed | 27 candidates | 7 shadow | 0 reused | 0 dispatched | 37.7s | floor=78.0
[corr] 3 correlated peers dropped in favour of the strongest in each group
[gate] TSLA/USDT 86 held back — only 2/3 confirming scans so far
[gate] JUP/USDT 84 held back — held threshold for only 2/3 consecutive scans
[gate] COPPER/USDT 82 held back — only 2/3 confirming scans so far
[gate] FET/USDT 82 held back — held threshold for only 2/3 consecutive scans
[gate] TIA/USDT blocked — R:R 0.78 below 1.2 (no room to next pool)
[gate] LINK/USDT 79 held back — held threshold for only 2/3 consecutive scans
[gate] AVAX/USDT 78 held back — only 2/3 confirming scans so far
[13:46:15] Scan #98 | 87/87 fed | 27 candidates | 0 shadow | 86 reused | 0 dispatched | 8.9s | floor=78.0
[corr] 3 correlated peers dropped in favour of the strongest in each group
[gate] TSLA/USDT blocked — R:R 0.35 below 1.2 (no room to next pool)
[gate] JUP/USDT blocked — R:R 0.98 below 1.2 (no room to next pool)
[gate] COPPER/USDT blocked — R:R 1.01 below 1.2 (no room to next pool)
[gate] FET/USDT blocked — R:R 0.56 below 1.2 (no room to next pool)
[gate] TIA/USDT blocked — R:R 0.78 below 1.2 (no room to next pool)
[gate] LINK/USDT blocked — R:R 1.00 below 1.2 (no room to next pool)
[gate] AVAX/USDT blocked — R:R 0.44 below 1.2 (no room to next pool)
[13:46:36] Scan #99 | 87/87 fed | 27 candidates | 0 shadow | 86 reused | 0 dispatched | 6.4s | floor=78.0
[corr] 3 correlated peers dropped in favour of the strongest in each group
[gate] TSLA/USDT blocked — R:R 0.35 below 1.2 (no room to next pool)
[gate] JUP/USDT blocked — R:R 0.98 below 1.2 (no room to next pool)
[gate] COPPER/USDT blocked — R:R 1.01 below 1.2 (no room to next pool)
[gate] FET/USDT blocked — R:R 0.56 below 1.2 (no room to next pool)
[gate] TIA/USDT blocked — R:R 0.78 below 1.2 (no room to next pool)
[gate] LINK/USDT blocked — R:R 1.00 below 1.2 (no room to next pool)
[gate] AVAX/USDT blocked — R:R 0.44 below 1.2 (no room to next pool)
[13:46:53] Scan #100 | 87/87 fed | 27 candidates | 0 shadow | 86 reused | 0 dispatched | 1.4s | floor=78.0
[corr] 3 correlated peers dropped in favour of the strongest in each group
[gate] TSLA/USDT blocked — R:R 0.42 below 1.2 (no room to next pool)
[gate] JUP/USDT blocked — R:R 0.98 below 1.2 (no room to next pool)
[gate] COPPER/USDT blocked — R:R 1.01 below 1.2 (no room to next pool)
[gate] FET/USDT blocked — R:R 0.56 below 1.2 (no room to next pool)
[gate] TIA/USDT blocked — R:R 0.76 below 1.2 (no room to next pool)
[gate] LINK/USDT blocked — R:R 1.00 below 1.2 (no room to next pool)
[gate] AVAX/USDT blocked — R:R 0.42 below 1.2 (no room to next pool)
[13:47:14] Scan #101 | 87/87 fed | 27 candidates | 0 shadow | 86 reused | 0 dispatched | 6.0s | floor=78.0
[corr] 3 correlated peers dropped in favour of the strongest in each group
[gate] TSLA/USDT blocked — R:R 0.42 below 1.2 (no room to next pool)
[gate] JUP/USDT blocked — R:R 0.98 below 1.2 (no room to next pool)
[gate] COPPER/USDT blocked — R:R 1.01 below 1.2 (no room to next pool)
[gate] FET/USDT blocked — R:R 0.56 below 1.2 (no room to next pool)
[gate] TIA/USDT blocked — R:R 0.76 below 1.2 (no room to next pool)
[gate] LINK/USDT blocked — R:R 1.00 below 1.2 (no room to next pool)
[gate] AVAX/USDT blocked — R:R 0.42 below 1.2 (no room to next pool)
[13:47:35] Scan #102 | 87/87 fed | 27 candidates | 0 shadow | 86 reused | 0 dispatched | 6.0s | floor=78.0
[corr] 3 correlated peers dropped in favour of the strongest in each group
[gate] TSLA/USDT blocked — R:R 0.42 below 1.2 (no room to next pool)
[gate] JUP/USDT blocked — R:R 0.98 below 1.2 (no room to next pool)
[gate] COPPER/USDT blocked — R:R 1.01 below 1.2 (no room to next pool)
[gate] FET/USDT blocked — R:R 0.56 below 1.2 (no room to next pool)
[gate] TIA/USDT blocked — R:R 0.76 below 1.2 (no room to next pool)
[gate] LINK/USDT blocked — R:R 1.00 below 1.2 (no room to next pool)
[gate] AVAX/USDT blocked — R:R 0.42 below 1.2 (no room to next pool)
[13:47:51] Scan #103 | 87/87 fed | 27 candidates | 0 shadow | 86 reused | 0 dispatched | 1.0s | floor=78.0
[corr] 3 correlated peers dropped in favour of the strongest in each group
[gate] COPPER/USDT blocked — R:R 0.33 below 1.2 (no room to next pool)
[gate] TSLA/USDT blocked — R:R 0.36 below 1.2 (no room to next pool)
[gate] JUP/USDT blocked — R:R 0.97 below 1.2 (no room to next pool)
[gate] FET/USDT blocked — R:R 0.56 below 1.2 (no room to next pool)
[gate] TIA/USDT blocked — R:R 0.76 below 1.2 (no room to next pool)
[gate] LINK/USDT blocked — R:R 1.00 below 1.2 (no room to next pool)
[gate] AVAX/USDT blocked — R:R 0.38 below 1.2 (no room to next pool)
[gate] PENDLE/USDT 78 held back — held threshold for only 1/3 consecutive scans
[13:48:11] Scan #104 | 87/87 fed | 27 candidates | 0 shadow | 86 reused | 0 dispatched | 5.5s | floor=78.0
[corr] 3 correlated peers dropped in favour of the strongest in each group
[gate] COPPER/USDT blocked — R:R 0.33 below 1.2 (no room to next pool)
[gate] TSLA/USDT blocked — R:R 0.36 below 1.2 (no room to next pool)
[gate] JUP/USDT blocked — R:R 0.97 below 1.2 (no room to next pool)
[gate] FET/USDT blocked — R:R 0.56 below 1.2 (no room to next pool)
[gate] TIA/USDT blocked — R:R 0.76 below 1.2 (no room to next pool)
[gate] LINK/USDT blocked — R:R 1.00 below 1.2 (no room to next pool)
[gate] AVAX/USDT blocked — R:R 0.38 below 1.2 (no room to next pool)
[gate] PENDLE/USDT 78 held back — held threshold for only 2/3 consecutive scans
[13:48:34] Scan #105 | 87/87 fed | 27 candidates | 0 shadow | 86 reused | 0 dispatched | 7.2s | floor=78.0
[corr] 3 correlated peers dropped in favour of the strongest in each group
[gate] COPPER/USDT blocked — R:R 0.33 below 1.2 (no room to next pool)
[gate] TSLA/USDT blocked — R:R 0.36 below 1.2 (no room to next pool)
[gate] JUP/USDT blocked — R:R 0.97 below 1.2 (no room to next pool)
[gate] FET/USDT blocked — R:R 0.56 below 1.2 (no room to next pool)
[gate] TIA/USDT blocked — R:R 0.76 below 1.2 (no room to next pool)
[gate] LINK/USDT blocked — R:R 1.00 below 1.2 (no room to next pool)
[gate] AVAX/USDT blocked — R:R 0.38 below 1.2 (no room to next pool)
[gate] XLE/USDT 79 held back — held threshold for only 1/3 consecutive scans
[gate] PENDLE/USDT blocked — R:R 0.41 below 1.2 (no room to next pool)
[13:48:56] Scan #106 | 87/87 fed | 27 candidates | 0 shadow | 86 reused | 0 dispatched | 7.1s | floor=78.0
[corr] 3 correlated peers dropped in favour of the strongest in each group
[gate] COPPER/USDT blocked — R:R 0.36 below 1.2 (no room to next pool)
[gate] TSLA/USDT blocked — R:R 0.53 below 1.2 (no room to next pool)
[gate] TIA/USDT blocked — R:R 0.69 below 1.2 (no room to next pool)
[gate] FET/USDT blocked — R:R 0.46 below 1.2 (no room to next pool)
[gate] JUP/USDT blocked — R:R 0.97 below 1.2 (no room to next pool)
[gate] LINK/USDT blocked — R:R 1.00 below 1.2 (no room to next pool)
[gate] AMD/USDT 79 held back — held threshold for only 1/3 consecutive scans
[gate] XLE/USDT 79 held back — held threshold for only 2/3 consecutive scans
[gate] COIN/USDT 79 held back — held threshold for only 1/3 consecutive scans
[gate] AVAX/USDT blocked — R:R 0.44 below 1.2 (no room to next pool)
[gate] PENDLE/USDT blocked — R:R 0.41 below 1.2 (no room to next pool)
[13:49:29] Scan #107 | 87/87 fed | 27 candidates | 0 shadow | 86 reused | 0 dispatched | 17.9s | floor=78.0
[corr] 3 correlated peers dropped in favour of the strongest in each group
[gate] COPPER/USDT blocked — R:R 0.36 below 1.2 (no room to next pool)
[gate] TSLA/USDT blocked — R:R 0.53 below 1.2 (no room to next pool)
[gate] TIA/USDT blocked — R:R 0.69 below 1.2 (no room to next pool)
[gate] FET/USDT blocked — R:R 0.46 below 1.2 (no room to next pool)
[gate] JUP/USDT blocked — R:R 0.97 below 1.2 (no room to next pool)
[gate] LINK/USDT blocked — R:R 1.00 below 1.2 (no room to next pool)
[gate] AMD/USDT 79 held back — held threshold for only 2/3 consecutive scans
[gate] XLE/USDT blocked — Event move still unresolved — peak is too recent — no structure yet
[gate] COIN/USDT 79 held back — held threshold for only 2/3 consecutive scans
[gate] AVAX/USDT blocked — R:R 0.44 below 1.2 (no room to next pool)
[gate] PENDLE/USDT blocked — R:R 0.41 below 1.2 (no room to next pool)
[13:49:44] Scan #108 | 87/87 fed | 27 candidates | 0 shadow | 86 reused | 0 dispatched | 0.9s | floor=78.0
[corr] 3 correlated peers dropped in favour of the strongest in each group
[gate] COPPER/USDT blocked — R:R 0.36 below 1.2 (no room to next pool)
[gate] TSLA/USDT blocked — R:R 0.53 below 1.2 (no room to next pool)
[gate] TIA/USDT blocked — R:R 0.69 below 1.2 (no room to next pool)
[gate] FET/USDT blocked — R:R 0.46 below 1.2 (no room to next pool)
[gate] JUP/USDT blocked — R:R 0.97 below 1.2 (no room to next pool)
[gate] LINK/USDT blocked — R:R 1.00 below 1.2 (no room to next pool)
[gate] AMD/USDT blocked — R:R 0.35 below 1.2 (no room to next pool)
[gate] XLE/USDT blocked — Event move still unresolved — peak is too recent — no structure yet
[gate] COIN/USDT blocked — R:R 0.61 below 1.2 (no room to next pool)
[gate] AVAX/USDT blocked — R:R 0.44 below 1.2 (no room to next pool)
[gate] PENDLE/USDT blocked — R:R 0.41 below 1.2 (no room to next pool)
[13:50:00] Scan #109 | 87/87 fed | 27 candidates | 0 shadow | 86 reused | 0 dispatched | 0.9s | floor=78.0
[corr] 3 correlated peers dropped in favour of the strongest in each group
[gate] COPPER/USDT blocked — R:R 0.33 below 1.2 (no room to next pool)
[gate] TSLA/USDT blocked — R:R 0.50 below 1.2 (no room to next pool)
[gate] FET/USDT blocked — R:R 0.46 below 1.2 (no room to next pool)
[gate] TIA/USDT blocked — R:R 0.71 below 1.2 (no room to next pool)
[gate] JUP/USDT blocked — R:R 0.97 below 1.2 (no room to next pool)
[gate] LINK/USDT blocked — R:R 1.00 below 1.2 (no room to next pool)
[gate] AVAX/USDT blocked — R:R 0.38 below 1.2 (no room to next pool)
[gate] XLE/USDT blocked — Event move still unresolved — peak is too recent — no structure yet
[gate] AMD/USDT blocked — R:R 0.45 below 1.2 (no room to next pool)
[13:50:28] Scan #110 | 87/87 fed | 27 candidates | 0 shadow | 86 reused | 0 dispatched | 12.8s | floor=78.0
[corr] 3 correlated peers dropped in favour of the strongest in each group
[gate] COPPER/USDT blocked — R:R 0.33 below 1.2 (no room to next pool)
[gate] TSLA/USDT blocked — R:R 0.50 below 1.2 (no room to next pool)
[gate] FET/USDT blocked — R:R 0.46 below 1.2 (no room to next pool)
[gate] TIA/USDT blocked — R:R 0.71 below 1.2 (no room to next pool)
[gate] JUP/USDT blocked — R:R 0.97 below 1.2 (no room to next pool)
[gate] AVAX/USDT blocked — R:R 0.38 below 1.2 (no room to next pool)
[gate] LINK/USDT blocked — R:R 1.00 below 1.2 (no room to next pool)
[gate] XLE/USDT blocked — Event move still unresolved — peak is too recent — no structure yet
[gate] AMD/USDT blocked — R:R 0.45 below 1.2 (no room to next pool)
[13:50:57] Scan #111 | 87/87 fed | 27 candidates | 0 shadow | 86 reused | 0 dispatched | 13.6s | floor=78.0
[corr] 3 correlated peers dropped in favour of the strongest in each group
[gate] TSLA/USDT blocked — R:R 0.33 below 1.2 (no room to next pool)
[gate] COPPER/USDT blocked — R:R 0.39 below 1.2 (no room to next pool)
[gate] FET/USDT blocked — R:R 0.56 below 1.2 (no room to next pool)
[gate] JUP/USDT blocked — R:R 0.97 below 1.2 (no room to next pool)
[gate] AVAX/USDT blocked — R:R 0.38 below 1.2 (no room to next pool)
[gate] TIA/USDT blocked — R:R 0.76 below 1.2 (no room to next pool)
[gate] LINK/USDT blocked — R:R 1.00 below 1.2 (no room to next pool)
[gate] XLE/USDT blocked — Event move still unresolved — peak is too recent — no structure yet
[gate] COIN/USDT 78 held back — held threshold for only 1/3 consecutive scans
[gate] AMD/USDT blocked — R:R 0.44 below 1.2 (no room to next pool)
[13:51:29] Scan #112 | 87/87 fed | 27 candidates | 0 shadow | 86 reused | 0 dispatched | 16.6s | floor=78.0
[corr] 3 correlated peers dropped in favour of the strongest in each group
[gate] TSLA/USDT blocked — R:R 0.33 below 1.2 (no room to next pool)
[gate] COPPER/USDT blocked — R:R 0.39 below 1.2 (no room to next pool)
[gate] FET/USDT blocked — R:R 0.56 below 1.2 (no room to next pool)
[gate] JUP/USDT blocked — R:R 0.97 below 1.2 (no room to next pool)
[gate] AVAX/USDT blocked — R:R 0.38 below 1.2 (no room to next pool)
[gate] TIA/USDT blocked — R:R 0.76 below 1.2 (no room to next pool)
[gate] LINK/USDT blocked — R:R 1.00 below 1.2 (no room to next pool)
[gate] XLE/USDT blocked — Event move still unresolved — peak is too recent — no structure yet
[gate] COIN/USDT 78 held back — held threshold for only 2/3 consecutive scans
[gate] AMD/USDT blocked — R:R 0.44 below 1.2 (no room to next pool)
[13:51:44] Scan #113 | 87/87 fed | 27 candidates | 0 shadow | 86 reused | 0 dispatched | 0.9s | floor=78.0
[corr] 3 correlated peers dropped in favour of the strongest in each group
[gate] TSLA/USDT blocked — R:R 0.33 below 1.2 (no room to next pool)
[gate] COPPER/USDT blocked — R:R 0.39 below 1.2 (no room to next pool)
[gate] FET/USDT blocked — R:R 0.56 below 1.2 (no room to next pool)
[gate] JUP/USDT blocked — R:R 0.97 below 1.2 (no room to next pool)
[gate] AVAX/USDT blocked — R:R 0.38 below 1.2 (no room to next pool)
[gate] TIA/USDT blocked — R:R 0.76 below 1.2 (no room to next pool)
[gate] LINK/USDT blocked — R:R 1.00 below 1.2 (no room to next pool)
[gate] XLE/USDT blocked — Event move still unresolved — peak is too recent — no structure yet
[gate] COIN/USDT blocked — R:R 0.65 below 1.2 (no room to next pool)
[gate] AMD/USDT blocked — R:R 0.44 below 1.2 (no room to next pool)
[13:52:00] Scan #114 | 87/87 fed | 27 candidates | 0 shadow | 86 reused | 0 dispatched | 0.9s | floor=78.0
[corr] 3 correlated peers dropped in favour of the strongest in each group
[gate] COPPER/USDT blocked — R:R 0.33 below 1.2 (no room to next pool)
[gate] FET/USDT blocked — R:R 0.56 below 1.2 (no room to next pool)
[gate] JUP/USDT blocked — R:R 0.98 below 1.2 (no room to next pool)
[gate] AVAX/USDT blocked — R:R 0.40 below 1.2 (no room to next pool)
[gate] TSLA/USDT blocked — R:R 1.00 below 1.2 (no room to next pool)
[gate] LINK/USDT blocked — R:R 1.00 below 1.2 (no room to next pool)
[gate] TIA/USDT blocked — R:R 0.81 below 1.2 (no room to next pool)
[gate] AMD/USDT blocked — R:R 0.46 below 1.2 (no room to next pool)
[13:52:25] Scan #115 | 87/87 fed | 27 candidates | 0 shadow | 86 reused | 0 dispatched | 9.8s | floor=78.0
[corr] 3 correlated peers dropped in favour of the strongest in each group
[gate] COPPER/USDT blocked — R:R 0.33 below 1.2 (no room to next pool)
[gate] FET/USDT blocked — R:R 0.56 below 1.2 (no room to next pool)
[gate] JUP/USDT blocked — R:R 0.98 below 1.2 (no room to next pool)
[gate] AVAX/USDT blocked — R:R 0.40 below 1.2 (no room to next pool)
[gate] TSLA/USDT blocked — R:R 1.00 below 1.2 (no room to next pool)
[gate] LINK/USDT blocked — R:R 1.00 below 1.2 (no room to next pool)
[gate] TIA/USDT blocked — R:R 0.81 below 1.2 (no room to next pool)
[gate] AMD/USDT blocked — R:R 0.46 below 1.2 (no room to next pool)
[13:52:41] Scan #116 | 87/87 fed | 27 candidates | 0 shadow | 86 reused | 0 dispatched | 1.0s | floor=78.0
[corr] 3 correlated peers dropped in favour of the strongest in each group
[gate] COPPER/USDT blocked — R:R 0.33 below 1.2 (no room to next pool)
[gate] FET/USDT blocked — R:R 0.56 below 1.2 (no room to next pool)
[gate] JUP/USDT blocked — R:R 0.98 below 1.2 (no room to next pool)
[gate] AVAX/USDT blocked — R:R 0.40 below 1.2 (no room to next pool)
[gate] TSLA/USDT 80 held back — score decaying (-1.6/scan) — setup is fading, not forming
[gate] LINK/USDT blocked — R:R 1.00 below 1.2 (no room to next pool)
[gate] TIA/USDT blocked — R:R 0.81 below 1.2 (no room to next pool)
[gate] AMD/USDT blocked — R:R 0.46 below 1.2 (no room to next pool)
[13:52:58] Scan #117 | 87/87 fed | 27 candidates | 0 shadow | 86 reused | 0 dispatched | 1.4s | floor=78.0
[corr] 3 correlated peers dropped in favour of the strongest in each group
[gate] COPPER/USDT blocked — R:R 0.39 below 1.2 (no room to next pool)
[gate] TSLA/USDT blocked — R:R 0.38 below 1.2 (no room to next pool)
[gate] TIA/USDT blocked — R:R 0.33 below 1.2 (no room to next pool)
[gate] FET/USDT blocked — R:R 0.68 below 1.2 (no room to next pool)
[gate] JUP/USDT blocked — R:R 0.98 below 1.2 (no room to next pool)
[gate] AVAX/USDT blocked — R:R 0.42 below 1.2 (no room to next pool)
[gate] LINK/USDT blocked — R:R 1.00 below 1.2 (no room to next pool)
[gate] AMD/USDT blocked — R:R 0.48 below 1.2 (no room to next pool)
[13:53:25] Scan #118 | 87/87 fed | 27 candidates | 0 shadow | 86 reused | 0 dispatched | 12.1s | floor=78.0
[corr] 3 correlated peers dropped in favour of the strongest in each group
[gate] COPPER/USDT blocked — R:R 0.39 below 1.2 (no room to next pool)
[gate] TSLA/USDT blocked — R:R 0.38 below 1.2 (no room to next pool)
[gate] TIA/USDT blocked — R:R 0.33 below 1.2 (no room to next pool)
[gate] FET/USDT blocked — R:R 0.68 below 1.2 (no room to next pool)
[gate] AVAX/USDT blocked — R:R 0.42 below 1.2 (no room to next pool)
[gate] LINK/USDT blocked — R:R 1.00 below 1.2 (no room to next pool)
[gate] JUP/USDT blocked — R:R 0.98 below 1.2 (no room to next pool)
[gate] AMD/USDT blocked — R:R 0.48 below 1.2 (no room to next pool)
[13:53:44] Scan #119 | 87/87 fed | 27 candidates | 0 shadow | 86 reused | 0 dispatched | 3.9s | floor=78.0
[corr] 3 correlated peers dropped in favour of the strongest in each group
[gate] COPPER/USDT blocked — R:R 0.39 below 1.2 (no room to next pool)
[gate] TSLA/USDT blocked — R:R 0.38 below 1.2 (no room to next pool)
[gate] TIA/USDT blocked — R:R 0.33 below 1.2 (no room to next pool)
[gate] FET/USDT blocked — R:R 0.68 below 1.2 (no room to next pool)
[gate] AVAX/USDT blocked — R:R 0.42 below 1.2 (no room to next pool)
[gate] LINK/USDT blocked — R:R 1.00 below 1.2 (no room to next pool)
[gate] JUP/USDT blocked — R:R 0.98 below 1.2 (no room to next pool)
[gate] AMD/USDT blocked — R:R 0.48 below 1.2 (no room to next pool)
[13:54:13] Scan #120 | 87/87 fed | 27 candidates | 0 shadow | 86 reused | 0 dispatched | 14.0s | floor=78.0
[corr] 3 correlated peers dropped in favour of the strongest in each group
[gate] COPPER/USDT blocked — R:R 0.33 below 1.2 (no room to next pool)
[gate] TSLA/USDT blocked — R:R 0.48 below 1.2 (no room to next pool)
[gate] FET/USDT blocked — R:R 0.56 below 1.2 (no room to next pool)
[gate] AVAX/USDT blocked — R:R 0.44 below 1.2 (no room to next pool)
[gate] LINK/USDT blocked — R:R 1.00 below 1.2 (no room to next pool)
[gate] TIA/USDT blocked — R:R 0.81 below 1.2 (no room to next pool)
[gate] JUP/USDT blocked — R:R 0.98 below 1.2 (no room to next pool)
[13:54:39] Scan #121 | 87/87 fed | 27 candidates | 0 shadow | 86 reused | 0 dispatched | 11.5s | floor=78.0
[corr] 3 correlated peers dropped in favour of the strongest in each group
[gate] COPPER/USDT blocked — R:R 0.33 below 1.2 (no room to next pool)
[gate] TSLA/USDT blocked — R:R 0.48 below 1.2 (no room to next pool)
[gate] FET/USDT blocked — R:R 0.56 below 1.2 (no room to next pool)
[gate] AVAX/USDT blocked — R:R 0.44 below 1.2 (no room to next pool)
[gate] LINK/USDT blocked — R:R 1.00 below 1.2 (no room to next pool)
[gate] TIA/USDT blocked — R:R 0.81 below 1.2 (no room to next pool)
[gate] JUP/USDT blocked — R:R 0.98 below 1.2 (no room to next pool)
[13:55:00] Scan #122 | 87/87 fed | 27 candidates | 0 shadow | 86 reused | 0 dispatched | 5.6s | floor=78.0
[corr] 3 correlated peers dropped in favour of the strongest in each group
[gate] TSLA/USDT blocked — R:R 0.46 below 1.2 (no room to next pool)
[gate] FET/USDT blocked — R:R 0.68 below 1.2 (no room to next pool)
[gate] AVAX/USDT blocked — R:R 0.44 below 1.2 (no room to next pool)
[gate] COPPER/USDT blocked — R:R 1.01 below 1.2 (no room to next pool)
[gate] LINK/USDT blocked — R:R 1.00 below 1.2 (no room to next pool)
[gate] TIA/USDT blocked — R:R 0.81 below 1.2 (no room to next pool)
[gate] JUP/USDT blocked — R:R 0.98 below 1.2 (no room to next pool)
[13:55:24] Scan #123 | 87/87 fed | 27 candidates | 0 shadow | 86 reused | 0 dispatched | 9.1s | floor=78.0
[corr] 3 correlated peers dropped in favour of the strongest in each group
[gate] FET/USDT blocked — R:R 0.68 below 1.2 (no room to next pool)
[gate] AVAX/USDT blocked — R:R 0.44 below 1.2 (no room to next pool)
[gate] COPPER/USDT blocked — R:R 1.01 below 1.2 (no room to next pool)
[gate] LINK/USDT blocked — R:R 1.00 below 1.2 (no room to next pool)
[gate] TIA/USDT blocked — R:R 0.81 below 1.2 (no room to next pool)
[gate] TSLA/USDT blocked — R:R 0.46 below 1.2 (no room to next pool)
[gate] JUP/USDT blocked — R:R 0.98 below 1.2 (no room to next pool)
[13:55:54] Scan #124 | 87/87 fed | 27 candidates | 0 shadow | 86 reused | 0 dispatched | 14.8s | floor=78.0
[corr] 3 correlated peers dropped in favour of the strongest in each group
[gate] COIN/USDT 82 held back — held threshold for only 1/3 consecutive scans
[gate] FET/USDT blocked — R:R 0.68 below 1.2 (no room to next pool)
[gate] AVAX/USDT blocked — R:R 0.46 below 1.2 (no room to next pool)
[gate] COPPER/USDT blocked — R:R 1.01 below 1.2 (no room to next pool)
[gate] AMD/USDT 80 held back — held threshold for only 1/3 consecutive scans
[gate] LINK/USDT blocked — R:R 1.00 below 1.2 (no room to next pool)
[gate] TIA/USDT blocked — R:R 0.85 below 1.2 (no room to next pool)
[gate] JUP/USDT blocked — R:R 0.98 below 1.2 (no room to next pool)
[gate] TSLA/USDT blocked — R:R 0.55 below 1.2 (no room to next pool)
[✓] Digest sent (1h cadence, 13:56 IST)
[13:56:28] Scan #125 | 87/87 fed | 27 candidates | 0 shadow | 86 reused | 0 dispatched | 19.1s | floor=78.0
[corr] 3 correlated peers dropped in favour of the strongest in each group
[gate] COIN/USDT 82 held back — held threshold for only 2/3 consecutive scans
[gate] FET/USDT blocked — R:R 0.68 below 1.2 (no room to next pool)
[gate] AVAX/USDT blocked — R:R 0.46 below 1.2 (no room to next pool)
[gate] COPPER/USDT blocked — R:R 1.01 below 1.2 (no room to next pool)
[gate] AMD/USDT 80 held back — held threshold for only 2/3 consecutive scans
[gate] LINK/USDT blocked — R:R 1.00 below 1.2 (no room to next pool)
[gate] TIA/USDT blocked — R:R 0.85 below 1.2 (no room to next pool)
[gate] JUP/USDT blocked — R:R 0.98 below 1.2 (no room to next pool)
[gate] TSLA/USDT blocked — R:R 0.55 below 1.2 (no room to next pool)
[13:56:51] Scan #126 | 87/87 fed | 27 candidates | 0 shadow | 86 reused | 0 dispatched | 8.5s | floor=78.0
[corr] 3 correlated peers dropped in favour of the strongest in each group
[gate] TIA/USDT blocked — R:R 0.36 below 1.2 (no room to next pool)
[gate] FET/USDT blocked — R:R 0.46 below 1.2 (no room to next pool)
[gate] AVAX/USDT blocked — R:R 0.42 below 1.2 (no room to next pool)
[gate] COIN/USDT blocked — R:R 0.35 below 1.2 (no room to next pool)
[gate] LINK/USDT blocked — R:R 1.00 below 1.2 (no room to next pool)
[gate] COPPER/USDT blocked — R:R 1.01 below 1.2 (no room to next pool)
[gate] AMD/USDT blocked — R:R 0.37 below 1.2 (no room to next pool)
[gate] JUP/USDT blocked — R:R 0.98 below 1.2 (no room to next pool)
[gate] TSLA/USDT blocked — R:R 0.57 below 1.2 (no room to next pool)
[13:57:12] Scan #127 | 87/87 fed | 27 candidates | 0 shadow | 86 reused | 0 dispatched | 6.2s | floor=78.0
[corr] 3 correlated peers dropped in favour of the strongest in each group
[gate] TIA/USDT blocked — R:R 0.36 below 1.2 (no room to next pool)
[gate] FET/USDT blocked — R:R 0.46 below 1.2 (no room to next pool)
[gate] AVAX/USDT blocked — R:R 0.42 below 1.2 (no room to next pool)
[gate] COIN/USDT blocked — R:R 0.35 below 1.2 (no room to next pool)
[gate] LINK/USDT blocked — R:R 1.00 below 1.2 (no room to next pool)
[gate] COPPER/USDT blocked — R:R 1.01 below 1.2 (no room to next pool)
[gate] AMD/USDT blocked — R:R 0.37 below 1.2 (no room to next pool)
[gate] JUP/USDT blocked — R:R 0.98 below 1.2 (no room to next pool)
[gate] TSLA/USDT blocked — R:R 0.57 below 1.2 (no room to next pool)
[13:57:29] Scan #128 | 87/87 fed | 27 candidates | 0 shadow | 86 reused | 0 dispatched | 1.8s | floor=78.0
[corr] 3 correlated peers dropped in favour of the strongest in each group
[gate] TIA/USDT blocked — R:R 0.36 below 1.2 (no room to next pool)
[gate] FET/USDT blocked — R:R 0.46 below 1.2 (no room to next pool)
[gate] AVAX/USDT blocked — R:R 0.42 below 1.2 (no room to next pool)
[gate] COIN/USDT blocked — R:R 0.35 below 1.2 (no room to next pool)
[gate] LINK/USDT blocked — R:R 1.00 below 1.2 (no room to next pool)
[gate] COPPER/USDT blocked — R:R 1.01 below 1.2 (no room to next pool)
[gate] AMD/USDT blocked — R:R 0.37 below 1.2 (no room to next pool)
[gate] JUP/USDT blocked — R:R 0.98 below 1.2 (no room to next pool)
[gate] TSLA/USDT blocked — R:R 0.57 below 1.2 (no room to next pool)
[13:57:49] Scan #129 | 87/87 fed | 27 candidates | 0 shadow | 86 reused | 0 dispatched | 4.7s | floor=78.0
[corr] 3 correlated peers dropped in favour of the strongest in each group
[gate] TIA/USDT blocked — R:R 0.43 below 1.2 (no room to next pool)
[gate] FET/USDT blocked — R:R 0.68 below 1.2 (no room to next pool)
[gate] COIN/USDT blocked — R:R 0.50 below 1.2 (no room to next pool)
[gate] AVAX/USDT blocked — R:R 0.52 below 1.2 (no room to next pool)
[gate] COPPER/USDT blocked — R:R 1.01 below 1.2 (no room to next pool)
[gate] AMD/USDT blocked — R:R 0.35 below 1.2 (no room to next pool)
[gate] JUP/USDT blocked — R:R 0.97 below 1.2 (no room to next pool)
[gate] LINK/USDT blocked — R:R 1.00 below 1.2 (no room to next pool)
[13:58:11] Scan #130 | 87/87 fed | 27 candidates | 0 shadow | 86 reused | 0 dispatched | 6.8s | floor=78.0
[corr] 3 correlated peers dropped in favour of the strongest in each group
[gate] TIA/USDT blocked — R:R 0.43 below 1.2 (no room to next pool)
[gate] FET/USDT blocked — R:R 0.68 below 1.2 (no room to next pool)
[gate] COIN/USDT blocked — R:R 0.50 below 1.2 (no room to next pool)
[gate] AVAX/USDT blocked — R:R 0.52 below 1.2 (no room to next pool)
[gate] COPPER/USDT blocked — R:R 1.01 below 1.2 (no room to next pool)
[gate] AMD/USDT blocked — R:R 0.35 below 1.2 (no room to next pool)
[gate] JUP/USDT blocked — R:R 0.97 below 1.2 (no room to next pool)
[gate] LINK/USDT blocked — R:R 1.00 below 1.2 (no room to next pool)
[13:58:27] Scan #131 | 87/87 fed | 27 candidates | 0 shadow | 86 reused | 0 dispatched | 1.4s | floor=78.0
[corr] 3 correlated peers dropped in favour of the strongest in each group
[gate] TIA/USDT blocked — R:R 0.43 below 1.2 (no room to next pool)
[gate] FET/USDT blocked — R:R 0.68 below 1.2 (no room to next pool)
[gate] COIN/USDT blocked — R:R 0.50 below 1.2 (no room to next pool)
[gate] AVAX/USDT blocked — R:R 0.52 below 1.2 (no room to next pool)
[gate] COPPER/USDT blocked — R:R 1.01 below 1.2 (no room to next pool)
[gate] AMD/USDT blocked — R:R 0.35 below 1.2 (no room to next pool)
[gate] JUP/USDT blocked — R:R 0.97 below 1.2 (no room to next pool)
[gate] LINK/USDT blocked — R:R 1.00 below 1.2 (no room to next pool)
[13:58:47] Scan #132 | 87/87 fed | 27 candidates | 0 shadow | 86 reused | 0 dispatched | 4.8s | floor=78.0
[corr] 3 correlated peers dropped in favour of the strongest in each group
[gate] TIA/USDT blocked — R:R 0.43 below 1.2 (no room to next pool)
[gate] FET/USDT blocked — R:R 0.68 below 1.2 (no room to next pool)
[gate] COIN/USDT blocked — R:R 0.50 below 1.2 (no room to next pool)
[gate] AVAX/USDT blocked — R:R 0.52 below 1.2 (no room to next pool)
[gate] COPPER/USDT blocked — R:R 1.01 below 1.2 (no room to next pool)
[gate] AMD/USDT blocked — R:R 0.35 below 1.2 (no room to next pool)
[gate] JUP/USDT blocked — R:R 0.97 below 1.2 (no room to next pool)
[gate] LINK/USDT blocked — R:R 1.00 below 1.2 (no room to next pool)
[13:59:10] Scan #133 | 87/87 fed | 27 candidates | 0 shadow | 86 reused | 0 dispatched | 8.0s | floor=78.0
[corr] 3 correlated peers dropped in favour of the strongest in each group
[gate] TIA/USDT blocked — R:R 0.50 below 1.2 (no room to next pool)
[gate] FET/USDT blocked — R:R 0.56 below 1.2 (no room to next pool)
[gate] AVAX/USDT blocked — R:R 0.44 below 1.2 (no room to next pool)
[gate] COPPER/USDT blocked — R:R 1.01 below 1.2 (no room to next pool)
[gate] JUP/USDT blocked — R:R 0.98 below 1.2 (no room to next pool)
[gate] LINK/USDT blocked — R:R 1.00 below 1.2 (no room to next pool)
[gate] PENDLE/USDT 78 held back — held threshold for only 1/3 consecutive scans
[gate] AMD/USDT blocked — R:R 0.47 below 1.2 (no room to next pool)
[13:59:36] Scan #134 | 87/87 fed | 27 candidates | 0 shadow | 86 reused | 0 dispatched | 10.7s | floor=78.0
[corr] 3 correlated peers dropped in favour of the strongest in each group
[gate] FET/USDT blocked — R:R 0.56 below 1.2 (no room to next pool)
[gate] TIA/USDT blocked — R:R 0.50 below 1.2 (no room to next pool)
[gate] AVAX/USDT blocked — R:R 0.44 below 1.2 (no room to next pool)
[gate] COPPER/USDT blocked — R:R 1.01 below 1.2 (no room to next pool)
[gate] JUP/USDT blocked — R:R 0.98 below 1.2 (no room to next pool)
[gate] LINK/USDT blocked — R:R 1.00 below 1.2 (no room to next pool)
[gate] PENDLE/USDT 78 held back — held threshold for only 2/3 consecutive scans
[gate] AMD/USDT blocked — R:R 0.47 below 1.2 (no room to next pool)
[14:00:01] Scan #135 | 87/87 fed | 27 candidates | 0 shadow | 86 reused | 0 dispatched | 10.6s | floor=78.0
[corr] 1 correlated peers dropped in favour of the strongest in each group
[gate] AVAX/USDT blocked — R:R 0.39 below 1.2 (no room to next pool)
[gate] FET/USDT blocked — R:R 0.56 below 1.2 (no room to next pool)
[gate] SEI/USDT 81 held back — held threshold for only 1/3 consecutive scans
[gate] COPPER/USDT blocked — R:R 0.99 below 1.2 (no room to next pool)
[gate] XLE/USDT 80 held back — held threshold for only 1/3 consecutive scans
[gate] GOOGL/USDT 78 held back — only 1/3 confirming scans so far
[14:01:01] Scan #136 | 87/87 fed | 27 candidates | 4 shadow | 0 reused | 0 dispatched | 44.2s | floor=78.0
[corr] 1 correlated peers dropped in favour of the strongest in each group
[gate] AVAX/USDT blocked — R:R 0.35 below 1.2 (no room to next pool)
[gate] FET/USDT blocked — R:R 0.46 below 1.2 (no room to next pool)
[gate] XLE/USDT 82 held back — held threshold for only 2/3 consecutive scans
[gate] SEI/USDT 81 held back — held threshold for only 2/3 consecutive scans
[gate] COPPER/USDT blocked — R:R 0.99 below 1.2 (no room to next pool)
[gate] GOOGL/USDT 80 held back — only 2/3 confirming scans so far
[14:01:30] Scan #137 | 87/87 fed | 27 candidates | 0 shadow | 86 reused | 0 dispatched | 14.6s | floor=78.0
[!] Telegram Alert Status Code 400 on Attempt 1: {"ok":false,"error_code":400,"description":"Bad Request: can't parse entities: Can't find end of the entity starting at byte offset 605"}
[corr] 1 correlated peers dropped in favour of the strongest in each group
[gate] AVAX/USDT blocked — R:R 0.35 below 1.2 (no room to next pool)
[gate] FET/USDT blocked — R:R 0.46 below 1.2 (no room to next pool)
[gate] XLE/USDT blocked — Event move still unresolved — peak is too recent — no structure yet
[gate] SEI/USDT blocked — R:R 0.68 below 1.2 (no room to next pool)
[gate] COPPER/USDT blocked — R:R 0.99 below 1.2 (no room to next pool)
[gate] GOOGL/USDT blocked — Event move still unresolved — peak is too recent — no structure yet
[14:01:50] Scan #138 | 87/87 fed | 27 candidates | 0 shadow | 86 reused | 0 dispatched | 5.2s | floor=78.0
[!] Telegram Alert Status Code 400 on Attempt 2: {"ok":false,"error_code":400,"description":"Bad Request: can't parse entities: Can't find end of the entity starting at byte offset 605"}
[!] Telegram Alert Status Code 400 on Attempt 3: {"ok":false,"error_code":400,"description":"Bad Request: can't parse entities: Can't find end of the entity starting at byte offset 605"}
[✓] Learning report sent (resolved=1775, +47)
[corr] 1 correlated peers dropped in favour of the strongest in each group
[gate] FET/USDT blocked — R:R 0.56 below 1.2 (no room to next pool)
[gate] XLE/USDT blocked — Event move still unresolved — peak is too recent — no structure yet
[gate] GOOGL/USDT blocked — Event move still unresolved — peak is too recent — no structure yet
[gate] SEI/USDT blocked — R:R 0.68 below 1.2 (no room to next pool)
[gate] COPPER/USDT blocked — R:R 0.99 below 1.2 (no room to next pool)
[14:02:14] Scan #139 | 87/87 fed | 27 candidates | 0 shadow | 86 reused | 0 dispatched | 8.4s | floor=78.0
[corr] 1 correlated peers dropped in favour of the strongest in each group
[gate] FET/USDT blocked — R:R 0.56 below 1.2 (no room to next pool)
[gate] XLE/USDT blocked — Event move still unresolved — peak is too recent — no structure yet
[gate] GOOGL/USDT blocked — Event move still unresolved — peak is too recent — no structure yet
[gate] SEI/USDT blocked — R:R 0.68 below 1.2 (no room to next pool)
[gate] COPPER/USDT blocked — R:R 0.99 below 1.2 (no room to next pool)
[14:02:30] Scan #140 | 87/87 fed | 27 candidates | 0 shadow | 86 reused | 0 dispatched | 0.9s | floor=78.0
[corr] 1 correlated peers dropped in favour of the strongest in each group
[gate] FET/USDT blocked — R:R 0.56 below 1.2 (no room to next pool)
[gate] XLE/USDT blocked — Event move still unresolved — peak is too recent — no structure yet
[gate] GOOGL/USDT blocked — Event move still unresolved — peak is too recent — no structure yet
[gate] SEI/USDT blocked — R:R 0.68 below 1.2 (no room to next pool)
[gate] COPPER/USDT blocked — R:R 0.99 below 1.2 (no room to next pool)
[14:02:49] Scan #141 | 87/87 fed | 27 candidates | 0 shadow | 86 reused | 0 dispatched | 4.2s | floor=78.0
[corr] 1 correlated peers dropped in favour of the strongest in each group
[gate] FET/USDT blocked — R:R 0.56 below 1.2 (no room to next pool)
[gate] GOOGL/USDT blocked — Event move still unresolved — peak is too recent — no structure yet
[gate] SEI/USDT blocked — R:R 0.68 below 1.2 (no room to next pool)
[gate] COPPER/USDT blocked — R:R 0.99 below 1.2 (no room to next pool)
[gate] XLE/USDT blocked — Event move still unresolved — peak is too recent — no structure yet
[14:03:11] Scan #142 | 87/87 fed | 27 candidates | 0 shadow | 86 reused | 0 dispatched | 7.0s | floor=78.0
[corr] 1 correlated peers dropped in favour of the strongest in each group
[gate] FET/USDT blocked — R:R 0.56 below 1.2 (no room to next pool)
[gate] GOOGL/USDT blocked — Event move still unresolved — peak is too recent — no structure yet
[gate] SEI/USDT blocked — R:R 0.68 below 1.2 (no room to next pool)
[gate] COPPER/USDT blocked — R:R 0.99 below 1.2 (no room to next pool)
[gate] XLE/USDT blocked — Event move still unresolved — peak is too recent — no structure yet
[14:03:28] Scan #143 | 87/87 fed | 27 candidates | 0 shadow | 86 reused | 0 dispatched | 2.1s | floor=78.0
[corr] 1 correlated peers dropped in favour of the strongest in each group
[gate] FET/USDT blocked — R:R 0.56 below 1.2 (no room to next pool)
[gate] GOOGL/USDT blocked — Event move still unresolved — peak is too recent — no structure yet
[gate] SEI/USDT blocked — R:R 0.68 below 1.2 (no room to next pool)
[gate] COPPER/USDT blocked — R:R 0.99 below 1.2 (no room to next pool)
[gate] XLE/USDT blocked — Event move still unresolved — peak is too recent — no structure yet
[14:03:51] Scan #144 | 87/87 fed | 27 candidates | 0 shadow | 86 reused | 0 dispatched | 7.7s | floor=78.0
[corr] 1 correlated peers dropped in favour of the strongest in each group
[gate] FET/USDT blocked — R:R 0.68 below 1.2 (no room to next pool)
[gate] SEI/USDT blocked — R:R 0.68 below 1.2 (no room to next pool)
[gate] COPPER/USDT blocked — R:R 0.99 below 1.2 (no room to next pool)
[gate] GOOGL/USDT blocked — Event move still unresolved — peak is too recent — no structure yet
[14:04:20] Scan #145 | 87/87 fed | 27 candidates | 0 shadow | 86 reused | 0 dispatched | 14.4s | floor=78.0
[corr] 1 correlated peers dropped in favour of the strongest in each group
[gate] FET/USDT blocked — R:R 0.68 below 1.2 (no room to next pool)
[gate] SEI/USDT blocked — R:R 0.68 below 1.2 (no room to next pool)
[gate] COPPER/USDT blocked — R:R 0.99 below 1.2 (no room to next pool)
[gate] GOOGL/USDT blocked — Event move still unresolved — peak is too recent — no structure yet
[14:04:40] Scan #146 | 87/87 fed | 27 candidates | 0 shadow | 86 reused | 0 dispatched | 5.0s | floor=78.0
[corr] 1 correlated peers dropped in favour of the strongest in each group
[gate] FET/USDT blocked — R:R 0.68 below 1.2 (no room to next pool)
[gate] SEI/USDT blocked — R:R 0.68 below 1.2 (no room to next pool)
[gate] COPPER/USDT blocked — R:R 0.99 below 1.2 (no room to next pool)
[gate] GOOGL/USDT blocked — Event move still unresolved — peak is too recent — no structure yet
[gate] JUP/USDT 80 held back — held threshold for only 1/3 consecutive scans
[14:05:04] Scan #147 | 87/87 fed | 27 candidates | 0 shadow | 86 reused | 0 dispatched | 8.9s | floor=78.0
[corr] 1 correlated peers dropped in favour of the strongest in each group
[gate] FET/USDT blocked — R:R 0.56 below 1.2 (no room to next pool)
[gate] SEI/USDT blocked — R:R 0.68 below 1.2 (no room to next pool)
[gate] COPPER/USDT blocked — R:R 0.99 below 1.2 (no room to next pool)
[gate] GOOGL/USDT blocked — Event move still unresolved — peak is too recent — no structure yet
[gate] JUP/USDT 80 held back — held threshold for only 2/3 consecutive scans
[14:05:32] Scan #148 | 87/87 fed | 27 candidates | 0 shadow | 86 reused | 0 dispatched | 13.2s | floor=78.0
[shadow] AMD/USDT SHORT -> TP1_HIT (+0.27%) DERIV_CONFLICT,NEWS_ALIGNED
[corr] 1 correlated peers dropped in favour of the strongest in each group
[gate] FET/USDT blocked — R:R 0.56 below 1.2 (no room to next pool)
[gate] SEI/USDT blocked — R:R 0.68 below 1.2 (no room to next pool)
[gate] COPPER/USDT blocked — R:R 0.99 below 1.2 (no room to next pool)
[gate] GOOGL/USDT blocked — Event move still unresolved — peak is too recent — no structure yet
[gate] JUP/USDT blocked — R:R 0.98 below 1.2 (no room to next pool)
[14:06:02] Scan #149 | 87/87 fed | 27 candidates | 1 shadow | 86 reused | 0 dispatched | 14.5s | floor=78.0
[corr] 1 correlated peers dropped in favour of the strongest in each group
[gate] FET/USDT blocked — R:R 0.56 below 1.2 (no room to next pool)
[gate] SEI/USDT blocked — R:R 0.68 below 1.2 (no room to next pool)
[gate] COPPER/USDT blocked — R:R 1.00 below 1.2 (no room to next pool)
[gate] JUP/USDT blocked — R:R 0.98 below 1.2 (no room to next pool)
[gate] GOOGL/USDT blocked — Event move still unresolved — peak is too recent — no structure yet
[14:06:26] Scan #150 | 87/87 fed | 27 candidates | 0 shadow | 86 reused | 0 dispatched | 8.9s | floor=78.0
[corr] 1 correlated peers dropped in favour of the strongest in each group
[gate] FET/USDT blocked — R:R 0.56 below 1.2 (no room to next pool)
[gate] SEI/USDT blocked — R:R 0.68 below 1.2 (no room to next pool)
[gate] COPPER/USDT blocked — R:R 1.00 below 1.2 (no room to next pool)
[gate] JUP/USDT blocked — R:R 0.98 below 1.2 (no room to next pool)
[gate] GOOGL/USDT blocked — Event move still unresolved — peak is too recent — no structure yet
[14:06:51] Scan #151 | 87/87 fed | 27 candidates | 0 shadow | 86 reused | 0 dispatched | 10.4s | floor=78.0
[corr] 1 correlated peers dropped in favour of the strongest in each group
[gate] FET/USDT blocked — R:R 0.56 below 1.2 (no room to next pool)
[gate] SEI/USDT blocked — R:R 0.68 below 1.2 (no room to next pool)
[gate] COPPER/USDT blocked — R:R 1.00 below 1.2 (no room to next pool)
[gate] JUP/USDT blocked — R:R 0.98 below 1.2 (no room to next pool)
[gate] GOOGL/USDT blocked — Event move still unresolved — peak is too recent — no structure yet
[14:07:16] Scan #152 | 87/87 fed | 27 candidates | 0 shadow | 86 reused | 0 dispatched | 9.5s | floor=78.0
[corr] 1 correlated peers dropped in favour of the strongest in each group
[gate] FET/USDT blocked — R:R 0.56 below 1.2 (no room to next pool)
[gate] SEI/USDT blocked — R:R 0.68 below 1.2 (no room to next pool)
[gate] COPPER/USDT blocked — R:R 1.00 below 1.2 (no room to next pool)
[gate] JUP/USDT blocked — R:R 0.98 below 1.2 (no room to next pool)
[gate] GOOGL/USDT blocked — Event move still unresolved — peak is too recent — no structure yet
[14:07:33] Scan #153 | 87/87 fed | 27 candidates | 0 shadow | 86 reused | 0 dispatched | 2.5s | floor=78.0
[corr] 1 correlated peers dropped in favour of the strongest in each group
[gate] FET/USDT blocked — R:R 0.56 below 1.2 (no room to next pool)
[gate] SEI/USDT blocked — R:R 0.68 below 1.2 (no room to next pool)
[gate] COPPER/USDT blocked — R:R 1.00 below 1.2 (no room to next pool)
[gate] JUP/USDT blocked — R:R 0.98 below 1.2 (no room to next pool)
[gate] GOOGL/USDT blocked — Event move still unresolved — peak is too recent — no structure yet
[14:07:49] Scan #154 | 87/87 fed | 27 candidates | 0 shadow | 86 reused | 0 dispatched | 1.3s | floor=78.0
[corr] 1 correlated peers dropped in favour of the strongest in each group
[gate] FET/USDT blocked — R:R 0.46 below 1.2 (no room to next pool)
[gate] SEI/USDT blocked — R:R 0.68 below 1.2 (no room to next pool)
[gate] COPPER/USDT blocked — R:R 0.99 below 1.2 (no room to next pool)
[gate] JUP/USDT blocked — R:R 0.98 below 1.2 (no room to next pool)
[gate] GOOGL/USDT blocked — Event move still unresolved — peak is too recent — no structure yet
[14:08:13] Scan #155 | 87/87 fed | 27 candidates | 0 shadow | 86 reused | 0 dispatched | 9.0s | floor=78.0
[corr] 1 correlated peers dropped in favour of the strongest in each group
[gate] FET/USDT blocked — R:R 0.46 below 1.2 (no room to next pool)
[gate] SEI/USDT blocked — R:R 0.68 below 1.2 (no room to next pool)
[gate] COPPER/USDT blocked — R:R 0.99 below 1.2 (no room to next pool)
[gate] JUP/USDT blocked — R:R 0.98 below 1.2 (no room to next pool)
[gate] GOOGL/USDT blocked — Event move still unresolved — peak is too recent — no structure yet
[14:08:31] Scan #156 | 87/87 fed | 27 candidates | 0 shadow | 86 reused | 0 dispatched | 2.9s | floor=78.0
[corr] 1 correlated peers dropped in favour of the strongest in each group
[gate] FET/USDT blocked — R:R 0.46 below 1.2 (no room to next pool)
[gate] SEI/USDT blocked — R:R 0.68 below 1.2 (no room to next pool)
[gate] COPPER/USDT blocked — R:R 0.99 below 1.2 (no room to next pool)
[gate] JUP/USDT blocked — R:R 0.98 below 1.2 (no room to next pool)
[gate] GOOGL/USDT blocked — Event move still unresolved — peak is too recent — no structure yet
[14:08:47] Scan #157 | 87/87 fed | 27 candidates | 0 shadow | 86 reused | 0 dispatched | 1.0s | floor=78.0
[corr] 1 correlated peers dropped in favour of the strongest in each group
[gate] FET/USDT blocked — R:R 0.46 below 1.2 (no room to next pool)
[gate] SEI/USDT blocked — R:R 0.68 below 1.2 (no room to next pool)
[gate] COPPER/USDT blocked — R:R 0.99 below 1.2 (no room to next pool)
[gate] JUP/USDT blocked — R:R 0.98 below 1.2 (no room to next pool)
[gate] GOOGL/USDT blocked — Event move still unresolved — peak is too recent — no structure yet
[14:09:08] Scan #158 | 87/87 fed | 27 candidates | 0 shadow | 86 reused | 0 dispatched | 6.1s | floor=78.0
[corr] 1 correlated peers dropped in favour of the strongest in each group
[gate] FET/USDT blocked — R:R 0.56 below 1.2 (no room to next pool)
[gate] SEI/USDT blocked — R:R 0.68 below 1.2 (no room to next pool)
[gate] COPPER/USDT blocked — R:R 0.99 below 1.2 (no room to next pool)
[gate] JUP/USDT blocked — R:R 0.98 below 1.2 (no room to next pool)
[gate] GOOGL/USDT blocked — Event move still unresolved — peak is too recent — no structure yet
[14:09:32] Scan #159 | 87/87 fed | 27 candidates | 0 shadow | 86 reused | 0 dispatched | 8.6s | floor=78.0
[corr] 1 correlated peers dropped in favour of the strongest in each group
[gate] FET/USDT blocked — R:R 0.56 below 1.2 (no room to next pool)
[gate] SEI/USDT blocked — R:R 0.68 below 1.2 (no room to next pool)
[gate] COPPER/USDT blocked — R:R 0.99 below 1.2 (no room to next pool)
[gate] JUP/USDT blocked — R:R 0.98 below 1.2 (no room to next pool)
[gate] GOOGL/USDT blocked — Event move still unresolved — peak is too recent — no structure yet
[14:09:49] Scan #160 | 87/87 fed | 27 candidates | 0 shadow | 86 reused | 0 dispatched | 2.2s | floor=78.0
[news] settled 700 term observations
[corr] 1 correlated peers dropped in favour of the strongest in each group
[gate] FET/USDT blocked — R:R 0.56 below 1.2 (no room to next pool)
[gate] SEI/USDT blocked — R:R 0.68 below 1.2 (no room to next pool)
[gate] COPPER/USDT blocked — R:R 1.00 below 1.2 (no room to next pool)
[gate] JUP/USDT blocked — R:R 0.98 below 1.2 (no room to next pool)
[gate] GOOGL/USDT blocked — Event move still unresolved — peak is too recent — no structure yet
[14:10:23] Scan #161 | 87/87 fed | 27 candidates | 0 shadow | 86 reused | 0 dispatched | 18.5s | floor=78.0
[corr] 1 correlated peers dropped in favour of the strongest in each group
[gate] FET/USDT blocked — R:R 0.56 below 1.2 (no room to next pool)
[gate] SEI/USDT blocked — R:R 0.68 below 1.2 (no room to next pool)
[gate] COPPER/USDT blocked — R:R 1.00 below 1.2 (no room to next pool)
[gate] JUP/USDT blocked — R:R 0.98 below 1.2 (no room to next pool)
[gate] GOOGL/USDT blocked — Event move still unresolved — peak is too recent — no structure yet
[14:10:40] Scan #162 | 87/87 fed | 27 candidates | 0 shadow | 86 reused | 0 dispatched | 2.3s | floor=78.0
[corr] 1 correlated peers dropped in favour of the strongest in each group
[gate] FET/USDT blocked — R:R 0.56 below 1.2 (no room to next pool)
[gate] SEI/USDT blocked — R:R 0.68 below 1.2 (no room to next pool)
[gate] COPPER/USDT blocked — R:R 1.00 below 1.2 (no room to next pool)
[gate] JUP/USDT blocked — R:R 0.98 below 1.2 (no room to next pool)
[gate] GOOGL/USDT blocked — Event move still unresolved — peak is too recent — no structure yet
[14:11:10] Scan #163 | 87/87 fed | 27 candidates | 0 shadow | 86 reused | 0 dispatched | 14.6s | floor=78.0
[corr] 1 correlated peers dropped in favour of the strongest in each group
[gate] FET/USDT blocked — R:R 0.56 below 1.2 (no room to next pool)
[gate] SEI/USDT blocked — R:R 0.68 below 1.2 (no room to next pool)
[gate] JUP/USDT blocked — R:R 0.98 below 1.2 (no room to next pool)
[gate] COPPER/USDT blocked — R:R 1.00 below 1.2 (no room to next pool)
[gate] GOOGL/USDT blocked — Event move still unresolved — peak is too recent — no structure yet
[14:11:36] Scan #164 | 87/87 fed | 27 candidates | 0 shadow | 86 reused | 0 dispatched | 10.9s | floor=78.0
[corr] 1 correlated peers dropped in favour of the strongest in each group
[gate] FET/USDT blocked — R:R 0.56 below 1.2 (no room to next pool)
[gate] SEI/USDT blocked — R:R 0.68 below 1.2 (no room to next pool)
[gate] JUP/USDT blocked — R:R 0.98 below 1.2 (no room to next pool)
[gate] COPPER/USDT blocked — R:R 1.00 below 1.2 (no room to next pool)
[gate] GOOGL/USDT blocked — Event move still unresolved — peak is too recent — no structure yet
[14:12:04] Scan #165 | 87/87 fed | 27 candidates | 0 shadow | 86 reused | 0 dispatched | 12.9s | floor=78.0
[corr] 1 correlated peers dropped in favour of the strongest in each group
[gate] FET/USDT blocked — R:R 0.46 below 1.2 (no room to next pool)
[gate] SEI/USDT blocked — R:R 0.68 below 1.2 (no room to next pool)
[gate] JUP/USDT blocked — R:R 0.97 below 1.2 (no room to next pool)
[gate] AVAX/USDT 80 held back — held threshold for only 1/3 consecutive scans
[gate] PENDLE/USDT 80 held back — held threshold for only 1/3 consecutive scans
[gate] COPPER/USDT blocked — R:R 1.00 below 1.2 (no room to next pool)
[14:12:33] Scan #166 | 87/87 fed | 27 candidates | 0 shadow | 86 reused | 0 dispatched | 14.3s | floor=78.0
[corr] 1 correlated peers dropped in favour of the strongest in each group
[gate] FET/USDT blocked — R:R 0.46 below 1.2 (no room to next pool)
[gate] SEI/USDT blocked — R:R 0.68 below 1.2 (no room to next pool)
[gate] JUP/USDT blocked — R:R 0.97 below 1.2 (no room to next pool)
[gate] AVAX/USDT 80 held back — held threshold for only 2/3 consecutive scans
[gate] PENDLE/USDT 80 held back — held threshold for only 2/3 consecutive scans
[gate] COPPER/USDT blocked — R:R 1.00 below 1.2 (no room to next pool)
[14:12:52] Scan #167 | 87/87 fed | 27 candidates | 0 shadow | 86 reused | 0 dispatched | 3.7s | floor=78.0
[corr] 1 correlated peers dropped in favour of the strongest in each group
[gate] FET/USDT blocked — R:R 0.68 below 1.2 (no room to next pool)
[gate] SEI/USDT blocked — R:R 0.68 below 1.2 (no room to next pool)
[gate] JUP/USDT blocked — R:R 0.97 below 1.2 (no room to next pool)
[gate] AVAX/USDT blocked — R:R 0.47 below 1.2 (no room to next pool)
[gate] PENDLE/USDT blocked — R:R 0.41 below 1.2 (no room to next pool)
[gate] COPPER/USDT blocked — R:R 1.00 below 1.2 (no room to next pool)
[14:13:23] Scan #168 | 87/87 fed | 27 candidates | 0 shadow | 86 reused | 0 dispatched | 16.8s | floor=78.0
[corr] 1 correlated peers dropped in favour of the strongest in each group
[gate] FET/USDT blocked — R:R 0.68 below 1.2 (no room to next pool)
[gate] SEI/USDT blocked — R:R 0.68 below 1.2 (no room to next pool)
[gate] JUP/USDT blocked — R:R 0.97 below 1.2 (no room to next pool)
[gate] AVAX/USDT blocked — R:R 0.47 below 1.2 (no room to next pool)
[gate] PENDLE/USDT blocked — R:R 0.41 below 1.2 (no room to next pool)
[gate] COPPER/USDT blocked — R:R 1.00 below 1.2 (no room to next pool)
[14:13:48] Scan #169 | 87/87 fed | 27 candidates | 0 shadow | 86 reused | 0 dispatched | 9.2s | floor=78.0
[corr] 1 correlated peers dropped in favour of the strongest in each group
[gate] JUP/USDT blocked — R:R 0.97 below 1.2 (no room to next pool)
[gate] FET/USDT blocked — R:R 0.68 below 1.2 (no room to next pool)
[gate] SEI/USDT blocked — R:R 0.68 below 1.2 (no room to next pool)
[gate] AVAX/USDT blocked — R:R 0.47 below 1.2 (no room to next pool)
[gate] PENDLE/USDT blocked — R:R 0.41 below 1.2 (no room to next pool)
[gate] COPPER/USDT blocked — R:R 1.00 below 1.2 (no room to next pool)
[14:14:13] Scan #170 | 87/87 fed | 27 candidates | 0 shadow | 86 reused | 0 dispatched | 10.6s | floor=78.0
[corr] 1 correlated peers dropped in favour of the strongest in each group
[gate] JUP/USDT blocked — R:R 0.97 below 1.2 (no room to next pool)
[gate] FET/USDT blocked — R:R 0.68 below 1.2 (no room to next pool)
[gate] SEI/USDT blocked — R:R 0.68 below 1.2 (no room to next pool)
[gate] AVAX/USDT blocked — R:R 0.45 below 1.2 (no room to next pool)
[gate] PENDLE/USDT blocked — R:R 0.41 below 1.2 (no room to next pool)
[gate] COPPER/USDT blocked — R:R 1.00 below 1.2 (no room to next pool)
[14:14:43] Scan #171 | 87/87 fed | 27 candidates | 0 shadow | 86 reused | 0 dispatched | 15.1s | floor=78.0
[corr] 1 correlated peers dropped in favour of the strongest in each group
[gate] JUP/USDT blocked — R:R 0.97 below 1.2 (no room to next pool)
[gate] FET/USDT blocked — R:R 0.68 below 1.2 (no room to next pool)
[gate] SEI/USDT blocked — R:R 0.68 below 1.2 (no room to next pool)
[gate] AVAX/USDT blocked — R:R 0.45 below 1.2 (no room to next pool)
[gate] PENDLE/USDT blocked — R:R 0.41 below 1.2 (no room to next pool)
[gate] COPPER/USDT blocked — R:R 1.00 below 1.2 (no room to next pool)
[14:15:06] Scan #172 | 87/87 fed | 27 candidates | 0 shadow | 86 reused | 0 dispatched | 7.6s | floor=78.0
[shadow] ABNB/USDT SHORT -> TP1_HIT (+0.66%) NEWS_CONFLICT
[corr] 3 correlated peers dropped in favour of the strongest in each group
[gate] ENA/USDT 84 held back — only 1/3 confirming scans so far
[gate] FET/USDT blocked — R:R 0.56 below 1.2 (no room to next pool)
[gate] LINK/USDT 81 held back — held threshold for only 1/3 consecutive scans
[gate] AVAX/USDT blocked — R:R 0.36 below 1.2 (no room to next pool)
[gate] PENDLE/USDT blocked — R:R 0.53 below 1.2 (no room to next pool)
[gate] LLY/USDT 79 held back — held threshold for only 1/3 consecutive scans
[14:15:56] Scan #173 | 87/87 fed | 24 candidates | 2 shadow | 0 reused | 0 dispatched | 35.3s | floor=78.0
[corr] 3 correlated peers dropped in favour of the strongest in each group
[gate] ENA/USDT 84 held back — only 2/3 confirming scans so far
[gate] FET/USDT blocked — R:R 0.56 below 1.2 (no room to next pool)
[gate] LLY/USDT 81 held back — held threshold for only 2/3 consecutive scans
[gate] LINK/USDT 80 held back — held threshold for only 2/3 consecutive scans
[gate] AVAX/USDT blocked — R:R 0.36 below 1.2 (no room to next pool)
[gate] PENDLE/USDT blocked — R:R 0.53 below 1.2 (no room to next pool)
[14:16:36] Scan #174 | 87/87 fed | 24 candidates | 0 shadow | 86 reused | 0 dispatched | 24.6s | floor=78.0
[corr] 3 correlated peers dropped in favour of the strongest in each group
[gate] ENA/USDT blocked — R:R 0.37 below 1.2 (no room to next pool)
[gate] FET/USDT blocked — R:R 0.56 below 1.2 (no room to next pool)
[gate] LLY/USDT blocked — R:R 1.00 below 1.2 (no room to next pool)
[gate] LINK/USDT blocked — R:R 1.00 below 1.2 (no room to next pool)
[gate] AVAX/USDT blocked — R:R 0.36 below 1.2 (no room to next pool)
[gate] PENDLE/USDT blocked — R:R 0.53 below 1.2 (no room to next pool)
[14:16:53] Scan #175 | 87/87 fed | 24 candidates | 0 shadow | 86 reused | 0 dispatched | 2.2s | floor=78.0
[corr] 3 correlated peers dropped in favour of the strongest in each group
[gate] ENA/USDT blocked — R:R 0.44 below 1.2 (no room to next pool)
[gate] FET/USDT blocked — R:R 0.56 below 1.2 (no room to next pool)
[gate] LINK/USDT blocked — R:R 1.00 below 1.2 (no room to next pool)
[gate] LLY/USDT blocked — R:R 1.00 below 1.2 (no room to next pool)
[gate] AVAX/USDT blocked — R:R 0.52 below 1.2 (no room to next pool)
[gate] PENDLE/USDT blocked — R:R 0.44 below 1.2 (no room to next pool)
[14:17:27] Scan #176 | 87/87 fed | 23 candidates | 0 shadow | 86 reused | 0 dispatched | 18.9s | floor=78.0
[shadow] COPPER/USDT LONG -> TP1_HIT (+0.51%) DERIV_CONFLICT,NEWS_CONFLICT
[corr] 3 correlated peers dropped in favour of the strongest in each group
[gate] ENA/USDT blocked — R:R 0.44 below 1.2 (no room to next pool)
[gate] FET/USDT blocked — R:R 0.56 below 1.2 (no room to next pool)
[gate] LINK/USDT blocked — R:R 1.00 below 1.2 (no room to next pool)
[gate] LLY/USDT blocked — R:R 1.00 below 1.2 (no room to next pool)
[gate] AVAX/USDT blocked — R:R 0.52 below 1.2 (no room to next pool)
[gate] PENDLE/USDT blocked — R:R 0.44 below 1.2 (no room to next pool)
[14:17:47] Scan #177 | 87/87 fed | 23 candidates | 1 shadow | 86 reused | 0 dispatched | 4.8s | floor=78.0
[corr] 3 correlated peers dropped in favour of the strongest in each group
[gate] ENA/USDT blocked — R:R 0.44 below 1.2 (no room to next pool)
[gate] FET/USDT blocked — R:R 0.56 below 1.2 (no room to next pool)
[gate] LINK/USDT blocked — R:R 1.00 below 1.2 (no room to next pool)
[gate] LLY/USDT blocked — R:R 1.00 below 1.2 (no room to next pool)
[gate] AVAX/USDT blocked — R:R 0.52 below 1.2 (no room to next pool)
[gate] PENDLE/USDT blocked — R:R 0.44 below 1.2 (no room to next pool)
[14:18:04] Scan #178 | 87/87 fed | 23 candidates | 0 shadow | 86 reused | 0 dispatched | 1.8s | floor=78.0
[corr] 3 correlated peers dropped in favour of the strongest in each group
[gate] FET/USDT blocked — R:R 0.46 below 1.2 (no room to next pool)
[gate] ENA/USDT blocked — R:R 0.44 below 1.2 (no room to next pool)
[gate] LLY/USDT blocked — R:R 1.00 below 1.2 (no room to next pool)
[gate] LINK/USDT blocked — R:R 1.00 below 1.2 (no room to next pool)
[gate] AVAX/USDT blocked — R:R 0.52 below 1.2 (no room to next pool)
[gate] PENDLE/USDT blocked — R:R 0.44 below 1.2 (no room to next pool)
[14:18:27] Scan #179 | 87/87 fed | 22 candidates | 0 shadow | 86 reused | 0 dispatched | 8.8s | floor=78.0
[corr] 3 correlated peers dropped in favour of the strongest in each group
[gate] FET/USDT blocked — R:R 0.46 below 1.2 (no room to next pool)
[gate] ENA/USDT blocked — R:R 0.44 below 1.2 (no room to next pool)
[gate] LLY/USDT blocked — R:R 1.00 below 1.2 (no room to next pool)
[gate] LINK/USDT blocked — R:R 1.00 below 1.2 (no room to next pool)
[gate] AVAX/USDT blocked — R:R 0.52 below 1.2 (no room to next pool)
[gate] PENDLE/USDT blocked — R:R 0.44 below 1.2 (no room to next pool)
[14:18:45] Scan #180 | 87/87 fed | 22 candidates | 0 shadow | 86 reused | 0 dispatched | 2.0s | floor=78.0
[corr] 3 correlated peers dropped in favour of the strongest in each group
[gate] FET/USDT blocked — R:R 0.46 below 1.2 (no room to next pool)
[gate] ENA/USDT blocked — R:R 0.44 below 1.2 (no room to next pool)
[gate] LLY/USDT blocked — R:R 1.00 below 1.2 (no room to next pool)
[gate] LINK/USDT blocked — R:R 1.00 below 1.2 (no room to next pool)
[gate] AVAX/USDT blocked — R:R 0.52 below 1.2 (no room to next pool)
[gate] PENDLE/USDT blocked — R:R 0.44 below 1.2 (no room to next pool)
[14:19:02] Scan #181 | 87/87 fed | 22 candidates | 0 shadow | 86 reused | 0 dispatched | 2.4s | floor=78.0
[corr] 3 correlated peers dropped in favour of the strongest in each group
[gate] FET/USDT blocked — R:R 0.46 below 1.2 (no room to next pool)
[gate] ENA/USDT blocked — R:R 0.44 below 1.2 (no room to next pool)
[gate] LINK/USDT blocked — R:R 1.00 below 1.2 (no room to next pool)
[gate] AVAX/USDT blocked — R:R 0.43 below 1.2 (no room to next pool)
[gate] LLY/USDT blocked — R:R 1.00 below 1.2 (no room to next pool)
[14:19:28] Scan #182 | 87/87 fed | 22 candidates | 0 shadow | 86 reused | 0 dispatched | 11.1s | floor=78.0
[corr] 3 correlated peers dropped in favour of the strongest in each group
[gate] FET/USDT blocked — R:R 0.46 below 1.2 (no room to next pool)
[gate] ENA/USDT blocked — R:R 0.44 below 1.2 (no room to next pool)
[gate] LINK/USDT blocked — R:R 1.00 below 1.2 (no room to next pool)
[gate] AVAX/USDT blocked — R:R 0.43 below 1.2 (no room to next pool)
[gate] LLY/USDT blocked — R:R 1.00 below 1.2 (no room to next pool)
[gate] STX/USDT 79 held back — held threshold for only 1/3 consecutive scans
[14:19:51] Scan #183 | 87/87 fed | 22 candidates | 0 shadow | 86 reused | 0 dispatched | 7.8s | floor=78.0
[corr] 3 correlated peers dropped in favour of the strongest in each group
[gate] ENA/USDT blocked — R:R 0.37 below 1.2 (no room to next pool)
[gate] FET/USDT blocked — R:R 0.46 below 1.2 (no room to next pool)
[gate] LINK/USDT blocked — R:R 1.00 below 1.2 (no room to next pool)
[gate] AVAX/USDT blocked — R:R 0.43 below 1.2 (no room to next pool)
[gate] LLY/USDT blocked — R:R 1.00 below 1.2 (no room to next pool)
[14:20:21] Scan #184 | 87/87 fed | 22 candidates | 0 shadow | 86 reused | 0 dispatched | 15.2s | floor=78.0
[corr] 3 correlated peers dropped in favour of the strongest in each group
[gate] ENA/USDT blocked — R:R 0.37 below 1.2 (no room to next pool)
[gate] FET/USDT blocked — R:R 0.46 below 1.2 (no room to next pool)
[gate] LINK/USDT blocked — R:R 1.00 below 1.2 (no room to next pool)
[gate] AVAX/USDT blocked — R:R 0.43 below 1.2 (no room to next pool)
[gate] LLY/USDT blocked — R:R 1.00 below 1.2 (no room to next pool)
[14:20:47] Scan #185 | 87/87 fed | 22 candidates | 0 shadow | 86 reused | 0 dispatched | 10.4s | floor=78.0
[corr] 3 correlated peers dropped in favour of the strongest in each group
[gate] FET/USDT blocked — R:R 0.46 below 1.2 (no room to next pool)
[gate] ENA/USDT blocked — R:R 0.37 below 1.2 (no room to next pool)
[gate] LINK/USDT blocked — R:R 1.00 below 1.2 (no room to next pool)
[gate] AVAX/USDT blocked — R:R 0.43 below 1.2 (no room to next pool)
[gate] LLY/USDT blocked — R:R 1.00 below 1.2 (no room to next pool)
[14:21:17] Scan #186 | 87/87 fed | 22 candidates | 0 shadow | 86 reused | 0 dispatched | 16.0s | floor=78.0
[corr] 3 correlated peers dropped in favour of the strongest in each group
[gate] FET/USDT blocked — R:R 0.46 below 1.2 (no room to next pool)
[gate] AVAX/USDT blocked — R:R 0.36 below 1.2 (no room to next pool)
[gate] LINK/USDT blocked — R:R 1.00 below 1.2 (no room to next pool)
[gate] LLY/USDT blocked — R:R 1.00 below 1.2 (no room to next pool)
[gate] COIN/USDT 80 held back — held threshold for only 1/3 consecutive scans
[gate] XRP/USDT 80 held back — held threshold for only 1/3 consecutive scans
[gate] ENA/USDT blocked — R:R 0.59 below 1.2 (no room to next pool)
[gate] STX/USDT 79 held back — held threshold for only 1/3 consecutive scans
[14:21:45] Scan #187 | 87/87 fed | 22 candidates | 0 shadow | 86 reused | 0 dispatched | 12.6s | floor=78.0
[corr] 3 correlated peers dropped in favour of the strongest in each group
[gate] FET/USDT blocked — R:R 0.46 below 1.2 (no room to next pool)
[gate] AVAX/USDT blocked — R:R 0.36 below 1.2 (no room to next pool)
[gate] LINK/USDT blocked — R:R 1.00 below 1.2 (no room to next pool)
[gate] LLY/USDT blocked — R:R 1.00 below 1.2 (no room to next pool)
[gate] XRP/USDT 80 held back — held threshold for only 2/3 consecutive scans
[gate] ENA/USDT blocked — R:R 0.59 below 1.2 (no room to next pool)
[gate] COIN/USDT 79 held back — held threshold for only 2/3 consecutive scans
[gate] STX/USDT 79 held back — held threshold for only 2/3 consecutive scans
[14:22:06] Scan #188 | 87/87 fed | 22 candidates | 0 shadow | 86 reused | 0 dispatched | 6.2s | floor=78.0
[corr] 3 correlated peers dropped in favour of the strongest in each group
[gate] FET/USDT blocked — R:R 0.56 below 1.2 (no room to next pool)
[gate] LINK/USDT blocked — R:R 1.00 below 1.2 (no room to next pool)
[gate] LLY/USDT blocked — R:R 1.00 below 1.2 (no room to next pool)
[gate] AVAX/USDT blocked — R:R 0.45 below 1.2 (no room to next pool)
[gate] ENA/USDT blocked — R:R 0.52 below 1.2 (no room to next pool)
[gate] XRP/USDT blocked — R:R 0.40 below 1.2 (no room to next pool)
[gate] STX/USDT blocked — R:R 0.38 below 1.2 (no room to next pool)
[gate] COIN/USDT blocked — R:R 0.44 below 1.2 (no room to next pool)
[14:22:31] Scan #189 | 87/87 fed | 22 candidates | 0 shadow | 86 reused | 0 dispatched | 10.0s | floor=78.0
[corr] 3 correlated peers dropped in favour of the strongest in each group
[gate] FET/USDT blocked — R:R 0.56 below 1.2 (no room to next pool)
[gate] LINK/USDT blocked — R:R 1.00 below 1.2 (no room to next pool)
[gate] LLY/USDT blocked — R:R 1.00 below 1.2 (no room to next pool)
[gate] AVAX/USDT blocked — R:R 0.45 below 1.2 (no room to next pool)
[gate] ENA/USDT blocked — R:R 0.52 below 1.2 (no room to next pool)
[gate] XRP/USDT blocked — R:R 0.40 below 1.2 (no room to next pool)
[gate] STX/USDT blocked — R:R 0.38 below 1.2 (no room to next pool)
[gate] COIN/USDT blocked — R:R 0.44 below 1.2 (no room to next pool)
[14:22:54] Scan #190 | 87/87 fed | 22 candidates | 0 shadow | 86 reused | 0 dispatched | 7.2s | floor=78.0
[corr] 3 correlated peers dropped in favour of the strongest in each group
[gate] FET/USDT blocked — R:R 0.68 below 1.2 (no room to next pool)
[gate] LINK/USDT blocked — R:R 1.00 below 1.2 (no room to next pool)
[gate] LLY/USDT blocked — R:R 1.00 below 1.2 (no room to next pool)
[gate] AVAX/USDT blocked — R:R 0.47 below 1.2 (no room to next pool)
[gate] ENA/USDT blocked — R:R 0.52 below 1.2 (no room to next pool)
[gate] XRP/USDT blocked — R:R 0.40 below 1.2 (no room to next pool)
[gate] STX/USDT blocked — R:R 0.38 below 1.2 (no room to next pool)
[gate] COIN/USDT blocked — R:R 0.45 below 1.2 (no room to next pool)
[14:23:13] Scan #191 | 87/87 fed | 22 candidates | 0 shadow | 86 reused | 0 dispatched | 4.2s | floor=78.0
[corr] 3 correlated peers dropped in favour of the strongest in each group
[gate] FET/USDT blocked — R:R 0.68 below 1.2 (no room to next pool)
[gate] LINK/USDT blocked — R:R 1.00 below 1.2 (no room to next pool)
[gate] LLY/USDT blocked — R:R 1.00 below 1.2 (no room to next pool)
[gate] AVAX/USDT blocked — R:R 0.47 below 1.2 (no room to next pool)
[gate] ENA/USDT blocked — R:R 0.52 below 1.2 (no room to next pool)
[gate] XRP/USDT blocked — R:R 0.40 below 1.2 (no room to next pool)
[gate] STX/USDT blocked — R:R 0.38 below 1.2 (no room to next pool)
[gate] COIN/USDT blocked — R:R 0.45 below 1.2 (no room to next pool)
[14:23:30] Scan #192 | 87/87 fed | 22 candidates | 0 shadow | 86 reused | 0 dispatched | 2.3s | floor=78.0
[corr] 3 correlated peers dropped in favour of the strongest in each group
[gate] FET/USDT blocked — R:R 0.68 below 1.2 (no room to next pool)
[gate] LLY/USDT blocked — R:R 1.00 below 1.2 (no room to next pool)
[gate] AVAX/USDT blocked — R:R 0.47 below 1.2 (no room to next pool)
[gate] ENA/USDT blocked — R:R 0.52 below 1.2 (no room to next pool)
[gate] XRP/USDT blocked — R:R 0.40 below 1.2 (no room to next pool)
[gate] LINK/USDT blocked — R:R 1.00 below 1.2 (no room to next pool)
[gate] COIN/USDT blocked — R:R 0.45 below 1.2 (no room to next pool)
[gate] STX/USDT blocked — R:R 0.38 below 1.2 (no room to next pool)
[14:23:52] Scan #193 | 87/87 fed | 22 candidates | 0 shadow | 86 reused | 0 dispatched | 7.2s | floor=78.0
[corr] 3 correlated peers dropped in favour of the strongest in each group
[gate] ENA/USDT blocked — R:R 0.37 below 1.2 (no room to next pool)
[gate] AVAX/USDT blocked — R:R 0.38 below 1.2 (no room to next pool)
[gate] LLY/USDT blocked — R:R 1.00 below 1.2 (no room to next pool)
[gate] FET/USDT blocked — R:R 0.86 below 1.2 (no room to next pool)
[gate] XRP/USDT blocked — R:R 0.40 below 1.2 (no room to next pool)
[gate] LINK/USDT blocked — R:R 1.00 below 1.2 (no room to next pool)
[gate] PENDLE/USDT 79 held back — held threshold for only 1/3 consecutive scans
[gate] STX/USDT blocked — R:R 0.38 below 1.2 (no room to next pool)
[14:24:14] Scan #194 | 87/87 fed | 22 candidates | 0 shadow | 86 reused | 0 dispatched | 6.7s | floor=78.0
[corr] 3 correlated peers dropped in favour of the strongest in each group
[gate] ENA/USDT blocked — R:R 0.37 below 1.2 (no room to next pool)
[gate] AVAX/USDT blocked — R:R 0.38 below 1.2 (no room to next pool)
[gate] LLY/USDT blocked — R:R 1.00 below 1.2 (no room to next pool)
[gate] FET/USDT blocked — R:R 0.86 below 1.2 (no room to next pool)
[gate] XRP/USDT blocked — R:R 0.40 below 1.2 (no room to next pool)
[gate] LINK/USDT blocked — R:R 1.00 below 1.2 (no room to next pool)
[gate] PENDLE/USDT 79 held back — held threshold for only 2/3 consecutive scans
[gate] STX/USDT blocked — R:R 0.38 below 1.2 (no room to next pool)
[14:24:31] Scan #195 | 87/87 fed | 22 candidates | 0 shadow | 86 reused | 0 dispatched | 2.1s | floor=78.0
[corr] 3 correlated peers dropped in favour of the strongest in each group
[gate] ENA/USDT blocked — R:R 0.37 below 1.2 (no room to next pool)
[gate] AVAX/USDT blocked — R:R 0.38 below 1.2 (no room to next pool)
[gate] LLY/USDT blocked — R:R 1.00 below 1.2 (no room to next pool)
[gate] LINK/USDT blocked — R:R 1.00 below 1.2 (no room to next pool)
[gate] FET/USDT blocked — R:R 0.86 below 1.2 (no room to next pool)
[gate] XRP/USDT blocked — R:R 0.40 below 1.2 (no room to next pool)
[gate] PENDLE/USDT blocked — R:R 0.53 below 1.2 (no room to next pool)
[gate] STX/USDT blocked — R:R 0.38 below 1.2 (no room to next pool)
[14:25:01] Scan #196 | 87/87 fed | 22 candidates | 0 shadow | 86 reused | 0 dispatched | 14.7s | floor=78.0
[corr] 3 correlated peers dropped in favour of the strongest in each group
[gate] AVAX/USDT blocked — R:R 0.40 below 1.2 (no room to next pool)
[gate] LLY/USDT blocked — R:R 1.00 below 1.2 (no room to next pool)
[gate] LINK/USDT blocked — R:R 1.00 below 1.2 (no room to next pool)
[gate] ENA/USDT blocked — R:R 0.44 below 1.2 (no room to next pool)
[gate] FET/USDT blocked — R:R 0.86 below 1.2 (no room to next pool)
[gate] XRP/USDT blocked — R:R 0.40 below 1.2 (no room to next pool)
[gate] PENDLE/USDT blocked — R:R 0.53 below 1.2 (no room to next pool)
[gate] STX/USDT blocked — R:R 0.38 below 1.2 (no room to next pool)
[14:25:25] Scan #197 | 87/87 fed | 22 candidates | 0 shadow | 86 reused | 0 dispatched | 8.9s | floor=78.0
[corr] 3 correlated peers dropped in favour of the strongest in each group
[gate] AVAX/USDT blocked — R:R 0.40 below 1.2 (no room to next pool)
[gate] LLY/USDT blocked — R:R 1.00 below 1.2 (no room to next pool)
[gate] LINK/USDT blocked — R:R 1.00 below 1.2 (no room to next pool)
[gate] ENA/USDT blocked — R:R 0.44 below 1.2 (no room to next pool)
[gate] FET/USDT blocked — R:R 0.86 below 1.2 (no room to next pool)
[gate] XRP/USDT blocked — R:R 0.40 below 1.2 (no room to next pool)
[gate] PENDLE/USDT blocked — R:R 0.53 below 1.2 (no room to next pool)
[gate] STX/USDT blocked — R:R 0.38 below 1.2 (no room to next pool)
[14:25:55] Scan #198 | 87/87 fed | 22 candidates | 0 shadow | 86 reused | 0 dispatched | 15.7s | floor=78.0
[news] settled 365 term observations
[corr] 3 correlated peers dropped in favour of the strongest in each group
[gate] FET/USDT blocked — R:R 0.68 below 1.2 (no room to next pool)
[gate] LINK/USDT blocked — R:R 1.00 below 1.2 (no room to next pool)
[gate] LLY/USDT blocked — R:R 1.00 below 1.2 (no room to next pool)
[gate] ENA/USDT blocked — R:R 0.52 below 1.2 (no room to next pool)
[gate] XRP/USDT blocked — R:R 0.40 below 1.2 (no room to next pool)
[gate] AVAX/USDT blocked — R:R 0.56 below 1.2 (no room to next pool)
[gate] PENDLE/USDT blocked — R:R 0.53 below 1.2 (no room to next pool)
[14:26:21] Scan #199 | 87/87 fed | 22 candidates | 0 shadow | 86 reused | 0 dispatched | 11.0s | floor=78.0
[corr] 3 correlated peers dropped in favour of the strongest in each group
[gate] FET/USDT blocked — R:R 0.68 below 1.2 (no room to next pool)
[gate] LINK/USDT blocked — R:R 1.00 below 1.2 (no room to next pool)
[gate] LLY/USDT blocked — R:R 1.00 below 1.2 (no room to next pool)
[gate] ENA/USDT blocked — R:R 0.52 below 1.2 (no room to next pool)
[gate] XRP/USDT blocked — R:R 0.40 below 1.2 (no room to next pool)
[gate] AVAX/USDT blocked — R:R 0.56 below 1.2 (no room to next pool)
[gate] PENDLE/USDT blocked — R:R 0.53 below 1.2 (no room to next pool)
[14:26:49] Scan #200 | 87/87 fed | 22 candidates | 0 shadow | 86 reused | 0 dispatched | 13.0s | floor=78.0
[corr] 3 correlated peers dropped in favour of the strongest in each group
[gate] FET/USDT blocked — R:R 0.78 below 1.2 (no room to next pool)
[gate] LINK/USDT blocked — R:R 1.00 below 1.2 (no room to next pool)
[gate] LLY/USDT blocked — R:R 1.00 below 1.2 (no room to next pool)
[gate] AVAX/USDT blocked — R:R 0.52 below 1.2 (no room to next pool)
[gate] ENA/USDT blocked — R:R 0.52 below 1.2 (no room to next pool)
[gate] XRP/USDT blocked — R:R 0.40 below 1.2 (no room to next pool)
[gate] PENDLE/USDT blocked — R:R 0.53 below 1.2 (no room to next pool)
[14:27:11] Scan #201 | 87/87 fed | 22 candidates | 0 shadow | 86 reused | 0 dispatched | 6.3s | floor=78.0
[corr] 3 correlated peers dropped in favour of the strongest in each group
[gate] FET/USDT blocked — R:R 0.78 below 1.2 (no room to next pool)
[gate] LINK/USDT blocked — R:R 1.00 below 1.2 (no room to next pool)
[gate] AVAX/USDT blocked — R:R 0.52 below 1.2 (no room to next pool)
[gate] ENA/USDT blocked — R:R 0.52 below 1.2 (no room to next pool)
[gate] XRP/USDT blocked — R:R 0.40 below 1.2 (no room to next pool)
[gate] LLY/USDT blocked — R:R 1.00 below 1.2 (no room to next pool)
[gate] PENDLE/USDT blocked — R:R 0.53 below 1.2 (no room to next pool)
[14:27:38] Scan #202 | 87/87 fed | 22 candidates | 0 shadow | 86 reused | 0 dispatched | 12.7s | floor=78.0
[corr] 3 correlated peers dropped in favour of the strongest in each group
[gate] FET/USDT blocked — R:R 0.78 below 1.2 (no room to next pool)
[gate] LINK/USDT blocked — R:R 1.00 below 1.2 (no room to next pool)
[gate] AVAX/USDT blocked — R:R 0.52 below 1.2 (no room to next pool)
[gate] ENA/USDT blocked — R:R 0.52 below 1.2 (no room to next pool)
[gate] XRP/USDT blocked — R:R 0.40 below 1.2 (no room to next pool)
[gate] LLY/USDT blocked — R:R 1.00 below 1.2 (no room to next pool)
[gate] PENDLE/USDT blocked — R:R 0.53 below 1.2 (no room to next pool)
[14:27:57] Scan #203 | 87/87 fed | 22 candidates | 0 shadow | 86 reused | 0 dispatched | 3.7s | floor=78.0
[corr] 3 correlated peers dropped in favour of the strongest in each group
[gate] FET/USDT blocked — R:R 0.39 below 1.2 (no room to next pool)
[gate] LINK/USDT blocked — R:R 1.00 below 1.2 (no room to next pool)
[gate] LLY/USDT blocked — R:R 1.00 below 1.2 (no room to next pool)
[gate] ENA/USDT blocked — R:R 0.52 below 1.2 (no room to next pool)
[gate] XRP/USDT blocked — R:R 0.40 below 1.2 (no room to next pool)
[gate] AVAX/USDT blocked — R:R 0.54 below 1.2 (no room to next pool)
[gate] PENDLE/USDT blocked — R:R 0.53 below 1.2 (no room to next pool)
[14:28:16] Scan #204 | 87/87 fed | 22 candidates | 0 shadow | 86 reused | 0 dispatched | 4.0s | floor=78.0
[corr] 3 correlated peers dropped in favour of the strongest in each group
[gate] FET/USDT blocked — R:R 0.39 below 1.2 (no room to next pool)
[gate] LINK/USDT blocked — R:R 1.00 below 1.2 (no room to next pool)
[gate] LLY/USDT blocked — R:R 1.00 below 1.2 (no room to next pool)
[gate] ENA/USDT blocked — R:R 0.52 below 1.2 (no room to next pool)
[gate] XRP/USDT blocked — R:R 0.40 below 1.2 (no room to next pool)
[gate] AVAX/USDT blocked — R:R 0.54 below 1.2 (no room to next pool)
[gate] PENDLE/USDT blocked — R:R 0.53 below 1.2 (no room to next pool)
[14:28:37] Scan #205 | 87/87 fed | 22 candidates | 0 shadow | 86 reused | 0 dispatched | 5.9s | floor=78.0
[corr] 3 correlated peers dropped in favour of the strongest in each group
[gate] FET/USDT blocked — R:R 0.39 below 1.2 (no room to next pool)
[gate] LINK/USDT blocked — R:R 1.00 below 1.2 (no room to next pool)
[gate] LLY/USDT blocked — R:R 1.00 below 1.2 (no room to next pool)
[gate] ENA/USDT blocked — R:R 0.52 below 1.2 (no room to next pool)
[gate] XRP/USDT blocked — R:R 0.40 below 1.2 (no room to next pool)
[gate] AVAX/USDT blocked — R:R 0.54 below 1.2 (no room to next pool)
[gate] PENDLE/USDT blocked — R:R 0.53 below 1.2 (no room to next pool)
[14:28:55] Scan #206 | 87/87 fed | 22 candidates | 0 shadow | 86 reused | 0 dispatched | 2.6s | floor=78.0
[corr] 3 correlated peers dropped in favour of the strongest in each group
[gate] FET/USDT blocked — R:R 0.39 below 1.2 (no room to next pool)
[gate] LINK/USDT blocked — R:R 1.00 below 1.2 (no room to next pool)
[gate] LLY/USDT blocked — R:R 1.00 below 1.2 (no room to next pool)
[gate] ENA/USDT blocked — R:R 0.52 below 1.2 (no room to next pool)
[gate] XRP/USDT blocked — R:R 0.40 below 1.2 (no room to next pool)
[gate] AVAX/USDT blocked — R:R 0.54 below 1.2 (no room to next pool)
[gate] PENDLE/USDT blocked — R:R 0.44 below 1.2 (no room to next pool)
[14:29:14] Scan #207 | 87/87 fed | 22 candidates | 0 shadow | 86 reused | 0 dispatched | 4.4s | floor=78.0
[corr] 3 correlated peers dropped in favour of the strongest in each group
[gate] FET/USDT blocked — R:R 0.39 below 1.2 (no room to next pool)
[gate] LLY/USDT blocked — R:R 1.00 below 1.2 (no room to next pool)
[gate] LINK/USDT blocked — R:R 1.00 below 1.2 (no room to next pool)
[gate] ENA/USDT blocked — R:R 0.52 below 1.2 (no room to next pool)
[gate] XRP/USDT blocked — R:R 0.40 below 1.2 (no room to next pool)
[gate] AVAX/USDT blocked — R:R 0.54 below 1.2 (no room to next pool)
[gate] PENDLE/USDT blocked — R:R 0.44 below 1.2 (no room to next pool)
[14:29:35] Scan #208 | 87/87 fed | 22 candidates | 0 shadow | 86 reused | 0 dispatched | 5.4s | floor=78.0
[corr] 3 correlated peers dropped in favour of the strongest in each group
[gate] FET/USDT blocked — R:R 0.39 below 1.2 (no room to next pool)
[gate] LLY/USDT blocked — R:R 1.00 below 1.2 (no room to next pool)
[gate] LINK/USDT blocked — R:R 1.00 below 1.2 (no room to next pool)
[gate] ENA/USDT blocked — R:R 0.52 below 1.2 (no room to next pool)
[gate] XRP/USDT blocked — R:R 0.40 below 1.2 (no room to next pool)
[gate] AVAX/USDT blocked — R:R 0.54 below 1.2 (no room to next pool)
[gate] PENDLE/USDT blocked — R:R 0.44 below 1.2 (no room to next pool)
[14:29:57] Scan #209 | 87/87 fed | 22 candidates | 0 shadow | 86 reused | 0 dispatched | 7.1s | floor=78.0
[corr] 1 correlated peers dropped in favour of the strongest in each group
[gate] XRP/USDT blocked — R:R 0.40 below 1.2 (no room to next pool)
[gate] LLY/USDT blocked — R:R 1.00 below 1.2 (no room to next pool)
[gate] AVAX/USDT blocked — R:R 0.35 below 1.2 (no room to next pool)
[gate] COPPER/USDT 81 held back — held threshold for only 1/3 consecutive scans
[gate] COIN/USDT 81 held back — held threshold for only 1/3 consecutive scans
[14:30:43] Scan #210 | 87/87 fed | 28 candidates | 0 shadow | 0 reused | 0 dispatched | 31.2s | floor=78.0
[corr] 1 correlated peers dropped in favour of the strongest in each group
[gate] XRP/USDT blocked — R:R 0.40 below 1.2 (no room to next pool)
[gate] LLY/USDT blocked — R:R 1.00 below 1.2 (no room to next pool)
[gate] AVAX/USDT blocked — R:R 0.35 below 1.2 (no room to next pool)
[gate] COPPER/USDT 81 held back — held threshold for only 2/3 consecutive scans
[gate] COIN/USDT 81 held back — held threshold for only 2/3 consecutive scans
[14:31:06] Scan #211 | 87/87 fed | 28 candidates | 0 shadow | 86 reused | 0 dispatched | 8.6s | floor=78.0
[corr] 1 correlated peers dropped in favour of the strongest in each group
[gate] XRP/USDT blocked — R:R 0.40 below 1.2 (no room to next pool)
[gate] LLY/USDT blocked — R:R 1.00 below 1.2 (no room to next pool)
[gate] COIN/USDT blocked — R:R 0.49 below 1.2 (no room to next pool)
[gate] COPPER/USDT blocked — R:R 1.00 below 1.2 (no room to next pool)
[gate] AVAX/USDT blocked — R:R 0.54 below 1.2 (no room to next pool)
[gate] FET/USDT 79 held back — held threshold for only 1/3 consecutive scans; score decaying (-1.7/scan) — setup is fading, not forming
[14:31:34] Scan #212 | 87/87 fed | 28 candidates | 0 shadow | 86 reused | 0 dispatched | 13.1s | floor=78.0
[corr] 1 correlated peers dropped in favour of the strongest in each group
[gate] XRP/USDT blocked — R:R 0.40 below 1.2 (no room to next pool)
[gate] LLY/USDT blocked — R:R 1.00 below 1.2 (no room to next pool)
[gate] COIN/USDT blocked — R:R 0.49 below 1.2 (no room to next pool)
[gate] COPPER/USDT blocked — R:R 1.00 below 1.2 (no room to next pool)
[gate] AVAX/USDT blocked — R:R 0.54 below 1.2 (no room to next pool)
[gate] FET/USDT 79 held back — held threshold for only 2/3 consecutive scans
[14:31:55] Scan #213 | 87/87 fed | 28 candidates | 0 shadow | 86 reused | 0 dispatched | 5.0s | floor=78.0
[corr] 1 correlated peers dropped in favour of the strongest in each group
[gate] XRP/USDT blocked — R:R 0.40 below 1.2 (no room to next pool)
[gate] LLY/USDT blocked — R:R 1.00 below 1.2 (no room to next pool)
[gate] COPPER/USDT blocked — R:R 1.00 below 1.2 (no room to next pool)
[gate] COIN/USDT blocked — R:R 0.51 below 1.2 (no room to next pool)
[gate] AVAX/USDT blocked — R:R 0.51 below 1.2 (no room to next pool)
[14:32:20] Scan #214 | 87/87 fed | 28 candidates | 0 shadow | 86 reused | 0 dispatched | 10.0s | floor=78.0
[corr] 1 correlated peers dropped in favour of the strongest in each group
[gate] XRP/USDT blocked — R:R 0.40 below 1.2 (no room to next pool)
[gate] LLY/USDT blocked — R:R 1.00 below 1.2 (no room to next pool)
[gate] COPPER/USDT blocked — R:R 1.00 below 1.2 (no room to next pool)
[gate] COIN/USDT blocked — R:R 0.51 below 1.2 (no room to next pool)
[gate] AVAX/USDT blocked — R:R 0.51 below 1.2 (no room to next pool)
[14:32:41] Scan #215 | 87/87 fed | 28 candidates | 0 shadow | 86 reused | 0 dispatched | 6.2s | floor=78.0
[corr] 1 correlated peers dropped in favour of the strongest in each group
[gate] XRP/USDT blocked — R:R 0.40 below 1.2 (no room to next pool)
[gate] LLY/USDT blocked — R:R 1.00 below 1.2 (no room to next pool)
[gate] COPPER/USDT blocked — R:R 1.00 below 1.2 (no room to next pool)
[gate] COIN/USDT blocked — R:R 0.51 below 1.2 (no room to next pool)
[gate] AVAX/USDT blocked — R:R 0.51 below 1.2 (no room to next pool)
[14:32:58] Scan #216 | 87/87 fed | 28 candidates | 0 shadow | 86 reused | 0 dispatched | 1.8s | floor=78.0
[corr] 1 correlated peers dropped in favour of the strongest in each group
[gate] XRP/USDT blocked — R:R 0.40 below 1.2 (no room to next pool)
[gate] LLY/USDT blocked — R:R 1.00 below 1.2 (no room to next pool)
[gate] COIN/USDT blocked — R:R 0.50 below 1.2 (no room to next pool)
[gate] COPPER/USDT blocked — R:R 1.00 below 1.2 (no room to next pool)
[gate] AVAX/USDT blocked — R:R 0.44 below 1.2 (no room to next pool)
[14:33:22] Scan #217 | 87/87 fed | 28 candidates | 0 shadow | 86 reused | 0 dispatched | 9.5s | floor=78.0
[corr] 1 correlated peers dropped in favour of the strongest in each group
[gate] XRP/USDT blocked — R:R 0.40 below 1.2 (no room to next pool)
[gate] LLY/USDT blocked — R:R 1.00 below 1.2 (no room to next pool)
[gate] COIN/USDT blocked — R:R 0.50 below 1.2 (no room to next pool)
[gate] COPPER/USDT blocked — R:R 1.00 below 1.2 (no room to next pool)
[gate] AVAX/USDT blocked — R:R 0.44 below 1.2 (no room to next pool)
[14:33:40] Scan #218 | 87/87 fed | 28 candidates | 0 shadow | 86 reused | 0 dispatched | 2.5s | floor=78.0
[corr] 1 correlated peers dropped in favour of the strongest in each group
[gate] XRP/USDT blocked — R:R 0.40 below 1.2 (no room to next pool)
[gate] LLY/USDT blocked — R:R 1.00 below 1.2 (no room to next pool)
[gate] COIN/USDT blocked — R:R 0.50 below 1.2 (no room to next pool)
[gate] COPPER/USDT blocked — R:R 1.00 below 1.2 (no room to next pool)
[gate] AVAX/USDT blocked — R:R 0.44 below 1.2 (no room to next pool)
[14:33:57] Scan #219 | 87/87 fed | 28 candidates | 0 shadow | 86 reused | 0 dispatched | 2.4s | floor=78.0
[corr] 1 correlated peers dropped in favour of the strongest in each group
[gate] XRP/USDT blocked — R:R 0.40 below 1.2 (no room to next pool)
[gate] LLY/USDT blocked — R:R 1.00 below 1.2 (no room to next pool)
[gate] AVAX/USDT blocked — R:R 0.35 below 1.2 (no room to next pool)
[gate] COIN/USDT blocked — R:R 0.49 below 1.2 (no room to next pool)
[gate] COPPER/USDT blocked — R:R 1.00 below 1.2 (no room to next pool)
[gate] FET/USDT 79 held back — held threshold for only 1/3 consecutive scans
[14:34:24] Scan #220 | 87/87 fed | 28 candidates | 0 shadow | 86 reused | 0 dispatched | 12.2s | floor=78.0
[corr] 1 correlated peers dropped in favour of the strongest in each group
[gate] XRP/USDT blocked — R:R 0.40 below 1.2 (no room to next pool)
[gate] LLY/USDT blocked — R:R 1.00 below 1.2 (no room to next pool)
[gate] AVAX/USDT blocked — R:R 0.35 below 1.2 (no room to next pool)
[gate] COIN/USDT blocked — R:R 0.49 below 1.2 (no room to next pool)
[gate] COPPER/USDT blocked — R:R 1.00 below 1.2 (no room to next pool)
[gate] FET/USDT 79 held back — held threshold for only 2/3 consecutive scans
[14:34:41] Scan #221 | 87/87 fed | 28 candidates | 0 shadow | 86 reused | 0 dispatched | 2.1s | floor=78.0
[corr] 1 correlated peers dropped in favour of the strongest in each group
[gate] XRP/USDT blocked — R:R 0.40 below 1.2 (no room to next pool)
[gate] COIN/USDT blocked — R:R 0.49 below 1.2 (no room to next pool)
[gate] LLY/USDT blocked — R:R 1.00 below 1.2 (no room to next pool)
[gate] AVAX/USDT blocked — R:R 0.35 below 1.2 (no room to next pool)
[gate] COPPER/USDT blocked — R:R 1.00 below 1.2 (no room to next pool)
[gate] FET/USDT blocked — R:R 0.68 below 1.2 (no room to next pool)
[14:35:05] Scan #222 | 87/87 fed | 28 candidates | 0 shadow | 86 reused | 0 dispatched | 8.5s | floor=78.0
[corr] 1 correlated peers dropped in favour of the strongest in each group
[gate] XRP/USDT blocked — R:R 0.40 below 1.2 (no room to next pool)
[gate] COIN/USDT blocked — R:R 0.57 below 1.2 (no room to next pool)
[gate] LLY/USDT blocked — R:R 1.00 below 1.2 (no room to next pool)
[gate] AVAX/USDT blocked — R:R 0.37 below 1.2 (no room to next pool)
[gate] COPPER/USDT blocked — R:R 1.00 below 1.2 (no room to next pool)
[gate] FET/USDT blocked — R:R 0.56 below 1.2 (no room to next pool)
[gate] ENA/USDT 79 held back — held threshold for only 1/3 consecutive scans
[14:35:36] Scan #223 | 87/87 fed | 28 candidates | 0 shadow | 86 reused | 0 dispatched | 15.7s | floor=78.0
[corr] 1 correlated peers dropped in favour of the strongest in each group
[gate] XRP/USDT blocked — R:R 0.40 below 1.2 (no room to next pool)
[gate] COIN/USDT blocked — R:R 0.57 below 1.2 (no room to next pool)
[gate] LLY/USDT blocked — R:R 1.00 below 1.2 (no room to next pool)
[gate] AVAX/USDT blocked — R:R 0.37 below 1.2 (no room to next pool)
[gate] COPPER/USDT blocked — R:R 1.00 below 1.2 (no room to next pool)
[gate] FET/USDT blocked — R:R 0.56 below 1.2 (no room to next pool)
[gate] ENA/USDT 79 held back — held threshold for only 2/3 consecutive scans
[14:35:57] Scan #224 | 87/87 fed | 28 candidates | 0 shadow | 86 reused | 0 dispatched | 6.2s | floor=78.0
[corr] 1 correlated peers dropped in favour of the strongest in each group
[gate] XRP/USDT blocked — R:R 0.40 below 1.2 (no room to next pool)
[gate] COIN/USDT blocked — R:R 0.57 below 1.2 (no room to next pool)
[gate] LLY/USDT blocked — R:R 1.00 below 1.2 (no room to next pool)
[gate] AVAX/USDT blocked — R:R 0.35 below 1.2 (no room to next pool)
[gate] COPPER/USDT blocked — R:R 1.00 below 1.2 (no room to next pool)
[gate] FET/USDT blocked — R:R 0.68 below 1.2 (no room to next pool)
[gate] ENA/USDT blocked — R:R 0.44 below 1.2 (no room to next pool)
[14:36:28] Scan #225 | 87/87 fed | 28 candidates | 0 shadow | 86 reused | 0 dispatched | 16.3s | floor=78.0
[corr] 1 correlated peers dropped in favour of the strongest in each group
[gate] XRP/USDT blocked — R:R 0.40 below 1.2 (no room to next pool)
[gate] COIN/USDT blocked — R:R 0.57 below 1.2 (no room to next pool)
[gate] LLY/USDT blocked — R:R 1.00 below 1.2 (no room to next pool)
[gate] AVAX/USDT blocked — R:R 0.35 below 1.2 (no room to next pool)
[gate] COPPER/USDT blocked — R:R 1.00 below 1.2 (no room to next pool)
[gate] FET/USDT blocked — R:R 0.68 below 1.2 (no room to next pool)
[gate] ENA/USDT blocked — R:R 0.44 below 1.2 (no room to next pool)
[14:36:50] Scan #226 | 87/87 fed | 29 candidates | 0 shadow | 86 reused | 0 dispatched | 6.7s | floor=78.0
[corr] 1 correlated peers dropped in favour of the strongest in each group
[gate] COIN/USDT blocked — R:R 0.32 below 1.2 (no room to next pool)
[gate] XRP/USDT blocked — R:R 0.40 below 1.2 (no room to next pool)
[gate] LLY/USDT blocked — R:R 1.00 below 1.2 (no room to next pool)
[gate] COPPER/USDT blocked — R:R 1.00 below 1.2 (no room to next pool)
[gate] XLE/USDT 78 held back — held threshold for only 1/3 consecutive scans
[14:37:17] Scan #227 | 87/87 fed | 29 candidates | 0 shadow | 86 reused | 0 dispatched | 11.7s | floor=78.0
[news] settled 889 term observations
[corr] 1 correlated peers dropped in favour of the strongest in each group
[gate] COIN/USDT blocked — R:R 0.32 below 1.2 (no room to next pool)
[gate] XRP/USDT blocked — R:R 0.40 below 1.2 (no room to next pool)
[gate] LLY/USDT blocked — R:R 1.00 below 1.2 (no room to next pool)
[gate] COPPER/USDT blocked — R:R 1.00 below 1.2 (no room to next pool)
[gate] XLE/USDT 78 held back — held threshold for only 2/3 consecutive scans
[14:37:33] Scan #228 | 87/87 fed | 29 candidates | 0 shadow | 86 reused | 0 dispatched | 1.4s | floor=78.0
[corr] 1 correlated peers dropped in favour of the strongest in each group
[gate] COIN/USDT blocked — R:R 0.32 below 1.2 (no room to next pool)
[gate] XRP/USDT blocked — R:R 0.40 below 1.2 (no room to next pool)
[gate] LLY/USDT blocked — R:R 1.00 below 1.2 (no room to next pool)
[gate] COPPER/USDT blocked — R:R 1.00 below 1.2 (no room to next pool)
[gate] XLE/USDT blocked — Event move still unresolved — no lower high / structure break yet — still inside the vertical
[14:37:53] Scan #229 | 87/87 fed | 29 candidates | 0 shadow | 86 reused | 0 dispatched | 5.2s | floor=78.0
[corr] 1 correlated peers dropped in favour of the strongest in each group
[gate] XRP/USDT blocked — R:R 0.27 below 1.2 (no room to next pool)
[gate] COIN/USDT blocked — R:R 0.63 below 1.2 (no room to next pool)
[gate] LLY/USDT blocked — R:R 1.00 below 1.2 (no room to next pool)
[gate] COPPER/USDT blocked — R:R 1.00 below 1.2 (no room to next pool)
[gate] FET/USDT 80 held back — held threshold for only 1/3 consecutive scans
[gate] XLE/USDT blocked — Event move still unresolved — no lower high / structure break yet — still inside the vertical
[14:38:19] Scan #230 | 87/87 fed | 29 candidates | 0 shadow | 86 reused | 0 dispatched | 11.0s | floor=78.0
[corr] 1 correlated peers dropped in favour of the strongest in each group
[gate] XRP/USDT blocked — R:R 0.27 below 1.2 (no room to next pool)
[gate] COIN/USDT blocked — R:R 0.63 below 1.2 (no room to next pool)
[gate] LLY/USDT blocked — R:R 1.00 below 1.2 (no room to next pool)
[gate] COPPER/USDT blocked — R:R 1.00 below 1.2 (no room to next pool)
[gate] FET/USDT 80 held back — held threshold for only 2/3 consecutive scans
[gate] XLE/USDT blocked — Event move still unresolved — no lower high / structure break yet — still inside the vertical
[14:38:36] Scan #231 | 87/87 fed | 29 candidates | 0 shadow | 86 reused | 0 dispatched | 1.6s | floor=78.0
[corr] 1 correlated peers dropped in favour of the strongest in each group
[gate] XRP/USDT blocked — R:R 0.27 below 1.2 (no room to next pool)
[gate] COIN/USDT blocked — R:R 0.63 below 1.2 (no room to next pool)
[gate] LLY/USDT blocked — R:R 1.00 below 1.2 (no room to next pool)
[gate] COPPER/USDT blocked — R:R 1.00 below 1.2 (no room to next pool)
[gate] FET/USDT blocked — R:R 0.56 below 1.2 (no room to next pool)
[gate] XLE/USDT blocked — Event move still unresolved — no lower high / structure break yet — still inside the vertical
[14:38:52] Scan #232 | 87/87 fed | 29 candidates | 0 shadow | 86 reused | 0 dispatched | 1.2s | floor=78.0
[corr] 1 correlated peers dropped in favour of the strongest in each group
[gate] XRP/USDT blocked — R:R 0.27 below 1.2 (no room to next pool)
[gate] COIN/USDT blocked — R:R 0.65 below 1.2 (no room to next pool)
[gate] LLY/USDT blocked — R:R 1.00 below 1.2 (no room to next pool)
[gate] COPPER/USDT blocked — R:R 1.00 below 1.2 (no room to next pool)
[gate] FET/USDT blocked — R:R 0.68 below 1.2 (no room to next pool)
[14:39:18] Scan #233 | 87/87 fed | 29 candidates | 0 shadow | 86 reused | 0 dispatched | 10.7s | floor=78.0
[corr] 1 correlated peers dropped in favour of the strongest in each group
[gate] XRP/USDT blocked — R:R 0.27 below 1.2 (no room to next pool)
[gate] COIN/USDT blocked — R:R 0.65 below 1.2 (no room to next pool)
[gate] LLY/USDT blocked — R:R 1.00 below 1.2 (no room to next pool)
[gate] COPPER/USDT blocked — R:R 1.00 below 1.2 (no room to next pool)
[gate] FET/USDT blocked — R:R 0.68 below 1.2 (no room to next pool)
[14:39:35] Scan #234 | 87/87 fed | 29 candidates | 0 shadow | 86 reused | 0 dispatched | 1.7s | floor=78.0
[corr] 1 correlated peers dropped in favour of the strongest in each group
[gate] XRP/USDT blocked — R:R 0.27 below 1.2 (no room to next pool)
[gate] COIN/USDT blocked — R:R 0.65 below 1.2 (no room to next pool)
[gate] LLY/USDT blocked — R:R 1.00 below 1.2 (no room to next pool)
[gate] COPPER/USDT blocked — R:R 1.00 below 1.2 (no room to next pool)
[gate] FET/USDT blocked — R:R 0.68 below 1.2 (no room to next pool)
[14:39:51] Scan #235 | 87/87 fed | 29 candidates | 0 shadow | 86 reused | 0 dispatched | 0.9s | floor=78.0
[corr] 1 correlated peers dropped in favour of the strongest in each group
[gate] XRP/USDT blocked — R:R 0.27 below 1.2 (no room to next pool)
[gate] COIN/USDT blocked — R:R 0.53 below 1.2 (no room to next pool)
[gate] LLY/USDT blocked — R:R 1.00 below 1.2 (no room to next pool)
[gate] COPPER/USDT blocked — R:R 1.00 below 1.2 (no room to next pool)
[gate] FET/USDT blocked — R:R 0.46 below 1.2 (no room to next pool)
[gate] ENA/USDT 79 held back — held threshold for only 1/3 consecutive scans
[14:40:24] Scan #236 | 87/87 fed | 29 candidates | 0 shadow | 86 reused | 0 dispatched | 18.3s | floor=78.0
[corr] 1 correlated peers dropped in favour of the strongest in each group
[gate] XRP/USDT blocked — R:R 0.27 below 1.2 (no room to next pool)
[gate] COIN/USDT blocked — R:R 0.53 below 1.2 (no room to next pool)
[gate] LLY/USDT blocked — R:R 1.00 below 1.2 (no room to next pool)
[gate] COPPER/USDT blocked — R:R 1.00 below 1.2 (no room to next pool)
[gate] FET/USDT blocked — R:R 0.46 below 1.2 (no room to next pool)
[gate] ENA/USDT 79 held back — held threshold for only 2/3 consecutive scans
[14:40:46] Scan #237 | 87/87 fed | 29 candidates | 0 shadow | 86 reused | 0 dispatched | 7.5s | floor=78.0
[corr] 1 correlated peers dropped in favour of the strongest in each group
[gate] XRP/USDT blocked — R:R 0.27 below 1.2 (no room to next pool)
[gate] COIN/USDT blocked — R:R 0.53 below 1.2 (no room to next pool)
[gate] LLY/USDT blocked — R:R 1.00 below 1.2 (no room to next pool)
[gate] COPPER/USDT blocked — R:R 1.00 below 1.2 (no room to next pool)
[gate] FET/USDT blocked — R:R 0.46 below 1.2 (no room to next pool)
[gate] ENA/USDT blocked — R:R 0.44 below 1.2 (no room to next pool)
[14:41:15] Scan #238 | 87/87 fed | 29 candidates | 0 shadow | 86 reused | 0 dispatched | 13.7s | floor=78.0
[corr] 1 correlated peers dropped in favour of the strongest in each group
[gate] XRP/USDT blocked — R:R 0.40 below 1.2 (no room to next pool)
[gate] COIN/USDT blocked — R:R 0.51 below 1.2 (no room to next pool)
[gate] LLY/USDT blocked — R:R 1.00 below 1.2 (no room to next pool)
[gate] COPPER/USDT blocked — R:R 1.00 below 1.2 (no room to next pool)
[gate] FET/USDT blocked — R:R 0.37 below 1.2 (no room to next pool)
[14:41:42] Scan #239 | 87/87 fed | 29 candidates | 0 shadow | 86 reused | 0 dispatched | 11.5s | floor=78.0
[corr] 1 correlated peers dropped in favour of the strongest in each group
[gate] XRP/USDT blocked — R:R 0.40 below 1.2 (no room to next pool)
[gate] COIN/USDT blocked — R:R 0.51 below 1.2 (no room to next pool)
[gate] LLY/USDT blocked — R:R 1.00 below 1.2 (no room to next pool)
[gate] COPPER/USDT blocked — R:R 1.00 below 1.2 (no room to next pool)
[gate] FET/USDT blocked — R:R 0.37 below 1.2 (no room to next pool)
[14:42:08] Scan #240 | 87/87 fed | 29 candidates | 0 shadow | 86 reused | 0 dispatched | 11.7s | floor=78.0
[corr] 1 correlated peers dropped in favour of the strongest in each group
[gate] XRP/USDT blocked — R:R 0.40 below 1.2 (no room to next pool)
[gate] COIN/USDT blocked — R:R 0.47 below 1.2 (no room to next pool)
[gate] LLY/USDT blocked — R:R 1.00 below 1.2 (no room to next pool)
[gate] COPPER/USDT blocked — R:R 1.00 below 1.2 (no room to next pool)
[gate] FET/USDT blocked — R:R 0.46 below 1.2 (no room to next pool)
[14:42:29] Scan #241 | 87/87 fed | 29 candidates | 0 shadow | 86 reused | 0 dispatched | 5.9s | floor=78.0
[corr] 1 correlated peers dropped in favour of the strongest in each group
[gate] XRP/USDT blocked — R:R 0.40 below 1.2 (no room to next pool)
[gate] COIN/USDT blocked — R:R 0.47 below 1.2 (no room to next pool)
[gate] LLY/USDT blocked — R:R 1.00 below 1.2 (no room to next pool)
[gate] COPPER/USDT blocked — R:R 1.00 below 1.2 (no room to next pool)
[gate] FET/USDT blocked — R:R 0.46 below 1.2 (no room to next pool)
[14:42:49] Scan #242 | 87/87 fed | 29 candidates | 0 shadow | 86 reused | 0 dispatched | 5.2s | floor=78.0
[corr] 1 correlated peers dropped in favour of the strongest in each group
[gate] XRP/USDT blocked — R:R 0.40 below 1.2 (no room to next pool)
[gate] COIN/USDT blocked — R:R 0.49 below 1.2 (no room to next pool)
[gate] LLY/USDT blocked — R:R 1.00 below 1.2 (no room to next pool)
[gate] COPPER/USDT blocked — R:R 1.00 below 1.2 (no room to next pool)
[gate] FET/USDT blocked — R:R 0.37 below 1.2 (no room to next pool)
[14:43:14] Scan #243 | 87/87 fed | 29 candidates | 0 shadow | 86 reused | 0 dispatched | 9.6s | floor=78.0
[corr] 1 correlated peers dropped in favour of the strongest in each group
[gate] XRP/USDT blocked — R:R 0.40 below 1.2 (no room to next pool)
[gate] COIN/USDT blocked — R:R 0.49 below 1.2 (no room to next pool)
[gate] LLY/USDT blocked — R:R 1.00 below 1.2 (no room to next pool)
[gate] COPPER/USDT blocked — R:R 1.00 below 1.2 (no room to next pool)
[gate] FET/USDT blocked — R:R 0.37 below 1.2 (no room to next pool)
[14:43:31] Scan #244 | 87/87 fed | 29 candidates | 0 shadow | 86 reused | 0 dispatched | 1.9s | floor=78.0
[corr] 1 correlated peers dropped in favour of the strongest in each group
[gate] XRP/USDT blocked — R:R 0.40 below 1.2 (no room to next pool)
[gate] COIN/USDT blocked — R:R 0.49 below 1.2 (no room to next pool)
[gate] LLY/USDT blocked — R:R 1.00 below 1.2 (no room to next pool)
[gate] COPPER/USDT blocked — R:R 1.00 below 1.2 (no room to next pool)
[gate] FET/USDT blocked — R:R 0.37 below 1.2 (no room to next pool)
[14:43:53] Scan #245 | 87/87 fed | 29 candidates | 0 shadow | 86 reused | 0 dispatched | 7.3s | floor=78.0
[corr] 1 correlated peers dropped in favour of the strongest in each group
[gate] XRP/USDT blocked — R:R 0.40 below 1.2 (no room to next pool)
[gate] COIN/USDT blocked — R:R 0.45 below 1.2 (no room to next pool)
[gate] LLY/USDT blocked — R:R 1.00 below 1.2 (no room to next pool)
[gate] COPPER/USDT blocked — R:R 1.00 below 1.2 (no room to next pool)
[gate] XLE/USDT 78 held back — held threshold for only 1/3 consecutive scans
[gate] FET/USDT blocked — R:R 0.46 below 1.2 (no room to next pool)
[14:44:15] Scan #246 | 87/87 fed | 29 candidates | 0 shadow | 86 reused | 0 dispatched | 6.9s | floor=78.0
[corr] 1 correlated peers dropped in favour of the strongest in each group
[gate] XRP/USDT blocked — R:R 0.40 below 1.2 (no room to next pool)
[gate] COIN/USDT blocked — R:R 0.45 below 1.2 (no room to next pool)
[gate] LLY/USDT blocked — R:R 1.00 below 1.2 (no room to next pool)
[gate] COPPER/USDT blocked — R:R 1.00 below 1.2 (no room to next pool)
[gate] XLE/USDT 78 held back — held threshold for only 2/3 consecutive scans
[gate] FET/USDT blocked — R:R 0.46 below 1.2 (no room to next pool)
[14:44:36] Scan #247 | 87/87 fed | 29 candidates | 0 shadow | 86 reused | 0 dispatched | 5.6s | floor=78.0
[corr] 1 correlated peers dropped in favour of the strongest in each group
[gate] XRP/USDT blocked — R:R 0.40 below 1.2 (no room to next pool)
[gate] COIN/USDT blocked — R:R 0.45 below 1.2 (no room to next pool)
[gate] LLY/USDT blocked — R:R 1.00 below 1.2 (no room to next pool)
[gate] COPPER/USDT blocked — R:R 1.00 below 1.2 (no room to next pool)
[gate] XLE/USDT blocked — Event move still unresolved — no lower high / structure break yet — still inside the vertical
[gate] FET/USDT blocked — R:R 0.46 below 1.2 (no room to next pool)
[14:44:55] Scan #248 | 87/87 fed | 29 candidates | 0 shadow | 86 reused | 0 dispatched | 4.0s | floor=78.0
[corr] 3 correlated peers dropped in favour of the strongest in each group
[gate] LLY/USDT blocked — R:R 1.00 below 1.2 (no room to next pool)
[gate] PENDLE/USDT 81 held back — held threshold for only 1/3 consecutive scans
[gate] XLE/USDT blocked — Event move still unresolved — no lower high / structure break yet — still inside the vertical
[gate] COPPER/USDT blocked — R:R 1.00 below 1.2 (no room to next pool)
[gate] NEAR/USDT blocked — R:R 0.38 below 1.2 (no room to next pool)
[14:45:41] Scan #249 | 87/87 fed | 27 candidates | 2 shadow | 0 reused | 0 dispatched | 31.0s | floor=78.0
[corr] 3 correlated peers dropped in favour of the strongest in each group
[gate] LLY/USDT blocked — R:R 1.00 below 1.2 (no room to next pool)
[gate] PENDLE/USDT 81 held back — held threshold for only 2/3 consecutive scans
[gate] XLE/USDT blocked — Event move still unresolved — no lower high / structure break yet — still inside the vertical
[gate] COPPER/USDT blocked — R:R 1.00 below 1.2 (no room to next pool)
[gate] NEAR/USDT blocked — R:R 0.38 below 1.2 (no room to next pool)
[14:46:02] Scan #250 | 87/87 fed | 27 candidates | 0 shadow | 86 reused | 0 dispatched | 6.0s | floor=78.0
[corr] 3 correlated peers dropped in favour of the strongest in each group
[gate] AVAX/USDT blocked — R:R 0.37 below 1.2 (no room to next pool)
[gate] LLY/USDT blocked — R:R 1.00 below 1.2 (no room to next pool)
[gate] PENDLE/USDT blocked — R:R 0.42 below 1.2 (no room to next pool)
[gate] XLE/USDT blocked — Event move still unresolved — no lower high / structure break yet — still inside the vertical
[gate] COPPER/USDT blocked — R:R 1.00 below 1.2 (no room to next pool)
[14:46:26] Scan #251 | 87/87 fed | 27 candidates | 0 shadow | 86 reused | 0 dispatched | 9.3s | floor=78.0
[corr] 3 correlated peers dropped in favour of the strongest in each group
[gate] AVAX/USDT blocked — R:R 0.37 below 1.2 (no room to next pool)
[gate] LLY/USDT blocked — R:R 1.00 below 1.2 (no room to next pool)
[gate] PENDLE/USDT blocked — R:R 0.42 below 1.2 (no room to next pool)
[gate] XLE/USDT blocked — Event move still unresolved — no lower high / structure break yet — still inside the vertical
[gate] COPPER/USDT blocked — R:R 1.00 below 1.2 (no room to next pool)
[14:46:51] Scan #252 | 87/87 fed | 27 candidates | 0 shadow | 86 reused | 0 dispatched | 10.2s | floor=78.0
[corr] 3 correlated peers dropped in favour of the strongest in each group
[gate] AVAX/USDT blocked — R:R 0.40 below 1.2 (no room to next pool)
[gate] LLY/USDT blocked — R:R 1.00 below 1.2 (no room to next pool)
[gate] PENDLE/USDT blocked — R:R 0.42 below 1.2 (no room to next pool)
[gate] XLE/USDT blocked — Event move still unresolved — no lower high / structure break yet — still inside the vertical
[gate] COPPER/USDT blocked — R:R 1.00 below 1.2 (no room to next pool)
[14:47:18] Scan #253 | 87/87 fed | 27 candidates | 0 shadow | 86 reused | 0 dispatched | 12.0s | floor=78.0
[shadow] PLTR/USDT LONG -> TP1_HIT (+0.25%) DERIV_ALIGNED,NEWS_ALIGNED
[corr] 3 correlated peers dropped in favour of the strongest in each group
[gate] AVAX/USDT blocked — R:R 0.40 below 1.2 (no room to next pool)
[gate] PENDLE/USDT blocked — R:R 0.42 below 1.2 (no room to next pool)
[gate] XLE/USDT blocked — Event move still unresolved — no lower high / structure break yet — still inside the vertical
[gate] LLY/USDT blocked — R:R 1.00 below 1.2 (no room to next pool)
[gate] COPPER/USDT blocked — R:R 1.00 below 1.2 (no room to next pool)
[14:47:40] Scan #254 | 87/87 fed | 27 candidates | 0 shadow | 86 reused | 0 dispatched | 6.4s | floor=78.0
[corr] 3 correlated peers dropped in favour of the strongest in each group
[gate] AVAX/USDT blocked — R:R 0.40 below 1.2 (no room to next pool)
[gate] PENDLE/USDT blocked — R:R 0.42 below 1.2 (no room to next pool)
[gate] XLE/USDT blocked — Event move still unresolved — no lower high / structure break yet — still inside the vertical
[gate] LLY/USDT blocked — R:R 1.00 below 1.2 (no room to next pool)
[gate] COPPER/USDT blocked — R:R 1.00 below 1.2 (no room to next pool)
[14:47:56] Scan #255 | 87/87 fed | 27 candidates | 0 shadow | 86 reused | 0 dispatched | 1.3s | floor=78.0
[corr] 3 correlated peers dropped in favour of the strongest in each group
[gate] PENDLE/USDT blocked — R:R 0.42 below 1.2 (no room to next pool)
[gate] AVAX/USDT blocked — R:R 0.47 below 1.2 (no room to next pool)
[gate] XLE/USDT blocked — Event move still unresolved — no lower high / structure break yet — still inside the vertical
[gate] LLY/USDT blocked — R:R 1.00 below 1.2 (no room to next pool)
[gate] COPPER/USDT blocked — R:R 1.00 below 1.2 (no room to next pool)
[gate] ENA/USDT 79 held back — held threshold for only 1/3 consecutive scans
[14:48:22] Scan #256 | 87/87 fed | 27 candidates | 0 shadow | 86 reused | 0 dispatched | 11.0s | floor=78.0
[corr] 3 correlated peers dropped in favour of the strongest in each group
[gate] PENDLE/USDT blocked — R:R 0.42 below 1.2 (no room to next pool)
[gate] AVAX/USDT blocked — R:R 0.47 below 1.2 (no room to next pool)
[gate] XLE/USDT blocked — Event move still unresolved — no lower high / structure break yet — still inside the vertical
[gate] LLY/USDT blocked — R:R 1.00 below 1.2 (no room to next pool)
[gate] COPPER/USDT blocked — R:R 1.00 below 1.2 (no room to next pool)
[gate] ENA/USDT 79 held back — held threshold for only 2/3 consecutive scans
[14:48:42] Scan #257 | 87/87 fed | 27 candidates | 0 shadow | 86 reused | 0 dispatched | 5.1s | floor=78.0
[corr] 3 correlated peers dropped in favour of the strongest in each group
[gate] PENDLE/USDT blocked — R:R 0.42 below 1.2 (no room to next pool)
[gate] AVAX/USDT blocked — R:R 0.47 below 1.2 (no room to next pool)
[gate] XLE/USDT blocked — Event move still unresolved — no lower high / structure break yet — still inside the vertical
[gate] LLY/USDT blocked — R:R 1.00 below 1.2 (no room to next pool)
[gate] COPPER/USDT blocked — R:R 1.00 below 1.2 (no room to next pool)
[gate] ENA/USDT blocked — R:R 0.44 below 1.2 (no room to next pool)
[14:48:58] Scan #258 | 87/87 fed | 27 candidates | 0 shadow | 86 reused | 0 dispatched | 1.3s | floor=78.0
[corr] 3 correlated peers dropped in favour of the strongest in each group
[gate] AVAX/USDT blocked — R:R 0.35 below 1.2 (no room to next pool)
[gate] PENDLE/USDT blocked — R:R 0.51 below 1.2 (no room to next pool)
[gate] XLE/USDT blocked — Event move still unresolved — no lower high / structure break yet — still inside the vertical
[gate] LLY/USDT blocked — R:R 1.00 below 1.2 (no room to next pool)
[gate] ENA/USDT blocked — R:R 0.37 below 1.2 (no room to next pool)
[gate] COPPER/USDT blocked — R:R 1.00 below 1.2 (no room to next pool)
[14:49:22] Scan #259 | 87/87 fed | 27 candidates | 0 shadow | 86 reused | 0 dispatched | 8.4s | floor=78.0
[corr] 3 correlated peers dropped in favour of the strongest in each group
[gate] AVAX/USDT blocked — R:R 0.35 below 1.2 (no room to next pool)
[gate] PENDLE/USDT blocked — R:R 0.51 below 1.2 (no room to next pool)
[gate] XLE/USDT blocked — Event move still unresolved — no lower high / structure break yet — still inside the vertical
[gate] LLY/USDT blocked — R:R 1.00 below 1.2 (no room to next pool)
[gate] ENA/USDT blocked — R:R 0.37 below 1.2 (no room to next pool)
[gate] COPPER/USDT blocked — R:R 1.00 below 1.2 (no room to next pool)
[14:49:41] Scan #260 | 87/87 fed | 27 candidates | 0 shadow | 86 reused | 0 dispatched | 4.0s | floor=78.0
[corr] 3 correlated peers dropped in favour of the strongest in each group
[gate] AVAX/USDT blocked — R:R 0.35 below 1.2 (no room to next pool)
[gate] PENDLE/USDT blocked — R:R 0.51 below 1.2 (no room to next pool)
[gate] XLE/USDT blocked — Event move still unresolved — no lower high / structure break yet — still inside the vertical
[gate] LLY/USDT blocked — R:R 1.00 below 1.2 (no room to next pool)
[gate] ENA/USDT blocked — R:R 0.37 below 1.2 (no room to next pool)
[gate] COPPER/USDT blocked — R:R 1.00 below 1.2 (no room to next pool)
[14:49:57] Scan #261 | 87/87 fed | 27 candidates | 0 shadow | 86 reused | 0 dispatched | 1.2s | floor=78.0
[corr] 3 correlated peers dropped in favour of the strongest in each group
[gate] AVAX/USDT blocked — R:R 0.58 below 1.2 (no room to next pool)
[gate] XLE/USDT blocked — Event move still unresolved — no lower high / structure break yet — still inside the vertical
[gate] LLY/USDT blocked — R:R 1.00 below 1.2 (no room to next pool)
[gate] COPPER/USDT blocked — R:R 1.00 below 1.2 (no room to next pool)
[gate] PENDLE/USDT blocked — R:R 0.68 below 1.2 (no room to next pool)
[gate] ENA/USDT blocked — R:R 0.44 below 1.2 (no room to next pool)
[14:50:21] Scan #262 | 87/87 fed | 27 candidates | 0 shadow | 86 reused | 0 dispatched | 9.6s | floor=78.0
[corr] 3 correlated peers dropped in favour of the strongest in each group
[gate] AVAX/USDT blocked — R:R 0.58 below 1.2 (no room to next pool)
[gate] XLE/USDT blocked — Event move still unresolved — no lower high / structure break yet — still inside the vertical
[gate] LLY/USDT blocked — R:R 1.00 below 1.2 (no room to next pool)
[gate] COPPER/USDT blocked — R:R 1.00 below 1.2 (no room to next pool)
[gate] PENDLE/USDT blocked — R:R 0.68 below 1.2 (no room to next pool)
[gate] ENA/USDT blocked — R:R 0.44 below 1.2 (no room to next pool)
[14:50:52] Scan #263 | 87/87 fed | 27 candidates | 0 shadow | 86 reused | 0 dispatched | 15.7s | floor=78.0
[corr] 3 correlated peers dropped in favour of the strongest in each group
[gate] AVAX/USDT blocked — R:R 0.58 below 1.2 (no room to next pool)
[gate] XLE/USDT blocked — Event move still unresolved — no lower high / structure break yet — still inside the vertical
[gate] LLY/USDT blocked — R:R 1.00 below 1.2 (no room to next pool)
[gate] COPPER/USDT blocked — R:R 1.00 below 1.2 (no room to next pool)
[gate] PENDLE/USDT blocked — R:R 0.68 below 1.2 (no room to next pool)
[gate] ENA/USDT blocked — R:R 0.44 below 1.2 (no room to next pool)
[14:51:17] Scan #264 | 87/87 fed | 27 candidates | 0 shadow | 86 reused | 0 dispatched | 9.5s | floor=78.0
[corr] 3 correlated peers dropped in favour of the strongest in each group
[gate] AVAX/USDT blocked — R:R 0.58 below 1.2 (no room to next pool)
[gate] XLE/USDT blocked — Event move still unresolved — no lower high / structure break yet — still inside the vertical
[gate] LLY/USDT blocked — R:R 1.00 below 1.2 (no room to next pool)
[gate] COPPER/USDT blocked — R:R 1.00 below 1.2 (no room to next pool)
[gate] PENDLE/USDT blocked — R:R 0.68 below 1.2 (no room to next pool)
[gate] ENA/USDT blocked — R:R 0.44 below 1.2 (no room to next pool)
[14:51:36] Scan #265 | 87/87 fed | 27 candidates | 0 shadow | 86 reused | 0 dispatched | 4.4s | floor=78.0
[corr] 3 correlated peers dropped in favour of the strongest in each group
[gate] AVAX/USDT blocked — R:R 0.58 below 1.2 (no room to next pool)
[gate] XLE/USDT blocked — Event move still unresolved — no lower high / structure break yet — still inside the vertical
[gate] LLY/USDT blocked — R:R 1.00 below 1.2 (no room to next pool)
[gate] COPPER/USDT blocked — R:R 1.00 below 1.2 (no room to next pool)
[gate] PENDLE/USDT blocked — R:R 0.68 below 1.2 (no room to next pool)
[gate] ENA/USDT blocked — R:R 0.44 below 1.2 (no room to next pool)
[14:51:59] Scan #266 | 87/87 fed | 27 candidates | 0 shadow | 86 reused | 0 dispatched | 8.0s | floor=78.0
[news] settled 1346 term observations
[corr] 3 correlated peers dropped in favour of the strongest in each group
[gate] AVAX/USDT blocked — R:R 0.35 below 1.2 (no room to next pool)
[gate] XLE/USDT blocked — Event move still unresolved — no lower high / structure break yet — still inside the vertical
[gate] LLY/USDT blocked — R:R 1.00 below 1.2 (no room to next pool)
[gate] COPPER/USDT blocked — R:R 1.00 below 1.2 (no room to next pool)
[14:52:25] Scan #267 | 87/87 fed | 27 candidates | 0 shadow | 86 reused | 0 dispatched | 11.0s | floor=78.0
[shadow] LINK/USDT LONG -> TP1_HIT (+2.10%) DERIV_CONFLICT,NEWS_ALIGNED
[corr] 3 correlated peers dropped in favour of the strongest in each group
[gate] AVAX/USDT blocked — R:R 0.35 below 1.2 (no room to next pool)
[gate] XLE/USDT blocked — Event move still unresolved — no lower high / structure break yet — still inside the vertical
[gate] LLY/USDT blocked — R:R 1.00 below 1.2 (no room to next pool)
[gate] COPPER/USDT blocked — R:R 1.00 below 1.2 (no room to next pool)
[14:52:46] Scan #268 | 87/87 fed | 27 candidates | 1 shadow | 86 reused | 0 dispatched | 6.1s | floor=78.0
[corr] 3 correlated peers dropped in favour of the strongest in each group
[gate] AVAX/USDT blocked — R:R 0.35 below 1.2 (no room to next pool)
[gate] XLE/USDT blocked — Event move still unresolved — no lower high / structure break yet — still inside the vertical
[gate] LLY/USDT blocked — R:R 1.00 below 1.2 (no room to next pool)
[gate] COPPER/USDT blocked — R:R 1.00 below 1.2 (no room to next pool)
[14:53:02] Scan #269 | 87/87 fed | 27 candidates | 0 shadow | 86 reused | 0 dispatched | 1.0s | floor=78.0
[corr] 3 correlated peers dropped in favour of the strongest in each group
[gate] XLE/USDT blocked — Event move still unresolved — no lower high / structure break yet — still inside the vertical
[gate] LLY/USDT blocked — R:R 1.00 below 1.2 (no room to next pool)
[gate] AVAX/USDT blocked — R:R 0.68 below 1.2 (no room to next pool)
[gate] COPPER/USDT blocked — R:R 1.00 below 1.2 (no room to next pool)
[14:53:29] Scan #270 | 87/87 fed | 27 candidates | 0 shadow | 86 reused | 0 dispatched | 12.0s | floor=78.0
[corr] 3 correlated peers dropped in favour of the strongest in each group
[gate] XLE/USDT blocked — Event move still unresolved — no lower high / structure break yet — still inside the vertical
[gate] LLY/USDT blocked — R:R 1.00 below 1.2 (no room to next pool)
[gate] AVAX/USDT blocked — R:R 0.68 below 1.2 (no room to next pool)
[gate] COPPER/USDT blocked — R:R 1.00 below 1.2 (no room to next pool)
[14:53:48] Scan #271 | 87/87 fed | 27 candidates | 0 shadow | 86 reused | 0 dispatched | 3.8s | floor=78.0
[corr] 3 correlated peers dropped in favour of the strongest in each group
[gate] XLE/USDT blocked — Event move still unresolved — no lower high / structure break yet — still inside the vertical
[gate] LLY/USDT blocked — R:R 1.00 below 1.2 (no room to next pool)
[gate] AVAX/USDT blocked — R:R 0.68 below 1.2 (no room to next pool)
[gate] COPPER/USDT blocked — R:R 1.00 below 1.2 (no room to next pool)
[14:54:04] Scan #272 | 87/87 fed | 27 candidates | 0 shadow | 86 reused | 0 dispatched | 1.0s | floor=78.0
[corr] 3 correlated peers dropped in favour of the strongest in each group
[gate] XLE/USDT blocked — Event move still unresolved — no lower high / structure break yet — still inside the vertical
[gate] LLY/USDT blocked — R:R 1.00 below 1.2 (no room to next pool)
[gate] COPPER/USDT blocked — R:R 1.00 below 1.2 (no room to next pool)
[gate] NEAR/USDT 79 held back — held threshold for only 1/3 consecutive scans
[14:54:28] Scan #273 | 87/87 fed | 27 candidates | 0 shadow | 86 reused | 0 dispatched | 9.3s | floor=78.0
[corr] 3 correlated peers dropped in favour of the strongest in each group
[gate] XLE/USDT blocked — Event move still unresolved — no lower high / structure break yet — still inside the vertical
[gate] LLY/USDT blocked — R:R 1.00 below 1.2 (no room to next pool)
[gate] COPPER/USDT blocked — R:R 1.00 below 1.2 (no room to next pool)
[gate] JUP/USDT 79 held back — held threshold for only 1/3 consecutive scans
[gate] NEAR/USDT 79 held back — held threshold for only 2/3 consecutive scans
[14:54:50] Scan #274 | 87/87 fed | 27 candidates | 0 shadow | 86 reused | 0 dispatched | 6.2s | floor=78.0
[corr] 3 correlated peers dropped in favour of the strongest in each group
[gate] XLE/USDT blocked — Event move still unresolved — no lower high / structure break yet — still inside the vertical
[gate] LLY/USDT blocked — R:R 1.00 below 1.2 (no room to next pool)
[gate] COPPER/USDT blocked — R:R 1.00 below 1.2 (no room to next pool)
[gate] NEAR/USDT blocked — R:R 0.44 below 1.2 (no room to next pool)
[14:55:15] Scan #275 | 87/87 fed | 27 candidates | 0 shadow | 86 reused | 0 dispatched | 10.9s | floor=78.0
[news] settled 256 term observations
[corr] 3 correlated peers dropped in favour of the strongest in each group
[gate] XLE/USDT blocked — Event move still unresolved — no lower high / structure break yet — still inside the vertical
[gate] LLY/USDT blocked — R:R 1.00 below 1.2 (no room to next pool)
[gate] COPPER/USDT blocked — R:R 1.00 below 1.2 (no room to next pool)
[gate] NEAR/USDT blocked — R:R 0.44 below 1.2 (no room to next pool)
[14:55:40] Scan #276 | 87/87 fed | 27 candidates | 0 shadow | 86 reused | 0 dispatched | 9.2s | floor=78.0
[corr] 3 correlated peers dropped in favour of the strongest in each group
[gate] XLE/USDT blocked — Event move still unresolved — no lower high / structure break yet — still inside the vertical
[gate] LLY/USDT blocked — R:R 1.00 below 1.2 (no room to next pool)
[gate] COPPER/USDT blocked — R:R 1.00 below 1.2 (no room to next pool)
[gate] NEAR/USDT blocked — R:R 0.44 below 1.2 (no room to next pool)
[14:56:11] Scan #277 | 87/87 fed | 27 candidates | 0 shadow | 86 reused | 0 dispatched | 16.0s | floor=78.0
[corr] 3 correlated peers dropped in favour of the strongest in each group
[gate] RENDER/USDT 82 held back — held threshold for only 1/3 consecutive scans
[gate] XLE/USDT blocked — Event move still unresolved — no lower high / structure break yet — still inside the vertical
[gate] LLY/USDT blocked — R:R 1.00 below 1.2 (no room to next pool)
[gate] ENA/USDT 79 held back — held threshold for only 1/3 consecutive scans
[gate] COPPER/USDT blocked — R:R 1.00 below 1.2 (no room to next pool)
[✓] Digest sent (1h cadence, 14:56 IST)
[14:56:34] Scan #278 | 87/87 fed | 27 candidates | 0 shadow | 86 reused | 0 dispatched | 8.7s | floor=78.0
[corr] 3 correlated peers dropped in favour of the strongest in each group
[gate] RENDER/USDT 82 held back — held threshold for only 2/3 consecutive scans
[gate] XLE/USDT blocked — Event move still unresolved — no lower high / structure break yet — still inside the vertical
[gate] LLY/USDT blocked — R:R 1.00 below 1.2 (no room to next pool)
[gate] ENA/USDT 79 held back — held threshold for only 2/3 consecutive scans
[gate] COPPER/USDT blocked — R:R 1.00 below 1.2 (no room to next pool)
[14:57:02] Scan #279 | 87/87 fed | 27 candidates | 0 shadow | 86 reused | 0 dispatched | 13.0s | floor=78.0
[corr] 3 correlated peers dropped in favour of the strongest in each group
[gate] RENDER/USDT blocked — R:R 0.37 below 1.2 (no room to next pool)
[gate] XLE/USDT blocked — Event move still unresolved — no lower high / structure break yet — still inside the vertical
[gate] LLY/USDT blocked — R:R 1.00 below 1.2 (no room to next pool)
[gate] COPPER/USDT blocked — R:R 1.00 below 1.2 (no room to next pool)
[gate] ENA/USDT blocked — R:R 0.44 below 1.2 (no room to next pool)
[14:57:27] Scan #280 | 87/87 fed | 27 candidates | 0 shadow | 86 reused | 0 dispatched | 9.6s | floor=78.0
[corr] 3 correlated peers dropped in favour of the strongest in each group
[gate] RENDER/USDT blocked — R:R 0.37 below 1.2 (no room to next pool)
[gate] XLE/USDT blocked — Event move still unresolved — no lower high / structure break yet — still inside the vertical
[gate] LLY/USDT blocked — R:R 1.00 below 1.2 (no room to next pool)
[gate] COPPER/USDT blocked — R:R 1.00 below 1.2 (no room to next pool)
[gate] ENA/USDT blocked — R:R 0.44 below 1.2 (no room to next pool)
[14:57:50] Scan #281 | 87/87 fed | 27 candidates | 0 shadow | 86 reused | 0 dispatched | 7.6s | floor=78.0
[corr] 3 correlated peers dropped in favour of the strongest in each group
[gate] XLE/USDT blocked — Event move still unresolved — no lower high / structure break yet — still inside the vertical
[gate] LLY/USDT blocked — R:R 1.00 below 1.2 (no room to next pool)
[gate] COPPER/USDT blocked — R:R 1.00 below 1.2 (no room to next pool)
[gate] ENA/USDT blocked — R:R 0.44 below 1.2 (no room to next pool)
[gate] NEAR/USDT 79 held back — held threshold for only 1/3 consecutive scans
[14:58:10] Scan #282 | 87/87 fed | 27 candidates | 0 shadow | 86 reused | 0 dispatched | 5.4s | floor=78.0
[corr] 3 correlated peers dropped in favour of the strongest in each group
[gate] XLE/USDT blocked — Event move still unresolved — no lower high / structure break yet — still inside the vertical
[gate] LLY/USDT blocked — R:R 1.00 below 1.2 (no room to next pool)
[gate] COPPER/USDT blocked — R:R 1.00 below 1.2 (no room to next pool)
[gate] ENA/USDT blocked — R:R 0.44 below 1.2 (no room to next pool)
[gate] NEAR/USDT 79 held back — held threshold for only 2/3 consecutive scans
[14:58:31] Scan #283 | 87/87 fed | 27 candidates | 0 shadow | 86 reused | 0 dispatched | 5.7s | floor=78.0
[corr] 3 correlated peers dropped in favour of the strongest in each group
[gate] XLE/USDT blocked — Event move still unresolved — no lower high / structure break yet — still inside the vertical
[gate] LLY/USDT blocked — R:R 1.00 below 1.2 (no room to next pool)
[gate] COPPER/USDT blocked — R:R 1.00 below 1.2 (no room to next pool)
[gate] ENA/USDT blocked — R:R 0.44 below 1.2 (no room to next pool)
[gate] NEAR/USDT blocked — R:R 0.44 below 1.2 (no room to next pool)
[14:58:53] Scan #284 | 87/87 fed | 27 candidates | 0 shadow | 86 reused | 0 dispatched | 7.6s | floor=78.0
[corr] 3 correlated peers dropped in favour of the strongest in each group
[gate] XLE/USDT blocked — Event move still unresolved — no lower high / structure break yet — still inside the vertical
[gate] LLY/USDT blocked — R:R 1.00 below 1.2 (no room to next pool)
[gate] COPPER/USDT blocked — R:R 1.00 below 1.2 (no room to next pool)
[gate] ENA/USDT blocked — R:R 0.44 below 1.2 (no room to next pool)
[gate] NEAR/USDT blocked — R:R 0.44 below 1.2 (no room to next pool)
[14:59:14] Scan #285 | 87/87 fed | 27 candidates | 0 shadow | 86 reused | 0 dispatched | 5.8s | floor=78.0
[corr] 3 correlated peers dropped in favour of the strongest in each group
[gate] XLE/USDT blocked — Event move still unresolved — no lower high / structure break yet — still inside the vertical
[gate] LLY/USDT blocked — R:R 1.00 below 1.2 (no room to next pool)
[gate] COPPER/USDT blocked — R:R 1.00 below 1.2 (no room to next pool)
[gate] ENA/USDT blocked — R:R 0.44 below 1.2 (no room to next pool)
[gate] NEAR/USDT blocked — R:R 0.44 below 1.2 (no room to next pool)
[14:59:30] Scan #286 | 87/87 fed | 27 candidates | 0 shadow | 86 reused | 0 dispatched | 1.0s | floor=78.0
[corr] 3 correlated peers dropped in favour of the strongest in each group
[gate] XLE/USDT blocked — Event move still unresolved — no lower high / structure break yet — still inside the vertical
[gate] LLY/USDT blocked — R:R 1.00 below 1.2 (no room to next pool)
[gate] COPPER/USDT blocked — R:R 1.00 below 1.2 (no room to next pool)
[gate] ENA/USDT blocked — R:R 0.44 below 1.2 (no room to next pool)
[gate] NEAR/USDT blocked — R:R 0.44 below 1.2 (no room to next pool)
[14:59:51] Scan #287 | 87/87 fed | 27 candidates | 0 shadow | 86 reused | 0 dispatched | 6.0s | floor=78.0
[corr] 1 correlated peers dropped in favour of the strongest in each group
[gate] STX/USDT 85 held back — held threshold for only 1/3 consecutive scans
[gate] LLY/USDT blocked — R:R 1.00 below 1.2 (no room to next pool)
[gate] XLE/USDT blocked — Event move still unresolved — peak is too recent — no structure yet
[gate] COPPER/USDT blocked — R:R 0.91 below 1.2 (no room to next pool)
[15:00:43] Scan #288 | 87/87 fed | 23 candidates | 2 shadow | 3 reused | 0 dispatched | 37.1s | floor=78.0
[corr] 1 correlated peers dropped in favour of the strongest in each group
[gate] STX/USDT 85 held back — held threshold for only 2/3 consecutive scans
[gate] LLY/USDT blocked — R:R 1.00 below 1.2 (no room to next pool)
[gate] XLE/USDT blocked — Event move still unresolved — peak is too recent — no structure yet
[gate] COPPER/USDT blocked — R:R 0.91 below 1.2 (no room to next pool)
[15:01:14] Scan #289 | 87/87 fed | 23 candidates | 0 shadow | 86 reused | 0 dispatched | 15.8s | floor=78.0
[corr] 1 correlated peers dropped in favour of the strongest in each group
[gate] STX/USDT blocked — R:R 0.34 below 1.2 (no room to next pool)
[gate] LLY/USDT blocked — R:R 1.00 below 1.2 (no room to next pool)
[gate] XLE/USDT blocked — Event move still unresolved — peak is too recent — no structure yet
[gate] NEAR/USDT 79 held back — held threshold for only 1/3 consecutive scans
[gate] COPPER/USDT blocked — R:R 0.89 below 1.2 (no room to next pool)
[15:01:39] Scan #290 | 87/87 fed | 23 candidates | 0 shadow | 86 reused | 0 dispatched | 9.6s | floor=78.0
[!] Telegram Alert Status Code 400 on Attempt 1: {"ok":false,"error_code":400,"description":"Bad Request: can't parse entities: Can't find end of the entity starting at byte offset 603"}
[corr] 1 correlated peers dropped in favour of the strongest in each group
[gate] STX/USDT blocked — R:R 0.34 below 1.2 (no room to next pool)
[gate] LLY/USDT blocked — R:R 1.00 below 1.2 (no room to next pool)
[gate] XLE/USDT blocked — Event move still unresolved — peak is too recent — no structure yet
[gate] NEAR/USDT 79 held back — held threshold for only 2/3 consecutive scans
[gate] COPPER/USDT blocked — R:R 0.89 below 1.2 (no room to next pool)
[15:02:04] Scan #291 | 87/87 fed | 23 candidates | 0 shadow | 86 reused | 0 dispatched | 10.7s | floor=78.0
[!] Telegram Alert Status Code 400 on Attempt 2: {"ok":false,"error_code":400,"description":"Bad Request: can't parse entities: Can't find end of the entity starting at byte offset 603"}
[!] Telegram Alert Status Code 400 on Attempt 3: {"ok":false,"error_code":400,"description":"Bad Request: can't parse entities: Can't find end of the entity starting at byte offset 603"}
[✓] Learning report sent (resolved=1780, +5)
[corr] 1 correlated peers dropped in favour of the strongest in each group
[gate] LLY/USDT blocked — R:R 0.37 below 1.2 (no room to next pool)
[gate] STX/USDT blocked — R:R 0.34 below 1.2 (no room to next pool)
[gate] COPPER/USDT blocked — R:R 0.68 below 1.2 (no room to next pool)
[gate] XLE/USDT blocked — Event move still unresolved — peak is too recent — no structure yet
[gate] NEAR/USDT blocked — R:R 0.38 below 1.2 (no room to next pool)
[15:02:26] Scan #292 | 87/87 fed | 24 candidates | 0 shadow | 86 reused | 0 dispatched | 6.8s | floor=78.0
[corr] 1 correlated peers dropped in favour of the strongest in each group
[gate] LLY/USDT blocked — R:R 0.37 below 1.2 (no room to next pool)
[gate] STX/USDT blocked — R:R 0.34 below 1.2 (no room to next pool)
[gate] COPPER/USDT blocked — R:R 0.68 below 1.2 (no room to next pool)
[gate] NEAR/USDT blocked — R:R 0.38 below 1.2 (no room to next pool)
[gate] XLE/USDT blocked — Event move still unresolved — peak is too recent — no structure yet
[15:02:45] Scan #293 | 87/87 fed | 24 candidates | 0 shadow | 86 reused | 0 dispatched | 3.9s | floor=78.0
[corr] 1 correlated peers dropped in favour of the strongest in each group
[gate] LLY/USDT blocked — R:R 0.37 below 1.2 (no room to next pool)
[gate] STX/USDT blocked — R:R 0.34 below 1.2 (no room to next pool)
[gate] COPPER/USDT blocked — R:R 0.68 below 1.2 (no room to next pool)
[gate] NEAR/USDT blocked — R:R 0.38 below 1.2 (no room to next pool)
[gate] XLE/USDT blocked — Event move still unresolved — peak is too recent — no structure yet
[15:03:07] Scan #294 | 87/87 fed | 24 candidates | 0 shadow | 86 reused | 0 dispatched | 6.6s | floor=78.0
[corr] 1 correlated peers dropped in favour of the strongest in each group
[gate] STX/USDT blocked — R:R 0.51 below 1.2 (no room to next pool)
[gate] COPPER/USDT blocked — R:R 0.63 below 1.2 (no room to next pool)
[gate] LLY/USDT blocked — R:R 1.00 below 1.2 (no room to next pool)
[gate] XLE/USDT blocked — Event move still unresolved — peak is too recent — no structure yet
[gate] NEAR/USDT blocked — R:R 0.44 below 1.2 (no room to next pool)
[gate] XRP/USDT 79 held back — held threshold for only 1/3 consecutive scans
[15:03:28] Scan #295 | 87/87 fed | 23 candidates | 0 shadow | 86 reused | 0 dispatched | 6.6s | floor=78.0
[corr] 1 correlated peers dropped in favour of the strongest in each group
[gate] STX/USDT blocked — R:R 0.51 below 1.2 (no room to next pool)
[gate] LLY/USDT blocked — R:R 1.00 below 1.2 (no room to next pool)
[gate] XLE/USDT blocked — Event move still unresolved — peak is too recent — no structure yet
[gate] COPPER/USDT blocked — R:R 0.63 below 1.2 (no room to next pool)
[gate] NEAR/USDT blocked — R:R 0.44 below 1.2 (no room to next pool)
[gate] XRP/USDT 79 held back — held threshold for only 2/3 consecutive scans
[15:03:48] Scan #296 | 87/87 fed | 23 candidates | 0 shadow | 86 reused | 0 dispatched | 4.6s | floor=78.0
[corr] 1 correlated peers dropped in favour of the strongest in each group
[gate] STX/USDT blocked — R:R 0.51 below 1.2 (no room to next pool)
[gate] LLY/USDT blocked — R:R 1.00 below 1.2 (no room to next pool)
[gate] XLE/USDT blocked — Event move still unresolved — peak is too recent — no structure yet
[gate] COPPER/USDT blocked — R:R 0.63 below 1.2 (no room to next pool)
[gate] NEAR/USDT blocked — R:R 0.44 below 1.2 (no room to next pool)
[gate] XRP/USDT blocked — R:R 0.41 below 1.2 (no room to next pool)
[15:04:06] Scan #297 | 87/87 fed | 23 candidates | 0 shadow | 86 reused | 0 dispatched | 3.1s | floor=78.0
[corr] 1 correlated peers dropped in favour of the strongest in each group
[gate] STX/USDT blocked — R:R 0.43 below 1.2 (no room to next pool)
[gate] LLY/USDT blocked — R:R 1.00 below 1.2 (no room to next pool)
[gate] XLE/USDT blocked — Event move still unresolved — peak is too recent — no structure yet
[gate] NEAR/USDT blocked — R:R 0.38 below 1.2 (no room to next pool)
[gate] COPPER/USDT blocked — R:R 0.63 below 1.2 (no room to next pool)
[gate] XRP/USDT blocked — R:R 0.41 below 1.2 (no room to next pool)
[gate] FET/USDT 78 held back — held threshold for only 1/3 consecutive scans
[15:04:28] Scan #298 | 87/87 fed | 23 candidates | 0 shadow | 86 reused | 0 dispatched | 7.5s | floor=78.0
[corr] 1 correlated peers dropped in favour of the strongest in each group
[gate] STX/USDT blocked — R:R 0.43 below 1.2 (no room to next pool)
[gate] LLY/USDT blocked — R:R 1.00 below 1.2 (no room to next pool)
[gate] XLE/USDT blocked — Event move still unresolved — peak is too recent — no structure yet
[gate] NEAR/USDT blocked — R:R 0.38 below 1.2 (no room to next pool)
[gate] COPPER/USDT blocked — R:R 0.63 below 1.2 (no room to next pool)
[gate] XRP/USDT blocked — R:R 0.41 below 1.2 (no room to next pool)
[gate] FET/USDT 78 held back — held threshold for only 2/3 consecutive scans
[15:04:47] Scan #299 | 87/87 fed | 23 candidates | 0 shadow | 86 reused | 0 dispatched | 3.0s | floor=78.0
[corr] 1 correlated peers dropped in favour of the strongest in each group
[gate] STX/USDT blocked — R:R 0.43 below 1.2 (no room to next pool)
[gate] LLY/USDT blocked — R:R 1.00 below 1.2 (no room to next pool)
[gate] XLE/USDT blocked — Event move still unresolved — peak is too recent — no structure yet
[gate] NEAR/USDT blocked — R:R 0.38 below 1.2 (no room to next pool)
[gate] COPPER/USDT blocked — R:R 0.63 below 1.2 (no room to next pool)
[gate] XRP/USDT blocked — R:R 0.41 below 1.2 (no room to next pool)
[gate] FET/USDT blocked — R:R 0.68 below 1.2 (no room to next pool)
[15:05:08] Scan #300 | 87/87 fed | 23 candidates | 0 shadow | 86 reused | 0 dispatched | 6.5s | floor=78.0
[corr] 1 correlated peers dropped in favour of the strongest in each group
[gate] STX/USDT blocked — R:R 0.34 below 1.2 (no room to next pool)
[gate] LLY/USDT blocked — R:R 1.00 below 1.2 (no room to next pool)
[gate] FET/USDT blocked — R:R 0.46 below 1.2 (no room to next pool)
[gate] XLE/USDT blocked — Event move still unresolved — peak is too recent — no structure yet
[gate] XRP/USDT blocked — R:R 0.41 below 1.2 (no room to next pool)
[gate] COPPER/USDT blocked — R:R 0.65 below 1.2 (no room to next pool)
[15:05:41] Scan #301 | 87/87 fed | 26 candidates | 0 shadow | 86 reused | 0 dispatched | 18.3s | floor=78.0
[corr] 1 correlated peers dropped in favour of the strongest in each group
[gate] STX/USDT blocked — R:R 0.34 below 1.2 (no room to next pool)
[gate] LLY/USDT blocked — R:R 1.00 below 1.2 (no room to next pool)
[gate] FET/USDT blocked — R:R 0.46 below 1.2 (no room to next pool)
[gate] XLE/USDT blocked — Event move still unresolved — peak is too recent — no structure yet
[gate] XRP/USDT blocked — R:R 0.41 below 1.2 (no room to next pool)
[gate] COPPER/USDT blocked — R:R 0.65 below 1.2 (no room to next pool)
[15:06:04] Scan #302 | 87/87 fed | 26 candidates | 0 shadow | 86 reused | 0 dispatched | 8.0s | floor=78.0
[corr] 1 correlated peers dropped in favour of the strongest in each group
[gate] LLY/USDT blocked — R:R 0.35 below 1.2 (no room to next pool)
[gate] STX/USDT blocked — R:R 0.34 below 1.2 (no room to next pool)
[gate] NEAR/USDT 81 held back — held threshold for only 1/3 consecutive scans
[gate] XLE/USDT blocked — Event move still unresolved — peak is too recent — no structure yet
[gate] XRP/USDT blocked — R:R 0.41 below 1.2 (no room to next pool)
[gate] COPPER/USDT blocked — R:R 0.65 below 1.2 (no room to next pool)
[gate] FET/USDT blocked — R:R 0.68 below 1.2 (no room to next pool)
[15:06:35] Scan #303 | 87/87 fed | 26 candidates | 0 shadow | 86 reused | 0 dispatched | 15.3s | floor=78.0
[corr] 1 correlated peers dropped in favour of the strongest in each group
[gate] LLY/USDT blocked — R:R 0.35 below 1.2 (no room to next pool)
[gate] STX/USDT blocked — R:R 0.34 below 1.2 (no room to next pool)
[gate] NEAR/USDT 81 held back — held threshold for only 2/3 consecutive scans
[gate] XLE/USDT blocked — Event move still unresolved — peak is too recent — no structure yet
[gate] XRP/USDT blocked — R:R 0.41 below 1.2 (no room to next pool)
[gate] COPPER/USDT blocked — R:R 0.65 below 1.2 (no room to next pool)
[gate] FET/USDT blocked — R:R 0.68 below 1.2 (no room to next pool)
[15:06:54] Scan #304 | 87/87 fed | 26 candidates | 0 shadow | 86 reused | 0 dispatched | 4.7s | floor=78.0
[corr] 1 correlated peers dropped in favour of the strongest in each group
[gate] LLY/USDT blocked — R:R 0.35 below 1.2 (no room to next pool)
[gate] STX/USDT blocked — R:R 0.34 below 1.2 (no room to next pool)
[gate] NEAR/USDT blocked — R:R 0.38 below 1.2 (no room to next pool)
[gate] FET/USDT blocked — R:R 0.56 below 1.2 (no room to next pool)
[gate] COPPER/USDT blocked — R:R 0.63 below 1.2 (no room to next pool)
[gate] XRP/USDT blocked — R:R 0.41 below 1.2 (no room to next pool)
[gate] XLE/USDT blocked — Event move still unresolved — peak is too recent — no structure yet
[15:07:23] Scan #305 | 87/87 fed | 26 candidates | 0 shadow | 86 reused | 0 dispatched | 13.3s | floor=78.0
[news] settled 446 term observations
[corr] 1 correlated peers dropped in favour of the strongest in each group
[gate] LLY/USDT blocked — R:R 0.35 below 1.2 (no room to next pool)
[gate] STX/USDT blocked — R:R 0.34 below 1.2 (no room to next pool)
[gate] NEAR/USDT blocked — R:R 0.38 below 1.2 (no room to next pool)
[gate] FET/USDT blocked — R:R 0.56 below 1.2 (no room to next pool)
[gate] COPPER/USDT blocked — R:R 0.63 below 1.2 (no room to next pool)
[gate] XRP/USDT blocked — R:R 0.41 below 1.2 (no room to next pool)
[gate] XLE/USDT blocked — Event move still unresolved — peak is too recent — no structure yet
[15:07:43] Scan #306 | 87/87 fed | 26 candidates | 0 shadow | 86 reused | 0 dispatched | 4.9s | floor=78.0
[corr] 1 correlated peers dropped in favour of the strongest in each group
[gate] LLY/USDT blocked — R:R 0.35 below 1.2 (no room to next pool)
[gate] STX/USDT blocked — R:R 0.34 below 1.2 (no room to next pool)
[gate] NEAR/USDT blocked — R:R 0.38 below 1.2 (no room to next pool)
[gate] XLE/USDT blocked — Event move still unresolved — peak is too recent — no structure yet
[gate] FET/USDT blocked — R:R 0.56 below 1.2 (no room to next pool)
[gate] COPPER/USDT blocked — R:R 0.63 below 1.2 (no room to next pool)
[gate] XRP/USDT blocked — R:R 0.41 below 1.2 (no room to next pool)
[15:08:04] Scan #307 | 87/87 fed | 26 candidates | 0 shadow | 86 reused | 0 dispatched | 6.0s | floor=78.0
[corr] 1 correlated peers dropped in favour of the strongest in each group
[gate] STX/USDT blocked — R:R 0.34 below 1.2 (no room to next pool)
[gate] NEAR/USDT blocked — R:R 0.38 below 1.2 (no room to next pool)
[gate] LLY/USDT blocked — R:R 1.00 below 1.2 (no room to next pool)
[gate] XLE/USDT blocked — Event move still unresolved — peak is too recent — no structure yet
[gate] FET/USDT blocked — R:R 0.56 below 1.2 (no room to next pool)
[gate] COPPER/USDT blocked — R:R 0.60 below 1.2 (no room to next pool)
[gate] XRP/USDT blocked — R:R 0.41 below 1.2 (no room to next pool)
[15:08:30] Scan #308 | 87/87 fed | 26 candidates | 0 shadow | 86 reused | 0 dispatched | 11.1s | floor=78.0
[corr] 1 correlated peers dropped in favour of the strongest in each group
[gate] STX/USDT blocked — R:R 0.34 below 1.2 (no room to next pool)
[gate] NEAR/USDT blocked — R:R 0.38 below 1.2 (no room to next pool)
[gate] LLY/USDT blocked — R:R 1.00 below 1.2 (no room to next pool)
[gate] XLE/USDT blocked — Event move still unresolved — peak is too recent — no structure yet
[gate] FET/USDT blocked — R:R 0.56 below 1.2 (no room to next pool)
[gate] COPPER/USDT blocked — R:R 0.60 below 1.2 (no room to next pool)
[gate] XRP/USDT blocked — R:R 0.41 below 1.2 (no room to next pool)
[15:08:51] Scan #309 | 87/87 fed | 26 candidates | 0 shadow | 86 reused | 0 dispatched | 6.4s | floor=78.0
[shadow] ARB/USDT SHORT -> SL_HIT (-1.01%) THESIS_WRONG,DERIV_ALIGNED,NEWS_CONFLICT
[shadow] ENA/USDT SHORT -> SL_HIT (-1.25%) THESIS_WRONG,DERIV_ALIGNED,NEWS_ALIGNED
[shadow] AVAX/USDT SHORT -> SL_HIT (-1.24%) THESIS_WRONG,DERIV_ALIGNED,NEWS_ALIGNED
[shadow] HOOD/USDT LONG -> SL_HIT (-0.55%) STOPPED_AFTER_PARTIAL_RUN,DERIV_CONFLICT,NEWS_ALIGNED
[shadow] DOGE/USDT SHORT -> SL_HIT (-0.43%) THESIS_WRONG,DERIV_ALIGNED,NEWS_ALIGNED
[shadow] MARA/USDT SHORT -> SL_HIT (-2.19%) THESIS_WRONG,DERIV_ALIGNED,NEWS_ALIGNED
[corr] 1 correlated peers dropped in favour of the strongest in each group
[gate] LLY/USDT blocked — R:R 0.31 below 1.2 (no room to next pool)
[gate] STX/USDT blocked — R:R 0.34 below 1.2 (no room to next pool)
[gate] COPPER/USDT blocked — R:R 0.57 below 1.2 (no room to next pool)
[gate] XLE/USDT blocked — Event move still unresolved — peak is too recent — no structure yet
[gate] FET/USDT blocked — R:R 0.56 below 1.2 (no room to next pool)
[gate] XRP/USDT blocked — R:R 0.41 below 1.2 (no room to next pool)
[15:09:15] Scan #310 | 87/87 fed | 26 candidates | 0 shadow | 86 reused | 0 dispatched | 8.8s | floor=78.0
[shadow] LMT/USDT SHORT -> TP1_HIT (+0.40%) NEWS_CONFLICT
[corr] 1 correlated peers dropped in favour of the strongest in each group
[gate] LLY/USDT blocked — R:R 0.31 below 1.2 (no room to next pool)
[gate] STX/USDT blocked — R:R 0.34 below 1.2 (no room to next pool)
[gate] COPPER/USDT blocked — R:R 0.57 below 1.2 (no room to next pool)
[gate] XLE/USDT blocked — Event move still unresolved — peak is too recent — no structure yet
[gate] FET/USDT blocked — R:R 0.56 below 1.2 (no room to next pool)
[gate] XRP/USDT blocked — R:R 0.41 below 1.2 (no room to next pool)
[15:09:33] Scan #311 | 87/87 fed | 26 candidates | 1 shadow | 86 reused | 0 dispatched | 2.7s | floor=78.0
[corr] 1 correlated peers dropped in favour of the strongest in each group
[gate] LLY/USDT blocked — R:R 0.31 below 1.2 (no room to next pool)
[gate] STX/USDT blocked — R:R 0.34 below 1.2 (no room to next pool)
[gate] COPPER/USDT blocked — R:R 0.57 below 1.2 (no room to next pool)
[gate] XLE/USDT blocked — Event move still unresolved — peak is too recent — no structure yet
[gate] FET/USDT blocked — R:R 0.56 below 1.2 (no room to next pool)
[gate] XRP/USDT blocked — R:R 0.41 below 1.2 (no room to next pool)
[15:09:50] Scan #312 | 87/87 fed | 26 candidates | 0 shadow | 86 reused | 0 dispatched | 2.4s | floor=78.0
[corr] 1 correlated peers dropped in favour of the strongest in each group
[gate] LLY/USDT blocked — R:R 0.31 below 1.2 (no room to next pool)
[gate] STX/USDT blocked — R:R 0.43 below 1.2 (no room to next pool)
[gate] XLE/USDT blocked — Event move still unresolved — peak is too recent — no structure yet
[gate] FET/USDT blocked — R:R 0.56 below 1.2 (no room to next pool)
[gate] XRP/USDT blocked — R:R 0.41 below 1.2 (no room to next pool)
[gate] COPPER/USDT blocked — R:R 0.65 below 1.2 (no room to next pool)
[gate] NEAR/USDT 78 held back — held threshold for only 1/3 consecutive scans
[15:10:15] Scan #313 | 87/87 fed | 26 candidates | 0 shadow | 86 reused | 0 dispatched | 10.4s | floor=78.0
[corr] 1 correlated peers dropped in favour of the strongest in each group
[gate] LLY/USDT blocked — R:R 0.31 below 1.2 (no room to next pool)
[gate] STX/USDT blocked — R:R 0.43 below 1.2 (no room to next pool)
[gate] XLE/USDT blocked — Event move still unresolved — peak is too recent — no structure yet
[gate] FET/USDT blocked — R:R 0.56 below 1.2 (no room to next pool)
[gate] XRP/USDT blocked — R:R 0.41 below 1.2 (no room to next pool)
[gate] COPPER/USDT blocked — R:R 0.65 below 1.2 (no room to next pool)
[gate] NEAR/USDT 78 held back — held threshold for only 2/3 consecutive scans
[15:10:46] Scan #314 | 87/87 fed | 26 candidates | 0 shadow | 86 reused | 0 dispatched | 15.6s | floor=78.0
[corr] 1 correlated peers dropped in favour of the strongest in each group
[gate] LLY/USDT blocked — R:R 0.31 below 1.2 (no room to next pool)
[gate] STX/USDT blocked — R:R 0.43 below 1.2 (no room to next pool)
[gate] XLE/USDT blocked — Event move still unresolved — peak is too recent — no structure yet
[gate] FET/USDT blocked — R:R 0.56 below 1.2 (no room to next pool)
[gate] XRP/USDT blocked — R:R 0.41 below 1.2 (no room to next pool)
[gate] COPPER/USDT blocked — R:R 0.65 below 1.2 (no room to next pool)
[gate] NEAR/USDT blocked — R:R 0.69 below 1.2 (no room to next pool)
[15:11:10] Scan #315 | 87/87 fed | 26 candidates | 0 shadow | 86 reused | 0 dispatched | 8.9s | floor=78.0
[corr] 1 correlated peers dropped in favour of the strongest in each group
[gate] LLY/USDT blocked — R:R 0.36 below 1.2 (no room to next pool)
[gate] STX/USDT blocked — R:R 0.43 below 1.2 (no room to next pool)
[gate] NEAR/USDT blocked — R:R 0.38 below 1.2 (no room to next pool)
[gate] XLE/USDT blocked — Event move still unresolved — peak is too recent — no structure yet
[gate] FET/USDT blocked — R:R 0.56 below 1.2 (no room to next pool)
[gate] COPPER/USDT blocked — R:R 0.60 below 1.2 (no room to next pool)
[15:11:38] Scan #316 | 87/87 fed | 26 candidates | 0 shadow | 86 reused | 0 dispatched | 12.8s | floor=78.0
[corr] 1 correlated peers dropped in favour of the strongest in each group
[gate] LLY/USDT blocked — R:R 0.36 below 1.2 (no room to next pool)
[gate] STX/USDT blocked — R:R 0.43 below 1.2 (no room to next pool)
[gate] NEAR/USDT blocked — R:R 0.38 below 1.2 (no room to next pool)
[gate] XLE/USDT blocked — Event move still unresolved — peak is too recent — no structure yet
[gate] FET/USDT blocked — R:R 0.56 below 1.2 (no room to next pool)
[gate] COPPER/USDT blocked — R:R 0.60 below 1.2 (no room to next pool)
[15:12:02] Scan #317 | 87/87 fed | 26 candidates | 0 shadow | 86 reused | 0 dispatched | 9.1s | floor=78.0
[corr] 1 correlated peers dropped in favour of the strongest in each group
[gate] LLY/USDT blocked — R:R 0.35 below 1.2 (no room to next pool)
[gate] STX/USDT blocked — R:R 0.43 below 1.2 (no room to next pool)
[gate] NEAR/USDT blocked — R:R 0.44 below 1.2 (no room to next pool)
[gate] XLE/USDT blocked — Event move still unresolved — peak is too recent — no structure yet
[gate] COPPER/USDT blocked — R:R 0.65 below 1.2 (no room to next pool)
[gate] FET/USDT blocked — R:R 0.68 below 1.2 (no room to next pool)
[15:12:26] Scan #318 | 87/87 fed | 26 candidates | 0 shadow | 86 reused | 0 dispatched | 9.3s | floor=78.0
[corr] 1 correlated peers dropped in favour of the strongest in each group
[gate] LLY/USDT blocked — R:R 0.35 below 1.2 (no room to next pool)
[gate] STX/USDT blocked — R:R 0.43 below 1.2 (no room to next pool)
[gate] NEAR/USDT blocked — R:R 0.44 below 1.2 (no room to next pool)
[gate] XLE/USDT blocked — Event move still unresolved — peak is too recent — no structure yet
[gate] COPPER/USDT blocked — R:R 0.65 below 1.2 (no room to next pool)
[gate] FET/USDT blocked — R:R 0.68 below 1.2 (no room to next pool)
[15:12:47] Scan #319 | 87/87 fed | 26 candidates | 0 shadow | 86 reused | 0 dispatched | 5.9s | floor=78.0
[corr] 1 correlated peers dropped in favour of the strongest in each group
[gate] LLY/USDT blocked — R:R 0.35 below 1.2 (no room to next pool)
[gate] STX/USDT blocked — R:R 0.43 below 1.2 (no room to next pool)
[gate] NEAR/USDT blocked — R:R 0.44 below 1.2 (no room to next pool)
[gate] XLE/USDT blocked — Event move still unresolved — peak is too recent — no structure yet
[gate] COPPER/USDT blocked — R:R 0.65 below 1.2 (no room to next pool)
[gate] FET/USDT blocked — R:R 0.68 below 1.2 (no room to next pool)
[15:13:06] Scan #320 | 87/87 fed | 26 candidates | 0 shadow | 86 reused | 0 dispatched | 3.6s | floor=78.0
[corr] 1 correlated peers dropped in favour of the strongest in each group
[gate] LLY/USDT blocked — R:R 0.45 below 1.2 (no room to next pool)
[gate] STX/USDT blocked — R:R 0.34 below 1.2 (no room to next pool)
[gate] XLE/USDT blocked — Event move still unresolved — peak is too recent — no structure yet
[gate] NEAR/USDT blocked — R:R 0.69 below 1.2 (no room to next pool)
[gate] COPPER/USDT blocked — R:R 0.68 below 1.2 (no room to next pool)
[15:13:27] Scan #321 | 87/87 fed | 26 candidates | 0 shadow | 86 reused | 0 dispatched | 6.4s | floor=78.0
[corr] 1 correlated peers dropped in favour of the strongest in each group
[gate] LLY/USDT blocked — R:R 0.45 below 1.2 (no room to next pool)
[gate] STX/USDT blocked — R:R 0.34 below 1.2 (no room to next pool)
[gate] XLE/USDT blocked — Event move still unresolved — peak is too recent — no structure yet
[gate] NEAR/USDT blocked — R:R 0.69 below 1.2 (no room to next pool)
[gate] COPPER/USDT blocked — R:R 0.68 below 1.2 (no room to next pool)
[15:13:48] Scan #322 | 87/87 fed | 26 candidates | 0 shadow | 86 reused | 0 dispatched | 6.1s | floor=78.0
[corr] 1 correlated peers dropped in favour of the strongest in each group
[gate] LLY/USDT blocked — R:R 0.45 below 1.2 (no room to next pool)
[gate] STX/USDT blocked — R:R 0.34 below 1.2 (no room to next pool)
[gate] XLE/USDT blocked — Event move still unresolved — peak is too recent — no structure yet
[gate] NEAR/USDT blocked — R:R 0.69 below 1.2 (no room to next pool)
[gate] COPPER/USDT blocked — R:R 0.68 below 1.2 (no room to next pool)
[15:14:07] Scan #323 | 87/87 fed | 26 candidates | 0 shadow | 86 reused | 0 dispatched | 3.5s | floor=78.0
[corr] 1 correlated peers dropped in favour of the strongest in each group
[gate] LLY/USDT blocked — R:R 0.45 below 1.2 (no room to next pool)
[gate] STX/USDT blocked — R:R 0.43 below 1.2 (no room to next pool)
[gate] XLE/USDT blocked — Event move still unresolved — peak is too recent — no structure yet
[gate] COPPER/USDT blocked — R:R 0.65 below 1.2 (no room to next pool)
[gate] FET/USDT 78 held back — held threshold for only 1/3 consecutive scans
[15:14:26] Scan #324 | 87/87 fed | 26 candidates | 0 shadow | 86 reused | 0 dispatched | 4.9s | floor=78.0
[corr] 1 correlated peers dropped in favour of the strongest in each group
[gate] LLY/USDT blocked — R:R 0.45 below 1.2 (no room to next pool)
[gate] STX/USDT blocked — R:R 0.43 below 1.2 (no room to next pool)
[gate] XLE/USDT blocked — Event move still unresolved — peak is too recent — no structure yet
[gate] COPPER/USDT blocked — R:R 0.65 below 1.2 (no room to next pool)
[gate] FET/USDT 78 held back — held threshold for only 2/3 consecutive scans
[15:14:47] Scan #325 | 87/87 fed | 26 candidates | 0 shadow | 86 reused | 0 dispatched | 5.9s | floor=78.0
[corr] 1 correlated peers dropped in favour of the strongest in each group
[gate] LLY/USDT blocked — R:R 0.45 below 1.2 (no room to next pool)
[gate] STX/USDT blocked — R:R 0.43 below 1.2 (no room to next pool)
[gate] XLE/USDT blocked — Event move still unresolved — peak is too recent — no structure yet
[gate] COPPER/USDT blocked — R:R 0.65 below 1.2 (no room to next pool)
[gate] FET/USDT blocked — R:R 0.68 below 1.2 (no room to next pool)
[15:15:05] Scan #326 | 87/87 fed | 26 candidates | 0 shadow | 86 reused | 0 dispatched | 2.4s | floor=78.0
[corr] 1 correlated peers dropped in favour of the strongest in each group
[gate] COPPER/USDT blocked — R:R 0.68 below 1.2 (no room to next pool)
[gate] XRP/USDT 81 held back — held threshold for only 1/3 consecutive scans
[gate] JUP/USDT 81 held back — only 1/3 confirming scans so far
[gate] FET/USDT blocked — R:R 0.75 below 1.2 (no room to next pool)
[gate] XLE/USDT blocked — Event move still unresolved — no lower high / structure break yet — still inside the vertical
[gate] V/USDT 79 held back — only 1/3 confirming scans so far
[gate] NFLX/USDT 79 held back — held threshold for only 1/3 consecutive scans; score unstable (σ=10.4 > 9.0) — reading is noise, not conviction
[gate] IWM/USDT 79 held back — held threshold for only 1/3 consecutive scans
[15:15:55] Scan #327 | 87/87 fed | 29 candidates | 2 shadow | 0 reused | 0 dispatched | 34.7s | floor=78.0
[corr] 1 correlated peers dropped in favour of the strongest in each group
[gate] COPPER/USDT blocked — R:R 0.68 below 1.2 (no room to next pool)
[gate] XRP/USDT 81 held back — held threshold for only 2/3 consecutive scans
[gate] FET/USDT blocked — R:R 0.75 below 1.2 (no room to next pool)
[gate] XLE/USDT blocked — Event move still unresolved — no lower high / structure break yet — still inside the vertical
[gate] JUP/USDT 80 held back — only 2/3 confirming scans so far
[gate] V/USDT 79 held back — only 2/3 confirming scans so far
[gate] NFLX/USDT 79 held back — held threshold for only 2/3 consecutive scans; score unstable (σ=13.1 > 9.0) — reading is noise, not conviction
[gate] IWM/USDT 79 held back — held threshold for only 2/3 consecutive scans
[15:16:21] Scan #328 | 87/87 fed | 29 candidates | 0 shadow | 86 reused | 0 dispatched | 11.8s | floor=78.0
[corr] 1 correlated peers dropped in favour of the strongest in each group
[gate] COPPER/USDT blocked — R:R 0.68 below 1.2 (no room to next pool)
[gate] XRP/USDT blocked — R:R 0.60 below 1.2 (no room to next pool)
[gate] FET/USDT blocked — R:R 0.75 below 1.2 (no room to next pool)
[gate] XLE/USDT blocked — Event move still unresolved — no lower high / structure break yet — still inside the vertical
[gate] JUP/USDT blocked — R:R 0.76 below 1.2 (no room to next pool)
[gate] V/USDT blocked — R:R 0.35 below 1.2 (no room to next pool)
[gate] NFLX/USDT 79 held back — score unstable (σ=13.9 > 9.0) — reading is noise, not conviction
[gate] IWM/USDT blocked — Event move still unresolved — peak is too recent — no structure yet
[15:16:50] Scan #329 | 87/87 fed | 29 candidates | 0 shadow | 86 reused | 0 dispatched | 13.2s | floor=78.0
[corr] 1 correlated peers dropped in favour of the strongest in each group
[gate] COPPER/USDT blocked — R:R 0.63 below 1.2 (no room to next pool)
[gate] JUP/USDT blocked — R:R 0.54 below 1.2 (no room to next pool)
[gate] FET/USDT blocked — R:R 0.67 below 1.2 (no room to next pool)
[gate] XRP/USDT blocked — R:R 0.60 below 1.2 (no room to next pool)
[gate] XLE/USDT blocked — Event move still unresolved — no lower high / structure break yet — still inside the vertical
[gate] V/USDT blocked — R:R 0.35 below 1.2 (no room to next pool)
[gate] NFLX/USDT 79 held back — score unstable (σ=13.1 > 9.0) — reading is noise, not conviction
[gate] IWM/USDT blocked — Event move still unresolved — peak is too recent — no structure yet
[15:17:11] Scan #330 | 87/87 fed | 29 candidates | 0 shadow | 86 reused | 0 dispatched | 6.0s | floor=78.0
[corr] 1 correlated peers dropped in favour of the strongest in each group
[gate] COPPER/USDT blocked — R:R 0.63 below 1.2 (no room to next pool)
[gate] FET/USDT blocked — R:R 0.67 below 1.2 (no room to next pool)
[gate] XLE/USDT blocked — Event move still unresolved — no lower high / structure break yet — still inside the vertical
[gate] JUP/USDT blocked — R:R 0.54 below 1.2 (no room to next pool)
[gate] V/USDT blocked — R:R 0.35 below 1.2 (no room to next pool)
[gate] NFLX/USDT 79 held back — score unstable (σ=10.4 > 9.0) — reading is noise, not conviction
[gate] IWM/USDT blocked — Event move still unresolved — peak is too recent — no structure yet
[gate] XRP/USDT blocked — R:R 0.60 below 1.2 (no room to next pool)
[15:17:37] Scan #331 | 87/87 fed | 29 candidates | 0 shadow | 86 reused | 0 dispatched | 11.6s | floor=78.0
[corr] 1 correlated peers dropped in favour of the strongest in each group
[gate] COPPER/USDT blocked — R:R 0.63 below 1.2 (no room to next pool)
[gate] FET/USDT blocked — R:R 0.67 below 1.2 (no room to next pool)
[gate] XLE/USDT blocked — Event move still unresolved — no lower high / structure break yet — still inside the vertical
[gate] JUP/USDT blocked — R:R 0.54 below 1.2 (no room to next pool)
[gate] V/USDT blocked — R:R 0.35 below 1.2 (no room to next pool)
[gate] NFLX/USDT blocked — R:R 0.46 below 1.2 (no room to next pool)
[gate] IWM/USDT blocked — Event move still unresolved — peak is too recent — no structure yet
[gate] XRP/USDT blocked — R:R 0.60 below 1.2 (no room to next pool)
[15:17:55] Scan #332 | 87/87 fed | 29 candidates | 0 shadow | 86 reused | 0 dispatched | 2.3s | floor=78.0
[corr] 1 correlated peers dropped in favour of the strongest in each group
[gate] COPPER/USDT blocked — R:R 0.51 below 1.2 (no room to next pool)
[gate] NFLX/USDT blocked — R:R 0.46 below 1.2 (no room to next pool)
[gate] FET/USDT blocked — R:R 0.67 below 1.2 (no room to next pool)
[gate] JUP/USDT blocked — R:R 0.60 below 1.2 (no room to next pool)
[gate] V/USDT blocked — R:R 0.35 below 1.2 (no room to next pool)
[gate] XLE/USDT blocked — Event move still unresolved — no lower high / structure break yet — still inside the vertical
[gate] IWM/USDT blocked — Event move still unresolved — peak is too recent — no structure yet
[gate] XRP/USDT blocked — R:R 0.60 below 1.2 (no room to next pool)
[15:18:19] Scan #333 | 87/87 fed | 29 candidates | 0 shadow | 86 reused | 0 dispatched | 9.5s | floor=78.0
[corr] 1 correlated peers dropped in favour of the strongest in each group
[gate] COPPER/USDT blocked — R:R 0.51 below 1.2 (no room to next pool)
[gate] NFLX/USDT blocked — R:R 0.46 below 1.2 (no room to next pool)
[gate] FET/USDT blocked — R:R 0.67 below 1.2 (no room to next pool)
[gate] JUP/USDT blocked — R:R 0.60 below 1.2 (no room to next pool)
[gate] V/USDT blocked — R:R 0.35 below 1.2 (no room to next pool)
[gate] XLE/USDT blocked — Event move still unresolved — no lower high / structure break yet — still inside the vertical
[gate] IWM/USDT blocked — Event move still unresolved — peak is too recent — no structure yet
[gate] XRP/USDT blocked — R:R 0.60 below 1.2 (no room to next pool)
[15:18:38] Scan #334 | 87/87 fed | 29 candidates | 0 shadow | 86 reused | 0 dispatched | 3.6s | floor=78.0
[corr] 1 correlated peers dropped in favour of the strongest in each group
[gate] COPPER/USDT blocked — R:R 0.51 below 1.2 (no room to next pool)
[gate] NFLX/USDT blocked — R:R 0.46 below 1.2 (no room to next pool)
[gate] FET/USDT blocked — R:R 0.67 below 1.2 (no room to next pool)
[gate] JUP/USDT blocked — R:R 0.60 below 1.2 (no room to next pool)
[gate] V/USDT blocked — R:R 0.35 below 1.2 (no room to next pool)
[gate] XLE/USDT blocked — Event move still unresolved — no lower high / structure break yet — still inside the vertical
[gate] IWM/USDT blocked — Event move still unresolved — peak is too recent — no structure yet
[gate] XRP/USDT blocked — R:R 0.60 below 1.2 (no room to next pool)
[15:18:54] Scan #335 | 87/87 fed | 29 candidates | 0 shadow | 86 reused | 0 dispatched | 1.5s | floor=78.0
[corr] 1 correlated peers dropped in favour of the strongest in each group
[gate] COPPER/USDT blocked — R:R 0.44 below 1.2 (no room to next pool)
[gate] NFLX/USDT blocked — R:R 0.46 below 1.2 (no room to next pool)
[gate] FET/USDT blocked — R:R 0.67 below 1.2 (no room to next pool)
[gate] JUP/USDT blocked — R:R 0.54 below 1.2 (no room to next pool)
[gate] V/USDT blocked — R:R 0.35 below 1.2 (no room to next pool)
[gate] XLE/USDT blocked — Event move still unresolved — no lower high / structure break yet — still inside the vertical
[gate] IWM/USDT blocked — Event move still unresolved — peak is too recent — no structure yet
[gate] XRP/USDT blocked — R:R 0.60 below 1.2 (no room to next pool)
[15:19:19] Scan #336 | 87/87 fed | 29 candidates | 0 shadow | 86 reused | 0 dispatched | 9.5s | floor=78.0
[corr] 1 correlated peers dropped in favour of the strongest in each group
[gate] COPPER/USDT blocked — R:R 0.44 below 1.2 (no room to next pool)
[gate] NFLX/USDT blocked — R:R 0.46 below 1.2 (no room to next pool)
[gate] FET/USDT blocked — R:R 0.67 below 1.2 (no room to next pool)
[gate] JUP/USDT blocked — R:R 0.54 below 1.2 (no room to next pool)
[gate] V/USDT blocked — R:R 0.35 below 1.2 (no room to next pool)
[gate] XLE/USDT blocked — Event move still unresolved — no lower high / structure break yet — still inside the vertical
[gate] IWM/USDT blocked — Event move still unresolved — peak is too recent — no structure yet
[gate] XRP/USDT blocked — R:R 0.60 below 1.2 (no room to next pool)
[15:19:36] Scan #337 | 87/87 fed | 29 candidates | 0 shadow | 86 reused | 0 dispatched | 2.5s | floor=78.0
[corr] 1 correlated peers dropped in favour of the strongest in each group
[gate] COPPER/USDT blocked — R:R 0.44 below 1.2 (no room to next pool)
[gate] NFLX/USDT blocked — R:R 0.46 below 1.2 (no room to next pool)
[gate] FET/USDT blocked — R:R 0.67 below 1.2 (no room to next pool)
[gate] JUP/USDT blocked — R:R 0.54 below 1.2 (no room to next pool)
[gate] V/USDT blocked — R:R 0.35 below 1.2 (no room to next pool)
[gate] XLE/USDT blocked — Event move still unresolved — no lower high / structure break yet — still inside the vertical
[gate] IWM/USDT blocked — Event move still unresolved — peak is too recent — no structure yet
[gate] XRP/USDT blocked — R:R 0.60 below 1.2 (no room to next pool)
[15:19:52] Scan #338 | 87/87 fed | 29 candidates | 0 shadow | 86 reused | 0 dispatched | 1.0s | floor=78.0
[corr] 1 correlated peers dropped in favour of the strongest in each group
[gate] COPPER/USDT blocked — R:R 0.51 below 1.2 (no room to next pool)
[gate] NFLX/USDT blocked — R:R 0.46 below 1.2 (no room to next pool)
[gate] FET/USDT blocked — R:R 0.67 below 1.2 (no room to next pool)
[gate] JUP/USDT blocked — R:R 0.49 below 1.2 (no room to next pool)
[gate] V/USDT blocked — R:R 0.35 below 1.2 (no room to next pool)
[gate] XLE/USDT blocked — Event move still unresolved — no lower high / structure break yet — still inside the vertical
[gate] IWM/USDT blocked — Event move still unresolved — peak is too recent — no structure yet
[gate] XRP/USDT blocked — R:R 0.60 below 1.2 (no room to next pool)
[15:20:19] Scan #339 | 87/87 fed | 29 candidates | 0 shadow | 86 reused | 0 dispatched | 11.3s | floor=78.0
[corr] 1 correlated peers dropped in favour of the strongest in each group
[gate] COPPER/USDT blocked — R:R 0.51 below 1.2 (no room to next pool)
[gate] NFLX/USDT blocked — R:R 0.46 below 1.2 (no room to next pool)
[gate] FET/USDT blocked — R:R 0.67 below 1.2 (no room to next pool)
[gate] JUP/USDT blocked — R:R 0.49 below 1.2 (no room to next pool)
[gate] V/USDT blocked — R:R 0.35 below 1.2 (no room to next pool)
[gate] XLE/USDT blocked — Event move still unresolved — no lower high / structure break yet — still inside the vertical
[gate] IWM/USDT blocked — Event move still unresolved — peak is too recent — no structure yet
[gate] XRP/USDT blocked — R:R 0.60 below 1.2 (no room to next pool)
[15:20:40] Scan #340 | 87/87 fed | 29 candidates | 0 shadow | 86 reused | 0 dispatched | 6.5s | floor=78.0
[corr] 1 correlated peers dropped in favour of the strongest in each group
[gate] COPPER/USDT blocked — R:R 0.51 below 1.2 (no room to next pool)
[gate] NFLX/USDT blocked — R:R 0.46 below 1.2 (no room to next pool)
[gate] FET/USDT blocked — R:R 0.67 below 1.2 (no room to next pool)
[gate] JUP/USDT blocked — R:R 0.49 below 1.2 (no room to next pool)
[gate] V/USDT blocked — R:R 0.35 below 1.2 (no room to next pool)
[gate] XLE/USDT blocked — Event move still unresolved — no lower high / structure break yet — still inside the vertical
[gate] IWM/USDT blocked — Event move still unresolved — peak is too recent — no structure yet
[gate] XRP/USDT blocked — R:R 0.60 below 1.2 (no room to next pool)
[15:21:11] Scan #341 | 87/87 fed | 29 candidates | 0 shadow | 86 reused | 0 dispatched | 15.5s | floor=78.0
[corr] 1 correlated peers dropped in favour of the strongest in each group
[gate] XLE/USDT blocked — Event move still unresolved — no lower high / structure break yet — still inside the vertical
[gate] COPPER/USDT blocked — R:R 0.58 below 1.2 (no room to next pool)
[gate] NFLX/USDT blocked — R:R 0.46 below 1.2 (no room to next pool)
[gate] FET/USDT blocked — R:R 0.67 below 1.2 (no room to next pool)
[gate] JUP/USDT blocked — R:R 0.49 below 1.2 (no room to next pool)
[gate] V/USDT blocked — R:R 0.32 below 1.2 (no room to next pool)
[gate] IWM/USDT blocked — Event move still unresolved — peak is too recent — no structure yet
[gate] XRP/USDT blocked — R:R 0.60 below 1.2 (no room to next pool)
[15:21:42] Scan #342 | 87/87 fed | 29 candidates | 0 shadow | 86 reused | 0 dispatched | 16.3s | floor=78.0
[corr] 1 correlated peers dropped in favour of the strongest in each group
[gate] XLE/USDT blocked — Event move still unresolved — no lower high / structure break yet — still inside the vertical
[gate] COPPER/USDT blocked — R:R 0.58 below 1.2 (no room to next pool)
[gate] NFLX/USDT blocked — R:R 0.46 below 1.2 (no room to next pool)
[gate] FET/USDT blocked — R:R 0.67 below 1.2 (no room to next pool)
[gate] JUP/USDT blocked — R:R 0.49 below 1.2 (no room to next pool)
[gate] V/USDT blocked — R:R 0.32 below 1.2 (no room to next pool)
[gate] IWM/USDT blocked — Event move still unresolved — peak is too recent — no structure yet
[gate] XRP/USDT blocked — R:R 0.60 below 1.2 (no room to next pool)
[15:22:08] Scan #343 | 87/87 fed | 28 candidates | 0 shadow | 86 reused | 0 dispatched | 10.7s | floor=78.0
[corr] 1 correlated peers dropped in favour of the strongest in each group
[gate] XLE/USDT blocked — Event move still unresolved — no lower high / structure break yet — still inside the vertical
[gate] COPPER/USDT blocked — R:R 0.68 below 1.2 (no room to next pool)
[gate] FET/USDT blocked — R:R 0.75 below 1.2 (no room to next pool)
[gate] NFLX/USDT blocked — R:R 0.69 below 1.2 (no room to next pool)
[gate] V/USDT blocked — R:R 0.32 below 1.2 (no room to next pool)
[gate] IWM/USDT blocked — Event move still unresolved — peak is too recent — no structure yet
[gate] JUP/USDT blocked — R:R 0.65 below 1.2 (no room to next pool)
[15:22:41] Scan #344 | 87/87 fed | 28 candidates | 0 shadow | 86 reused | 0 dispatched | 18.8s | floor=78.0
[corr] 1 correlated peers dropped in favour of the strongest in each group
[gate] XLE/USDT blocked — Event move still unresolved — no lower high / structure break yet — still inside the vertical
[gate] COPPER/USDT blocked — R:R 0.68 below 1.2 (no room to next pool)
[gate] FET/USDT blocked — R:R 0.75 below 1.2 (no room to next pool)
[gate] NFLX/USDT blocked — R:R 0.69 below 1.2 (no room to next pool)
[gate] V/USDT blocked — R:R 0.32 below 1.2 (no room to next pool)
[gate] IWM/USDT blocked — Event move still unresolved — peak is too recent — no structure yet
[gate] JUP/USDT blocked — R:R 0.65 below 1.2 (no room to next pool)
[15:22:59] Scan #345 | 87/87 fed | 28 candidates | 0 shadow | 86 reused | 0 dispatched | 2.6s | floor=78.0
[corr] 1 correlated peers dropped in favour of the strongest in each group
[gate] COPPER/USDT blocked — R:R 0.66 below 1.2 (no room to next pool)
[gate] FET/USDT blocked — R:R 0.56 below 1.2 (no room to next pool)
[gate] JUP/USDT blocked — R:R 0.43 below 1.2 (no room to next pool)
[gate] XLE/USDT blocked — Event move still unresolved — no lower high / structure break yet — still inside the vertical
[gate] NFLX/USDT blocked — R:R 0.69 below 1.2 (no room to next pool)
[gate] V/USDT blocked — R:R 0.32 below 1.2 (no room to next pool)
[gate] IWM/USDT blocked — Event move still unresolved — peak is too recent — no structure yet
[gate] XRP/USDT 79 held back — held threshold for only 1/3 consecutive scans
[gate] STX/USDT 79 held back — held threshold for only 1/3 consecutive scans
[15:23:24] Scan #346 | 87/87 fed | 28 candidates | 0 shadow | 86 reused | 0 dispatched | 10.3s | floor=78.0
[corr] 1 correlated peers dropped in favour of the strongest in each group
[gate] COPPER/USDT blocked — R:R 0.66 below 1.2 (no room to next pool)
[gate] FET/USDT blocked — R:R 0.56 below 1.2 (no room to next pool)
[gate] JUP/USDT blocked — R:R 0.43 below 1.2 (no room to next pool)
[gate] XLE/USDT blocked — Event move still unresolved — no lower high / structure break yet — still inside the vertical
[gate] NFLX/USDT blocked — R:R 0.69 below 1.2 (no room to next pool)
[gate] V/USDT blocked — R:R 0.32 below 1.2 (no room to next pool)
[gate] IWM/USDT blocked — Event move still unresolved — peak is too recent — no structure yet
[gate] XRP/USDT 79 held back — held threshold for only 2/3 consecutive scans
[gate] STX/USDT 79 held back — held threshold for only 2/3 consecutive scans
[15:23:46] Scan #347 | 87/87 fed | 28 candidates | 0 shadow | 86 reused | 0 dispatched | 6.4s | floor=78.0
[corr] 1 correlated peers dropped in favour of the strongest in each group
[gate] COPPER/USDT blocked — R:R 0.66 below 1.2 (no room to next pool)
[gate] FET/USDT blocked — R:R 0.56 below 1.2 (no room to next pool)
[gate] XLE/USDT blocked — Event move still unresolved — no lower high / structure break yet — still inside the vertical
[gate] JUP/USDT blocked — R:R 0.43 below 1.2 (no room to next pool)
[gate] NFLX/USDT blocked — R:R 0.69 below 1.2 (no room to next pool)
[gate] IWM/USDT blocked — Event move still unresolved — peak is too recent — no structure yet
[gate] V/USDT blocked — R:R 0.32 below 1.2 (no room to next pool)
[gate] XRP/USDT blocked — R:R 0.60 below 1.2 (no room to next pool)
[15:24:02] Scan #348 | 87/87 fed | 28 candidates | 0 shadow | 86 reused | 0 dispatched | 1.4s | floor=78.0
[corr] 1 correlated peers dropped in favour of the strongest in each group
[gate] XLE/USDT blocked — Event move still unresolved — no lower high / structure break yet — still inside the vertical
[gate] COPPER/USDT blocked — R:R 0.68 below 1.2 (no room to next pool)
[gate] JUP/USDT blocked — R:R 0.38 below 1.2 (no room to next pool)
[gate] FET/USDT blocked — R:R 0.67 below 1.2 (no room to next pool)
[gate] NFLX/USDT blocked — R:R 0.69 below 1.2 (no room to next pool)
[gate] IWM/USDT blocked — Event move still unresolved — peak is too recent — no structure yet
[gate] XRP/USDT blocked — R:R 0.60 below 1.2 (no room to next pool)
[15:24:28] Scan #349 | 87/87 fed | 28 candidates | 0 shadow | 86 reused | 0 dispatched | 10.6s | floor=78.0
[corr] 1 correlated peers dropped in favour of the strongest in each group
[gate] XLE/USDT blocked — Event move still unresolved — no lower high / structure break yet — still inside the vertical
[gate] COPPER/USDT blocked — R:R 0.68 below 1.2 (no room to next pool)
[gate] JUP/USDT blocked — R:R 0.38 below 1.2 (no room to next pool)
[gate] FET/USDT blocked — R:R 0.67 below 1.2 (no room to next pool)
[gate] NFLX/USDT blocked — R:R 0.69 below 1.2 (no room to next pool)
[gate] IWM/USDT blocked — Event move still unresolved — peak is too recent — no structure yet
[gate] XRP/USDT blocked — R:R 0.60 below 1.2 (no room to next pool)
[15:24:45] Scan #350 | 87/87 fed | 28 candidates | 0 shadow | 86 reused | 0 dispatched | 2.6s | floor=78.0
[news] settled 37 term observations
[corr] 1 correlated peers dropped in favour of the strongest in each group
[gate] XLE/USDT blocked — Event move still unresolved — no lower high / structure break yet — still inside the vertical
[gate] COPPER/USDT blocked — R:R 0.68 below 1.2 (no room to next pool)
[gate] JUP/USDT blocked — R:R 0.38 below 1.2 (no room to next pool)
[gate] FET/USDT blocked — R:R 0.67 below 1.2 (no room to next pool)
[gate] NFLX/USDT blocked — R:R 0.69 below 1.2 (no room to next pool)
[gate] IWM/USDT blocked — Event move still unresolved — peak is too recent — no structure yet
[gate] XRP/USDT blocked — R:R 0.60 below 1.2 (no room to next pool)
[15:25:02] Scan #351 | 87/87 fed | 28 candidates | 0 shadow | 86 reused | 0 dispatched | 1.4s | floor=78.0
[corr] 1 correlated peers dropped in favour of the strongest in each group
[gate] XLE/USDT blocked — Event move still unresolved — no lower high / structure break yet — still inside the vertical
[gate] COPPER/USDT blocked — R:R 0.61 below 1.2 (no room to next pool)
[gate] FET/USDT blocked — R:R 0.67 below 1.2 (no room to next pool)
[gate] NFLX/USDT blocked — R:R 0.69 below 1.2 (no room to next pool)
[gate] IWM/USDT blocked — Event move still unresolved — peak is too recent — no structure yet
[gate] XRP/USDT blocked — R:R 0.60 below 1.2 (no room to next pool)
[15:25:29] Scan #352 | 87/87 fed | 28 candidates | 0 shadow | 86 reused | 0 dispatched | 12.3s | floor=78.0
[corr] 1 correlated peers dropped in favour of the strongest in each group
[gate] XLE/USDT blocked — Event move still unresolved — no lower high / structure break yet — still inside the vertical
[gate] COPPER/USDT blocked — R:R 0.61 below 1.2 (no room to next pool)
[gate] FET/USDT blocked — R:R 0.67 below 1.2 (no room to next pool)
[gate] NFLX/USDT blocked — R:R 0.69 below 1.2 (no room to next pool)
[gate] IWM/USDT blocked — Event move still unresolved — peak is too recent — no structure yet
[gate] XRP/USDT blocked — R:R 0.60 below 1.2 (no room to next pool)
[15:25:55] Scan #353 | 87/87 fed | 28 candidates | 0 shadow | 86 reused | 0 dispatched | 11.3s | floor=78.0
[corr] 1 correlated peers dropped in favour of the strongest in each group
[gate] XLE/USDT blocked — Event move still unresolved — no lower high / structure break yet — still inside the vertical
[gate] COPPER/USDT blocked — R:R 0.58 below 1.2 (no room to next pool)
[gate] JUP/USDT 81 held back — held threshold for only 1/3 consecutive scans
[gate] FET/USDT blocked — R:R 0.67 below 1.2 (no room to next pool)
[gate] IWM/USDT blocked — Event move still unresolved — peak is too recent — no structure yet
[gate] XRP/USDT blocked — R:R 0.60 below 1.2 (no room to next pool)
[15:26:25] Scan #354 | 87/87 fed | 28 candidates | 0 shadow | 86 reused | 0 dispatched | 14.5s | floor=78.0
[corr] 1 correlated peers dropped in favour of the strongest in each group
[gate] XLE/USDT blocked — Event move still unresolved — no lower high / structure break yet — still inside the vertical
[gate] COPPER/USDT blocked — R:R 0.58 below 1.2 (no room to next pool)
[gate] JUP/USDT 81 held back — held threshold for only 2/3 consecutive scans
[gate] FET/USDT blocked — R:R 0.67 below 1.2 (no room to next pool)
[gate] IWM/USDT blocked — Event move still unresolved — peak is too recent — no structure yet
[gate] XRP/USDT blocked — R:R 0.60 below 1.2 (no room to next pool)
[15:26:49] Scan #355 | 87/87 fed | 28 candidates | 0 shadow | 86 reused | 0 dispatched | 9.3s | floor=78.0
[corr] 1 correlated peers dropped in favour of the strongest in each group
[gate] XLE/USDT blocked — Event move still unresolved — no lower high / structure break yet — still inside the vertical
[gate] COPPER/USDT blocked — R:R 0.51 below 1.2 (no room to next pool)
[gate] JUP/USDT blocked — R:R 0.38 below 1.2 (no room to next pool)
[gate] FET/USDT blocked — R:R 0.75 below 1.2 (no room to next pool)
[gate] IWM/USDT blocked — Event move still unresolved — peak is too recent — no structure yet
[gate] XRP/USDT blocked — R:R 0.60 below 1.2 (no room to next pool)
[15:27:18] Scan #356 | 87/87 fed | 28 candidates | 0 shadow | 86 reused | 0 dispatched | 14.1s | floor=78.0
[corr] 1 correlated peers dropped in favour of the strongest in each group
[gate] XLE/USDT blocked — Event move still unresolved — no lower high / structure break yet — still inside the vertical
[gate] COPPER/USDT blocked — R:R 0.51 below 1.2 (no room to next pool)
[gate] JUP/USDT blocked — R:R 0.38 below 1.2 (no room to next pool)
[gate] FET/USDT blocked — R:R 0.75 below 1.2 (no room to next pool)
[gate] IWM/USDT blocked — Event move still unresolved — peak is too recent — no structure yet
[gate] XRP/USDT blocked — R:R 0.60 below 1.2 (no room to next pool)
[15:27:40] Scan #357 | 87/87 fed | 28 candidates | 0 shadow | 86 reused | 0 dispatched | 7.0s | floor=78.0
[corr] 1 correlated peers dropped in favour of the strongest in each group
[gate] XLE/USDT blocked — Event move still unresolved — no lower high / structure break yet — still inside the vertical
[gate] COPPER/USDT blocked — R:R 0.51 below 1.2 (no room to next pool)
[gate] JUP/USDT blocked — R:R 0.38 below 1.2 (no room to next pool)
[gate] FET/USDT blocked — R:R 0.75 below 1.2 (no room to next pool)
[gate] IWM/USDT blocked — Event move still unresolved — peak is too recent — no structure yet
[gate] XRP/USDT blocked — R:R 0.60 below 1.2 (no room to next pool)
[15:28:00] Scan #358 | 87/87 fed | 28 candidates | 0 shadow | 86 reused | 0 dispatched | 4.8s | floor=78.0
[corr] 1 correlated peers dropped in favour of the strongest in each group
[gate] XLE/USDT blocked — Event move still unresolved — no lower high / structure break yet — still inside the vertical
[gate] COPPER/USDT blocked — R:R 0.44 below 1.2 (no room to next pool)
[gate] JUP/USDT blocked — R:R 0.38 below 1.2 (no room to next pool)
[gate] FET/USDT blocked — R:R 0.67 below 1.2 (no room to next pool)
[gate] IWM/USDT blocked — Event move still unresolved — peak is too recent — no structure yet
[gate] XRP/USDT blocked — R:R 0.60 below 1.2 (no room to next pool)
[15:28:21] Scan #359 | 87/87 fed | 28 candidates | 1 shadow | 86 reused | 0 dispatched | 6.3s | floor=78.0
[corr] 1 correlated peers dropped in favour of the strongest in each group
[gate] XLE/USDT blocked — Event move still unresolved — no lower high / structure break yet — still inside the vertical
[gate] COPPER/USDT blocked — R:R 0.44 below 1.2 (no room to next pool)
[gate] JUP/USDT blocked — R:R 0.38 below 1.2 (no room to next pool)
[gate] FET/USDT blocked — R:R 0.67 below 1.2 (no room to next pool)
[gate] IWM/USDT blocked — Event move still unresolved — peak is too recent — no structure yet
[gate] XRP/USDT blocked — R:R 0.60 below 1.2 (no room to next pool)
[15:28:41] Scan #360 | 87/87 fed | 28 candidates | 0 shadow | 86 reused | 0 dispatched | 4.6s | floor=78.0
[shadow] DOT/USDT LONG -> TP2_HIT (+0.47%) DERIV_ALIGNED,NEWS_CONFLICT
[corr] 1 correlated peers dropped in favour of the strongest in each group
[gate] XLE/USDT blocked — Event move still unresolved — no lower high / structure break yet — still inside the vertical
[gate] COPPER/USDT blocked — R:R 0.44 below 1.2 (no room to next pool)
[gate] JUP/USDT blocked — R:R 0.38 below 1.2 (no room to next pool)
[gate] FET/USDT blocked — R:R 0.67 below 1.2 (no room to next pool)
[gate] IWM/USDT blocked — Event move still unresolved — peak is too recent — no structure yet
[gate] XRP/USDT blocked — R:R 0.60 below 1.2 (no room to next pool)
[15:29:00] Scan #361 | 87/87 fed | 28 candidates | 0 shadow | 86 reused | 0 dispatched | 4.7s | floor=78.0
[corr] 1 correlated peers dropped in favour of the strongest in each group
[gate] XLE/USDT blocked — Event move still unresolved — no lower high / structure break yet — still inside the vertical
[gate] COPPER/USDT blocked — R:R 0.66 below 1.2 (no room to next pool)
[gate] FET/USDT blocked — R:R 0.67 below 1.2 (no room to next pool)
[gate] IWM/USDT blocked — Event move still unresolved — peak is too recent — no structure yet
[15:29:22] Scan #362 | 87/87 fed | 28 candidates | 0 shadow | 86 reused | 0 dispatched | 6.6s | floor=78.0
[corr] 1 correlated peers dropped in favour of the strongest in each group
[gate] XLE/USDT blocked — Event move still unresolved — no lower high / structure break yet — still inside the vertical
[gate] COPPER/USDT blocked — R:R 0.66 below 1.2 (no room to next pool)
[gate] FET/USDT blocked — R:R 0.67 below 1.2 (no room to next pool)
[gate] IWM/USDT blocked — Event move still unresolved — peak is too recent — no structure yet
[15:29:41] Scan #363 | 87/87 fed | 28 candidates | 0 shadow | 86 reused | 0 dispatched | 4.3s | floor=78.0
[corr] 1 correlated peers dropped in favour of the strongest in each group
[gate] XLE/USDT blocked — Event move still unresolved — no lower high / structure break yet — still inside the vertical
[gate] COPPER/USDT blocked — R:R 0.66 below 1.2 (no room to next pool)
[gate] FET/USDT blocked — R:R 0.67 below 1.2 (no room to next pool)
[gate] IWM/USDT blocked — Event move still unresolved — peak is too recent — no structure yet
[15:29:59] Scan #364 | 87/87 fed | 28 candidates | 0 shadow | 86 reused | 0 dispatched | 2.3s | floor=78.0
[gate] NEAR/USDT 87 held back — held threshold for only 1/3 consecutive scans
[gate] COPPER/USDT blocked — R:R 0.65 below 1.2 (no room to next pool)
[gate] XLE/USDT blocked — R:R 1.00 below 1.2 (no room to next pool)
[gate] NFLX/USDT 80 held back — held threshold for only 1/3 consecutive scans
[gate] ABNB/USDT 79 held back — held threshold for only 1/3 consecutive scans
[gate] JUP/USDT 79 held back — held threshold for only 1/3 consecutive scans
[15:30:47] Scan #365 | 87/87 fed | 26 candidates | 0 shadow | 0 reused | 0 dispatched | 33.0s | floor=78.0
[gate] NEAR/USDT 87 held back — held threshold for only 2/3 consecutive scans
[gate] COPPER/USDT blocked — R:R 0.65 below 1.2 (no room to next pool)
[gate] XLE/USDT blocked — R:R 1.00 below 1.2 (no room to next pool)
[gate] NFLX/USDT 80 held back — held threshold for only 2/3 consecutive scans
[gate] ABNB/USDT 79 held back — held threshold for only 2/3 consecutive scans
[gate] JUP/USDT 79 held back — held threshold for only 2/3 consecutive scans
[15:31:12] Scan #366 | 87/87 fed | 25 candidates | 0 shadow | 86 reused | 0 dispatched | 10.6s | floor=78.0
[gate] NEAR/USDT blocked — R:R 0.37 below 1.2 (no room to next pool)
[gate] COPPER/USDT blocked — R:R 0.62 below 1.2 (no room to next pool)
[gate] RENDER/USDT 81 held back — held threshold for only 1/3 consecutive scans
[gate] XLE/USDT blocked — R:R 1.00 below 1.2 (no room to next pool)
[gate] NFLX/USDT blocked — R:R 0.89 below 1.2 (no room to next pool)
[gate] ABNB/USDT blocked — R:R 1.00 below 1.2 (no room to next pool)
[gate] JUP/USDT blocked — R:R 1.01 below 1.2 (no room to next pool)
[gate] V/USDT 78 held back — held threshold for only 1/3 consecutive scans
[15:31:41] Scan #367 | 87/87 fed | 25 candidates | 1 shadow | 86 reused | 0 dispatched | 13.2s | floor=78.0
[gate] NEAR/USDT blocked — R:R 0.37 below 1.2 (no room to next pool)
[gate] COPPER/USDT blocked — R:R 0.62 below 1.2 (no room to next pool)
[gate] RENDER/USDT 81 held back — held threshold for only 2/3 consecutive scans
[gate] XLE/USDT blocked — R:R 1.00 below 1.2 (no room to next pool)
[gate] NFLX/USDT blocked — R:R 0.89 below 1.2 (no room to next pool)
[gate] ABNB/USDT blocked — R:R 1.00 below 1.2 (no room to next pool)
[gate] JUP/USDT blocked — R:R 1.01 below 1.2 (no room to next pool)
[gate] V/USDT 78 held back — held threshold for only 2/3 consecutive scans
[15:32:02] Scan #368 | 87/87 fed | 25 candidates | 0 shadow | 86 reused | 0 dispatched | 6.0s | floor=78.0
[news] settled 1077 term observations
[gate] NEAR/USDT blocked — R:R 0.43 below 1.2 (no room to next pool)
[gate] COPPER/USDT blocked — R:R 0.68 below 1.2 (no room to next pool)
[gate] XLE/USDT blocked — R:R 1.00 below 1.2 (no room to next pool)
[gate] RENDER/USDT blocked — R:R 0.65 below 1.2 (no room to next pool)
[gate] NFLX/USDT blocked — R:R 0.89 below 1.2 (no room to next pool)
[gate] V/USDT blocked — R:R 0.44 below 1.2 (no room to next pool)
[gate] ABNB/USDT blocked — R:R 1.00 below 1.2 (no room to next pool)
[gate] JUP/USDT blocked — R:R 1.01 below 1.2 (no room to next pool)
[15:32:33] Scan #369 | 87/87 fed | 24 candidates | 0 shadow | 86 reused | 0 dispatched | 16.0s | floor=78.0
[gate] NEAR/USDT blocked — R:R 0.43 below 1.2 (no room to next pool)
[gate] COPPER/USDT blocked — R:R 0.68 below 1.2 (no room to next pool)
[gate] XLE/USDT blocked — R:R 1.00 below 1.2 (no room to next pool)
[gate] RENDER/USDT blocked — R:R 0.65 below 1.2 (no room to next pool)
[gate] NFLX/USDT blocked — R:R 0.89 below 1.2 (no room to next pool)
[gate] V/USDT blocked — R:R 0.44 below 1.2 (no room to next pool)
[gate] ABNB/USDT blocked — R:R 1.00 below 1.2 (no room to next pool)
[gate] JUP/USDT blocked — R:R 1.01 below 1.2 (no room to next pool)
[15:32:52] Scan #370 | 87/87 fed | 24 candidates | 0 shadow | 86 reused | 0 dispatched | 4.8s | floor=78.0
[gate] NEAR/USDT blocked — R:R 0.49 below 1.2 (no room to next pool)
[gate] COPPER/USDT blocked — R:R 0.68 below 1.2 (no room to next pool)
[gate] XLE/USDT blocked — R:R 1.00 below 1.2 (no room to next pool)
[gate] RENDER/USDT blocked — R:R 0.65 below 1.2 (no room to next pool)
[gate] NFLX/USDT blocked — R:R 0.89 below 1.2 (no room to next pool)
[gate] V/USDT blocked — R:R 0.44 below 1.2 (no room to next pool)
[gate] ABNB/USDT blocked — R:R 1.00 below 1.2 (no room to next pool)
[gate] JUP/USDT blocked — R:R 1.01 below 1.2 (no room to next pool)
[15:33:14] Scan #371 | 87/87 fed | 24 candidates | 0 shadow | 86 reused | 0 dispatched | 7.0s | floor=78.0
[gate] NEAR/USDT blocked — R:R 0.49 below 1.2 (no room to next pool)
[gate] COPPER/USDT blocked — R:R 0.68 below 1.2 (no room to next pool)
[gate] XLE/USDT blocked — R:R 1.00 below 1.2 (no room to next pool)
[gate] RENDER/USDT blocked — R:R 0.65 below 1.2 (no room to next pool)
[gate] NFLX/USDT blocked — R:R 0.89 below 1.2 (no room to next pool)
[gate] V/USDT blocked — R:R 0.44 below 1.2 (no room to next pool)
[gate] ABNB/USDT blocked — R:R 1.00 below 1.2 (no room to next pool)
[gate] JUP/USDT blocked — R:R 1.01 below 1.2 (no room to next pool)
[15:33:33] Scan #372 | 87/87 fed | 25 candidates | 0 shadow | 86 reused | 0 dispatched | 3.8s | floor=78.0
[gate] NEAR/USDT blocked — R:R 0.49 below 1.2 (no room to next pool)
[gate] COPPER/USDT blocked — R:R 0.68 below 1.2 (no room to next pool)
[gate] XLE/USDT blocked — R:R 1.00 below 1.2 (no room to next pool)
[gate] RENDER/USDT blocked — R:R 0.65 below 1.2 (no room to next pool)
[gate] NFLX/USDT blocked — R:R 0.89 below 1.2 (no room to next pool)
[gate] V/USDT blocked — R:R 0.44 below 1.2 (no room to next pool)
[gate] ABNB/USDT blocked — R:R 1.00 below 1.2 (no room to next pool)
[gate] JUP/USDT blocked — R:R 1.01 below 1.2 (no room to next pool)
[15:33:52] Scan #373 | 87/87 fed | 25 candidates | 0 shadow | 86 reused | 0 dispatched | 3.8s | floor=78.0
[shadow] ABNB/USDT SHORT -> TP1_HIT (+0.80%) NEWS_CONFLICT
[gate] NEAR/USDT blocked — R:R 0.49 below 1.2 (no room to next pool)
[gate] COPPER/USDT blocked — R:R 0.73 below 1.2 (no room to next pool)
[gate] XLE/USDT blocked — R:R 1.00 below 1.2 (no room to next pool)
[gate] RENDER/USDT blocked — R:R 0.65 below 1.2 (no room to next pool)
[gate] NFLX/USDT blocked — R:R 0.89 below 1.2 (no room to next pool)
[gate] V/USDT blocked — R:R 0.44 below 1.2 (no room to next pool)
[gate] ABNB/USDT blocked — R:R 1.00 below 1.2 (no room to next pool)
[gate] JUP/USDT blocked — R:R 1.01 below 1.2 (no room to next pool)
[15:34:14] Scan #374 | 87/87 fed | 25 candidates | 1 shadow | 86 reused | 0 dispatched | 7.3s | floor=78.0
[gate] NEAR/USDT blocked — R:R 0.49 below 1.2 (no room to next pool)
[gate] COPPER/USDT blocked — R:R 0.73 below 1.2 (no room to next pool)
[gate] XLE/USDT blocked — R:R 1.00 below 1.2 (no room to next pool)
[gate] RENDER/USDT blocked — R:R 0.65 below 1.2 (no room to next pool)
[gate] NFLX/USDT blocked — R:R 0.89 below 1.2 (no room to next pool)
[gate] V/USDT blocked — R:R 0.44 below 1.2 (no room to next pool)
[gate] ABNB/USDT blocked — R:R 1.00 below 1.2 (no room to next pool)
[gate] JUP/USDT blocked — R:R 1.01 below 1.2 (no room to next pool)
[15:34:33] Scan #375 | 87/87 fed | 26 candidates | 0 shadow | 86 reused | 0 dispatched | 3.7s | floor=78.0
[news] settled 593 term observations
[gate] NEAR/USDT blocked — R:R 0.49 below 1.2 (no room to next pool)
[gate] COPPER/USDT blocked — R:R 0.73 below 1.2 (no room to next pool)
[gate] XLE/USDT blocked — R:R 1.00 below 1.2 (no room to next pool)
[gate] RENDER/USDT blocked — R:R 0.65 below 1.2 (no room to next pool)
[gate] NFLX/USDT blocked — R:R 0.89 below 1.2 (no room to next pool)
[gate] V/USDT blocked — R:R 0.44 below 1.2 (no room to next pool)
[gate] ABNB/USDT blocked — R:R 1.00 below 1.2 (no room to next pool)
[gate] JUP/USDT blocked — R:R 1.01 below 1.2 (no room to next pool)
[15:34:52] Scan #376 | 87/87 fed | 26 candidates | 0 shadow | 86 reused | 0 dispatched | 4.0s | floor=78.0
[gate] NEAR/USDT blocked — R:R 0.56 below 1.2 (no room to next pool)
[gate] COPPER/USDT blocked — R:R 0.68 below 1.2 (no room to next pool)
[gate] XLE/USDT blocked — R:R 1.00 below 1.2 (no room to next pool)
[gate] RENDER/USDT blocked — R:R 0.65 below 1.2 (no room to next pool)
[gate] NFLX/USDT blocked — R:R 0.89 below 1.2 (no room to next pool)
[gate] V/USDT blocked — R:R 0.44 below 1.2 (no room to next pool)
[gate] ABNB/USDT blocked — R:R 1.00 below 1.2 (no room to next pool)
[gate] JUP/USDT blocked — R:R 1.01 below 1.2 (no room to next pool)
[15:35:22] Scan #377 | 87/87 fed | 26 candidates | 0 shadow | 86 reused | 0 dispatched | 14.9s | floor=78.0
[shadow] INJ/USDT LONG -> TP1_HIT (+0.51%) DERIV_ALIGNED,NEWS_CONFLICT
[gate] NEAR/USDT blocked — R:R 0.56 below 1.2 (no room to next pool)
[gate] COPPER/USDT blocked — R:R 0.68 below 1.2 (no room to next pool)
[gate] RENDER/USDT blocked — R:R 0.65 below 1.2 (no room to next pool)
[gate] NFLX/USDT blocked — R:R 0.89 below 1.2 (no room to next pool)
[gate] XLE/USDT blocked — R:R 1.00 below 1.2 (no room to next pool)
[gate] V/USDT blocked — R:R 0.44 below 1.2 (no room to next pool)
[gate] ABNB/USDT blocked — R:R 1.00 below 1.2 (no room to next pool)
[gate] JUP/USDT blocked — R:R 1.01 below 1.2 (no room to next pool)
[15:35:48] Scan #378 | 87/87 fed | 26 candidates | 0 shadow | 86 reused | 0 dispatched | 11.4s | floor=78.0
[gate] NEAR/USDT blocked — R:R 0.62 below 1.2 (no room to next pool)
[gate] COPPER/USDT blocked — R:R 0.76 below 1.2 (no room to next pool)
[gate] RENDER/USDT blocked — R:R 0.65 below 1.2 (no room to next pool)
[gate] NFLX/USDT blocked — R:R 0.89 below 1.2 (no room to next pool)
[gate] XLE/USDT blocked — R:R 1.00 below 1.2 (no room to next pool)
[gate] V/USDT blocked — R:R 0.44 below 1.2 (no room to next pool)
[gate] ABNB/USDT blocked — R:R 1.00 below 1.2 (no room to next pool)
[15:36:17] Scan #379 | 87/87 fed | 26 candidates | 0 shadow | 86 reused | 0 dispatched | 14.2s | floor=78.0
[gate] NEAR/USDT blocked — R:R 0.62 below 1.2 (no room to next pool)
[gate] COPPER/USDT blocked — R:R 0.76 below 1.2 (no room to next pool)
[gate] RENDER/USDT blocked — R:R 0.65 below 1.2 (no room to next pool)
[gate] NFLX/USDT blocked — R:R 0.89 below 1.2 (no room to next pool)
[gate] XLE/USDT blocked — R:R 1.00 below 1.2 (no room to next pool)
[gate] V/USDT blocked — R:R 0.44 below 1.2 (no room to next pool)
[gate] ABNB/USDT blocked — R:R 1.00 below 1.2 (no room to next pool)
[15:36:40] Scan #380 | 87/87 fed | 26 candidates | 0 shadow | 86 reused | 0 dispatched | 7.5s | floor=78.0
[gate] NEAR/USDT blocked — R:R 0.62 below 1.2 (no room to next pool)
[gate] COPPER/USDT blocked — R:R 0.76 below 1.2 (no room to next pool)
[gate] RENDER/USDT blocked — R:R 0.65 below 1.2 (no room to next pool)
[gate] NFLX/USDT blocked — R:R 0.89 below 1.2 (no room to next pool)
[gate] XLE/USDT blocked — R:R 1.00 below 1.2 (no room to next pool)
[gate] V/USDT blocked — R:R 0.44 below 1.2 (no room to next pool)
[gate] ABNB/USDT blocked — R:R 1.00 below 1.2 (no room to next pool)
[15:37:05] Scan #381 | 87/87 fed | 25 candidates | 0 shadow | 86 reused | 0 dispatched | 10.0s | floor=78.0
[gate] NEAR/USDT blocked — R:R 0.43 below 1.2 (no room to next pool)
[gate] COPPER/USDT blocked — R:R 0.79 below 1.2 (no room to next pool)
[gate] XLE/USDT blocked — R:R 1.00 below 1.2 (no room to next pool)
[gate] RENDER/USDT blocked — R:R 0.65 below 1.2 (no room to next pool)
[gate] NFLX/USDT blocked — R:R 0.89 below 1.2 (no room to next pool)
[gate] V/USDT blocked — R:R 0.44 below 1.2 (no room to next pool)
[gate] ABNB/USDT blocked — R:R 1.00 below 1.2 (no room to next pool)
[15:37:31] Scan #382 | 87/87 fed | 25 candidates | 0 shadow | 86 reused | 0 dispatched | 11.1s | floor=78.0
[gate] NEAR/USDT blocked — R:R 0.43 below 1.2 (no room to next pool)
[gate] COPPER/USDT blocked — R:R 0.79 below 1.2 (no room to next pool)
[gate] XLE/USDT blocked — R:R 1.00 below 1.2 (no room to next pool)
[gate] RENDER/USDT blocked — R:R 0.65 below 1.2 (no room to next pool)
[gate] NFLX/USDT blocked — R:R 0.89 below 1.2 (no room to next pool)
[gate] V/USDT blocked — R:R 0.44 below 1.2 (no room to next pool)
[gate] ABNB/USDT blocked — R:R 1.00 below 1.2 (no room to next pool)
[15:37:53] Scan #383 | 87/87 fed | 26 candidates | 0 shadow | 86 reused | 0 dispatched | 7.1s | floor=78.0
[gate] NEAR/USDT blocked — R:R 0.37 below 1.2 (no room to next pool)
[gate] COPPER/USDT blocked — R:R 0.82 below 1.2 (no room to next pool)
[gate] RENDER/USDT blocked — R:R 0.47 below 1.2 (no room to next pool)
[gate] NFLX/USDT blocked — R:R 0.89 below 1.2 (no room to next pool)
[gate] XLE/USDT blocked — R:R 1.00 below 1.2 (no room to next pool)
[gate] V/USDT blocked — R:R 0.44 below 1.2 (no room to next pool)
[gate] ABNB/USDT blocked — R:R 1.00 below 1.2 (no room to next pool)
[15:38:18] Scan #384 | 87/87 fed | 26 candidates | 0 shadow | 86 reused | 0 dispatched | 9.6s | floor=78.0
[shadow] LMT/USDT SHORT -> TP1_HIT (+0.42%) NEWS_CONFLICT
[gate] NEAR/USDT blocked — R:R 0.37 below 1.2 (no room to next pool)
[gate] COPPER/USDT blocked — R:R 0.82 below 1.2 (no room to next pool)
[gate] RENDER/USDT blocked — R:R 0.47 below 1.2 (no room to next pool)
[gate] NFLX/USDT blocked — R:R 0.89 below 1.2 (no room to next pool)
[gate] XLE/USDT blocked — R:R 1.00 below 1.2 (no room to next pool)
[gate] V/USDT blocked — R:R 0.44 below 1.2 (no room to next pool)
[gate] ABNB/USDT blocked — R:R 1.00 below 1.2 (no room to next pool)
[15:38:40] Scan #385 | 87/87 fed | 26 candidates | 0 shadow | 86 reused | 0 dispatched | 6.7s | floor=78.0
[gate] NEAR/USDT blocked — R:R 0.37 below 1.2 (no room to next pool)
[gate] COPPER/USDT blocked — R:R 0.82 below 1.2 (no room to next pool)
[gate] RENDER/USDT blocked — R:R 0.47 below 1.2 (no room to next pool)
[gate] NFLX/USDT blocked — R:R 0.89 below 1.2 (no room to next pool)
[gate] XLE/USDT blocked — R:R 1.00 below 1.2 (no room to next pool)
[gate] V/USDT blocked — R:R 0.44 below 1.2 (no room to next pool)
[gate] ABNB/USDT blocked — R:R 1.00 below 1.2 (no room to next pool)
[15:38:57] Scan #386 | 87/87 fed | 26 candidates | 0 shadow | 86 reused | 0 dispatched | 2.1s | floor=78.0
[gate] NEAR/USDT blocked — R:R 0.37 below 1.2 (no room to next pool)
[gate] COPPER/USDT blocked — R:R 0.79 below 1.2 (no room to next pool)
[gate] RENDER/USDT blocked — R:R 0.47 below 1.2 (no room to next pool)
[gate] XLE/USDT blocked — R:R 1.00 below 1.2 (no room to next pool)
[gate] NFLX/USDT blocked — R:R 0.89 below 1.2 (no room to next pool)
[gate] ABNB/USDT blocked — R:R 1.00 below 1.2 (no room to next pool)
[gate] IWM/USDT 78 held back — held threshold for only 1/3 consecutive scans
[15:39:19] Scan #387 | 87/87 fed | 26 candidates | 0 shadow | 86 reused | 0 dispatched | 7.0s | floor=78.0
[gate] NEAR/USDT blocked — R:R 0.37 below 1.2 (no room to next pool)
[gate] COPPER/USDT blocked — R:R 0.79 below 1.2 (no room to next pool)
[gate] RENDER/USDT blocked — R:R 0.47 below 1.2 (no room to next pool)
[gate] XLE/USDT blocked — R:R 1.00 below 1.2 (no room to next pool)
[gate] NFLX/USDT blocked — R:R 0.89 below 1.2 (no room to next pool)
[gate] ABNB/USDT blocked — R:R 1.00 below 1.2 (no room to next pool)
[gate] IWM/USDT 78 held back — held threshold for only 2/3 consecutive scans
[15:39:40] Scan #388 | 87/87 fed | 26 candidates | 0 shadow | 86 reused | 0 dispatched | 5.8s | floor=78.0
[gate] NEAR/USDT blocked — R:R 0.37 below 1.2 (no room to next pool)
[gate] COPPER/USDT blocked — R:R 0.79 below 1.2 (no room to next pool)
[gate] RENDER/USDT blocked — R:R 0.47 below 1.2 (no room to next pool)
[gate] XLE/USDT blocked — R:R 1.00 below 1.2 (no room to next pool)
[gate] NFLX/USDT blocked — R:R 0.89 below 1.2 (no room to next pool)
[gate] ABNB/USDT blocked — R:R 1.00 below 1.2 (no room to next pool)
[gate] IWM/USDT blocked — Event move still unresolved — no higher low / structure break yet — still inside the vertical
[15:39:57] Scan #389 | 87/87 fed | 26 candidates | 0 shadow | 86 reused | 0 dispatched | 2.7s | floor=78.0
[gate] NEAR/USDT blocked — R:R 0.43 below 1.2 (no room to next pool)
[gate] RENDER/USDT blocked — R:R 0.37 below 1.2 (no room to next pool)
[gate] COPPER/USDT blocked — R:R 0.82 below 1.2 (no room to next pool)
[gate] XLE/USDT blocked — R:R 1.00 below 1.2 (no room to next pool)
[gate] NFLX/USDT blocked — R:R 0.89 below 1.2 (no room to next pool)
[gate] ABNB/USDT blocked — R:R 1.00 below 1.2 (no room to next pool)
[gate] IWM/USDT blocked — Event move still unresolved — no higher low / structure break yet — still inside the vertical
[15:40:26] Scan #390 | 87/87 fed | 26 candidates | 0 shadow | 86 reused | 0 dispatched | 13.8s | floor=78.0
[gate] NEAR/USDT blocked — R:R 0.43 below 1.2 (no room to next pool)
[gate] RENDER/USDT blocked — R:R 0.37 below 1.2 (no room to next pool)
[gate] COPPER/USDT blocked — R:R 0.82 below 1.2 (no room to next pool)
[gate] XLE/USDT blocked — R:R 1.00 below 1.2 (no room to next pool)
[gate] NFLX/USDT blocked — R:R 0.89 below 1.2 (no room to next pool)
[gate] ABNB/USDT blocked — R:R 1.00 below 1.2 (no room to next pool)
[gate] IWM/USDT blocked — Event move still unresolved — no higher low / structure break yet — still inside the vertical
[15:40:53] Scan #391 | 87/87 fed | 26 candidates | 0 shadow | 86 reused | 0 dispatched | 12.2s | floor=78.0
[gate] NEAR/USDT blocked — R:R 0.68 below 1.2 (no room to next pool)
[gate] RENDER/USDT blocked — R:R 0.37 below 1.2 (no room to next pool)
[gate] COPPER/USDT blocked — R:R 0.82 below 1.2 (no room to next pool)
[gate] XLE/USDT blocked — R:R 1.00 below 1.2 (no room to next pool)
[gate] NFLX/USDT blocked — R:R 0.89 below 1.2 (no room to next pool)
[gate] ABNB/USDT blocked — R:R 1.00 below 1.2 (no room to next pool)
[gate] IWM/USDT blocked — Event move still unresolved — no higher low / structure break yet — still inside the vertical
[15:41:24] Scan #392 | 87/87 fed | 25 candidates | 0 shadow | 86 reused | 0 dispatched | 15.9s | floor=78.0
[gate] NEAR/USDT blocked — R:R 0.68 below 1.2 (no room to next pool)
[gate] RENDER/USDT blocked — R:R 0.37 below 1.2 (no room to next pool)
[gate] COPPER/USDT blocked — R:R 0.82 below 1.2 (no room to next pool)
[gate] XLE/USDT blocked — R:R 1.00 below 1.2 (no room to next pool)
[gate] NFLX/USDT blocked — R:R 0.89 below 1.2 (no room to next pool)
[gate] ABNB/USDT blocked — R:R 1.00 below 1.2 (no room to next pool)
[gate] IWM/USDT blocked — Event move still unresolved — no higher low / structure break yet — still inside the vertical
[gate] V/USDT blocked — R:R 0.67 below 1.2 (no room to next pool)
[gate] JUP/USDT blocked — R:R 0.99 below 1.2 (no room to next pool)
[gate] TIA/USDT blocked — R:R 0.36 below 1.2 (no room to next pool)
[gate] BNB/USDT blocked — Event move still unresolved — no lower high / structure break yet — still inside the vertical
[gate] BONK/USDT blocked — R:R 0.45 below 1.2 (no room to next pool)
[15:41:47] Scan #393 | 87/87 fed | 25 candidates | 0 shadow | 86 reused | 0 dispatched | 7.4s | floor=72.0
[gate] NEAR/USDT blocked — R:R 0.68 below 1.2 (no room to next pool)
[gate] RENDER/USDT blocked — R:R 0.37 below 1.2 (no room to next pool)
[gate] COPPER/USDT blocked — R:R 0.82 below 1.2 (no room to next pool)
[gate] XLE/USDT blocked — R:R 1.00 below 1.2 (no room to next pool)
[gate] NFLX/USDT blocked — R:R 0.89 below 1.2 (no room to next pool)
[gate] ABNB/USDT blocked — R:R 1.00 below 1.2 (no room to next pool)
[gate] IWM/USDT blocked — Event move still unresolved — no higher low / structure break yet — still inside the vertical
[gate] V/USDT blocked — R:R 0.67 below 1.2 (no room to next pool)
[gate] JUP/USDT blocked — R:R 0.99 below 1.2 (no room to next pool)
[gate] TIA/USDT blocked — R:R 0.36 below 1.2 (no room to next pool)
[gate] BNB/USDT blocked — Event move still unresolved — no lower high / structure break yet — still inside the vertical
[gate] BONK/USDT blocked — R:R 0.45 below 1.2 (no room to next pool)
[15:42:11] Scan #394 | 87/87 fed | 25 candidates | 0 shadow | 86 reused | 0 dispatched | 9.1s | floor=72.0
[gate] NEAR/USDT blocked — R:R 0.49 below 1.2 (no room to next pool)
[gate] RENDER/USDT blocked — R:R 0.37 below 1.2 (no room to next pool)
[gate] COPPER/USDT blocked — R:R 0.84 below 1.2 (no room to next pool)
[gate] XLE/USDT blocked — R:R 1.00 below 1.2 (no room to next pool)
[gate] NFLX/USDT blocked — R:R 0.89 below 1.2 (no room to next pool)
[gate] ABNB/USDT blocked — R:R 1.00 below 1.2 (no room to next pool)
[gate] IWM/USDT blocked — Event move still unresolved — no higher low / structure break yet — still inside the vertical
[gate] V/USDT blocked — R:R 0.67 below 1.2 (no room to next pool)
[gate] JUP/USDT blocked — R:R 0.99 below 1.2 (no room to next pool)
[gate] BNB/USDT blocked — Event move still unresolved — no lower high / structure break yet — still inside the vertical
[gate] BONK/USDT blocked — R:R 0.45 below 1.2 (no room to next pool)
[15:42:36] Scan #395 | 87/87 fed | 25 candidates | 0 shadow | 86 reused | 0 dispatched | 10.5s | floor=72.0
[gate] NEAR/USDT blocked — R:R 0.49 below 1.2 (no room to next pool)
[gate] RENDER/USDT blocked — R:R 0.37 below 1.2 (no room to next pool)
[gate] COPPER/USDT blocked — R:R 0.84 below 1.2 (no room to next pool)
[gate] NFLX/USDT blocked — R:R 0.89 below 1.2 (no room to next pool)
[gate] XLE/USDT blocked — R:R 1.00 below 1.2 (no room to next pool)
[gate] ABNB/USDT blocked — R:R 1.00 below 1.2 (no room to next pool)
[gate] IWM/USDT blocked — Event move still unresolved — no higher low / structure break yet — still inside the vertical
[gate] V/USDT blocked — R:R 0.67 below 1.2 (no room to next pool)
[gate] JUP/USDT blocked — R:R 0.99 below 1.2 (no room to next pool)
[gate] BNB/USDT blocked — Event move still unresolved — no lower high / structure break yet — still inside the vertical
[gate] BONK/USDT blocked — R:R 0.45 below 1.2 (no room to next pool)
[15:43:00] Scan #396 | 87/87 fed | 25 candidates | 0 shadow | 86 reused | 0 dispatched | 8.6s | floor=72.0
[gate] NEAR/USDT blocked — R:R 0.49 below 1.2 (no room to next pool)
[gate] RENDER/USDT blocked — R:R 0.37 below 1.2 (no room to next pool)
[gate] COPPER/USDT blocked — R:R 0.87 below 1.2 (no room to next pool)
[gate] NFLX/USDT blocked — R:R 0.89 below 1.2 (no room to next pool)
[gate] XLE/USDT blocked — R:R 1.00 below 1.2 (no room to next pool)
[gate] ABNB/USDT blocked — R:R 1.00 below 1.2 (no room to next pool)
[gate] IWM/USDT blocked — Event move still unresolved — no higher low / structure break yet — still inside the vertical
[gate] V/USDT blocked — R:R 0.71 below 1.2 (no room to next pool)
[gate] BNB/USDT blocked — Event move still unresolved — no lower high / structure break yet — still inside the vertical
[gate] JUP/USDT blocked — R:R 0.99 below 1.2 (no room to next pool)
[gate] BONK/USDT blocked — R:R 0.45 below 1.2 (no room to next pool)
[15:43:23] Scan #397 | 87/87 fed | 25 candidates | 0 shadow | 86 reused | 0 dispatched | 8.2s | floor=72.0
[gate] NEAR/USDT blocked — R:R 0.49 below 1.2 (no room to next pool)
[gate] RENDER/USDT blocked — R:R 0.37 below 1.2 (no room to next pool)
[gate] COPPER/USDT blocked — R:R 0.87 below 1.2 (no room to next pool)
[gate] XLE/USDT blocked — R:R 1.00 below 1.2 (no room to next pool)
[gate] NFLX/USDT blocked — R:R 0.89 below 1.2 (no room to next pool)
[gate] ABNB/USDT blocked — R:R 1.00 below 1.2 (no room to next pool)
[gate] IWM/USDT blocked — Event move still unresolved — no higher low / structure break yet — still inside the vertical
[gate] V/USDT blocked — R:R 0.71 below 1.2 (no room to next pool)
[gate] BNB/USDT blocked — Event move still unresolved — no lower high / structure break yet — still inside the vertical
[gate] JUP/USDT blocked — R:R 0.99 below 1.2 (no room to next pool)
[gate] BONK/USDT blocked — R:R 0.45 below 1.2 (no room to next pool)
[15:43:47] Scan #398 | 87/87 fed | 26 candidates | 0 shadow | 86 reused | 0 dispatched | 8.6s | floor=72.0
[gate] NEAR/USDT blocked — R:R 0.49 below 1.2 (no room to next pool)
[gate] RENDER/USDT blocked — R:R 0.37 below 1.2 (no room to next pool)
[gate] COPPER/USDT blocked — R:R 0.87 below 1.2 (no room to next pool)
[gate] XLE/USDT blocked — R:R 1.00 below 1.2 (no room to next pool)
[gate] NFLX/USDT blocked — R:R 0.89 below 1.2 (no room to next pool)
[gate] ABNB/USDT blocked — R:R 1.00 below 1.2 (no room to next pool)
[gate] IWM/USDT blocked — Event move still unresolved — no higher low / structure break yet — still inside the vertical
[gate] V/USDT blocked — R:R 0.71 below 1.2 (no room to next pool)
[gate] BNB/USDT blocked — Event move still unresolved — no lower high / structure break yet — still inside the vertical
[gate] JUP/USDT blocked — R:R 0.99 below 1.2 (no room to next pool)
[gate] BONK/USDT blocked — R:R 0.45 below 1.2 (no room to next pool)
[15:44:04] Scan #399 | 87/87 fed | 26 candidates | 0 shadow | 86 reused | 0 dispatched | 2.0s | floor=72.0
[gate] NEAR/USDT blocked — R:R 0.37 below 1.2 (no room to next pool)
[gate] COPPER/USDT blocked — R:R 0.84 below 1.2 (no room to next pool)
[gate] XLE/USDT blocked — R:R 1.00 below 1.2 (no room to next pool)
[gate] NFLX/USDT blocked — R:R 0.89 below 1.2 (no room to next pool)
[gate] ABNB/USDT blocked — R:R 1.00 below 1.2 (no room to next pool)
[gate] V/USDT blocked — R:R 0.67 below 1.2 (no room to next pool)
[gate] IWM/USDT blocked — Event move still unresolved — no higher low / structure break yet — still inside the vertical
[gate] RENDER/USDT blocked — R:R 1.02 below 1.2 (no room to next pool)
[gate] JUP/USDT blocked — R:R 0.99 below 1.2 (no room to next pool)
[gate] BNB/USDT blocked — Event move still unresolved — no lower high / structure break yet — still inside the vertical
[gate] BONK/USDT blocked — R:R 0.45 below 1.2 (no room to next pool)
[15:44:24] Scan #400 | 87/87 fed | 26 candidates | 1 shadow | 86 reused | 0 dispatched | 4.8s | floor=72.0
[gate] NEAR/USDT blocked — R:R 0.37 below 1.2 (no room to next pool)
[gate] COPPER/USDT blocked — R:R 0.84 below 1.2 (no room to next pool)
[gate] XLE/USDT blocked — R:R 1.00 below 1.2 (no room to next pool)
[gate] NFLX/USDT blocked — R:R 0.89 below 1.2 (no room to next pool)
[gate] ABNB/USDT blocked — R:R 1.00 below 1.2 (no room to next pool)
[gate] IWM/USDT blocked — Event move still unresolved — no higher low / structure break yet — still inside the vertical
[gate] V/USDT blocked — R:R 0.67 below 1.2 (no room to next pool)
[gate] RENDER/USDT 74 held back — score decaying (-2.0/scan) — setup is fading, not forming
[gate] JUP/USDT blocked — R:R 0.99 below 1.2 (no room to next pool)
[gate] BNB/USDT blocked — Event move still unresolved — no lower high / structure break yet — still inside the vertical
[gate] BONK/USDT blocked — R:R 0.45 below 1.2 (no room to next pool)
[15:44:46] Scan #401 | 87/87 fed | 25 candidates | 0 shadow | 86 reused | 0 dispatched | 7.3s | floor=72.0
[shadow] DOGE/USDT LONG -> TP1_HIT (+0.28%) DERIV_CONFLICT,NEWS_CONFLICT,TRADED_WITH_CROWD
[gate] NEAR/USDT blocked — R:R 0.37 below 1.2 (no room to next pool)
[gate] COPPER/USDT blocked — R:R 0.84 below 1.2 (no room to next pool)
[gate] XLE/USDT blocked — R:R 1.00 below 1.2 (no room to next pool)
[gate] NFLX/USDT blocked — R:R 0.89 below 1.2 (no room to next pool)
[gate] ABNB/USDT blocked — R:R 1.00 below 1.2 (no room to next pool)
[gate] IWM/USDT blocked — Event move still unresolved — no higher low / structure break yet — still inside the vertical
[gate] V/USDT blocked — R:R 0.67 below 1.2 (no room to next pool)
[gate] RENDER/USDT 74 held back — score decaying (-2.3/scan) — setup is fading, not forming
[gate] JUP/USDT blocked — R:R 0.99 below 1.2 (no room to next pool)
[gate] BNB/USDT blocked — Event move still unresolved — no lower high / structure break yet — still inside the vertical
[gate] BONK/USDT blocked — R:R 0.45 below 1.2 (no room to next pool)
[15:45:04] Scan #402 | 87/87 fed | 25 candidates | 0 shadow | 86 reused | 0 dispatched | 3.6s | floor=72.0
[corr] 2 correlated peers dropped in favour of the strongest in each group
[gate] AVAX/USDT 85 held back — only 1/3 confirming scans so far
[gate] XRP/USDT 84 held back — only 1/3 confirming scans so far
[gate] AMD/USDT 84 held back — only 1/3 confirming scans so far
[gate] XLE/USDT blocked — R:R 1.00 below 1.2 (no room to next pool)
[gate] COIN/USDT 79 held back — only 1/3 confirming scans so far
[gate] BNB/USDT blocked — Event move still unresolved — peak is too recent — no structure yet
[gate] PENDLE/USDT 76 held back — only 1/3 confirming scans so far
[gate] TIA/USDT 75 held back — held threshold for only 1/3 consecutive scans
[gate] ABNB/USDT blocked — R:R 1.00 below 1.2 (no room to next pool)
[gate] FET/USDT 74 held back — only 1/3 confirming scans so far
[gate] STX/USDT 72 held back — only 1/3 confirming scans so far
[15:45:58] Scan #403 | 87/87 fed | 23 candidates | 2 shadow | 0 reused | 0 dispatched | 38.6s | floor=72.0
[corr] 2 correlated peers dropped in favour of the strongest in each group
[gate] AVAX/USDT 86 held back — only 2/3 confirming scans so far
[gate] AMD/USDT 84 held back — only 2/3 confirming scans so far
[gate] XLE/USDT blocked — R:R 1.00 below 1.2 (no room to next pool)
[gate] COIN/USDT 80 held back — only 2/3 confirming scans so far
[gate] BNB/USDT blocked — Event move still unresolved — peak is too recent — no structure yet
[gate] XRP/USDT 77 held back — only 2/3 confirming scans so far
[gate] TIA/USDT 76 held back — held threshold for only 2/3 consecutive scans
[gate] PENDLE/USDT 74 held back — only 2/3 confirming scans so far
[gate] ABNB/USDT blocked — R:R 1.00 below 1.2 (no room to next pool)
[gate] JUP/USDT 73 held back — held threshold for only 1/3 consecutive scans
[gate] FET/USDT 72 held back — only 2/3 confirming scans so far
[gate] STX/USDT 72 held back — only 2/3 confirming scans so far
[15:46:27] Scan #404 | 87/87 fed | 23 candidates | 0 shadow | 86 reused | 0 dispatched | 13.5s | floor=72.0
[corr] 2 correlated peers dropped in favour of the strongest in each group
[gate] AVAX/USDT blocked — R:R 0.83 below 1.2 (no room to next pool)
[gate] AMD/USDT blocked — R:R 0.44 below 1.2 (no room to next pool)
[gate] XLE/USDT blocked — R:R 1.00 below 1.2 (no room to next pool)
[gate] COIN/USDT blocked — R:R 0.45 below 1.2 (no room to next pool)
[gate] BNB/USDT blocked — Event move still unresolved — peak is too recent — no structure yet
[gate] XRP/USDT 77 held back — score decaying (-3.5/scan) — setup is fading, not forming
[gate] TIA/USDT blocked — R:R 0.59 below 1.2 (no room to next pool)
[gate] PENDLE/USDT blocked — R:R 0.55 below 1.2 (no room to next pool)
[gate] ABNB/USDT 74 held back — score decaying (-1.5/scan) — setup is fading, not forming
[gate] JUP/USDT 73 held back — held threshold for only 2/3 consecutive scans
[gate] FET/USDT blocked — R:R 0.48 below 1.2 (no room to next pool)
[gate] STX/USDT blocked — R:R 1.03 below 1.2 (no room to next pool)
[15:46:48] Scan #405 | 87/87 fed | 23 candidates | 0 shadow | 86 reused | 0 dispatched | 6.7s | floor=72.0
[corr] 2 correlated peers dropped in favour of the strongest in each group
[gate] AVAX/USDT blocked — R:R 0.83 below 1.2 (no room to next pool)
[gate] XLE/USDT blocked — R:R 1.00 below 1.2 (no room to next pool)
[gate] AMD/USDT blocked — R:R 0.44 below 1.2 (no room to next pool)
[gate] COIN/USDT blocked — R:R 0.45 below 1.2 (no room to next pool)
[gate] BNB/USDT blocked — Event move still unresolved — peak is too recent — no structure yet
[gate] XRP/USDT 77 held back — score decaying (-2.1/scan) — setup is fading, not forming
[gate] TIA/USDT blocked — R:R 0.59 below 1.2 (no room to next pool)
[gate] PENDLE/USDT blocked — R:R 0.55 below 1.2 (no room to next pool)
[gate] ABNB/USDT blocked — R:R 1.00 below 1.2 (no room to next pool)
[gate] JUP/USDT blocked — R:R 1.00 below 1.2 (no room to next pool)
[gate] FET/USDT blocked — R:R 0.48 below 1.2 (no room to next pool)
[gate] STX/USDT blocked — R:R 1.03 below 1.2 (no room to next pool)
[15:47:08] Scan #406 | 87/87 fed | 23 candidates | 0 shadow | 86 reused | 0 dispatched | 5.0s | floor=72.0
[corr] 2 correlated peers dropped in favour of the strongest in each group
[gate] XLE/USDT blocked — R:R 0.40 below 1.2 (no room to next pool)
[gate] AVAX/USDT blocked — R:R 1.00 below 1.2 (no room to next pool)
[gate] AMD/USDT blocked — R:R 0.57 below 1.2 (no room to next pool)
[gate] STX/USDT blocked — R:R 0.37 below 1.2 (no room to next pool)
[gate] COIN/USDT blocked — R:R 0.52 below 1.2 (no room to next pool)
[gate] BNB/USDT blocked — Event move still unresolved — peak is too recent — no structure yet
[gate] XRP/USDT blocked — R:R 1.09 below 1.2 (no room to next pool)
[gate] PENDLE/USDT blocked — R:R 0.48 below 1.2 (no room to next pool)
[gate] ABNB/USDT blocked — R:R 1.00 below 1.2 (no room to next pool)
[gate] FET/USDT blocked — R:R 0.40 below 1.2 (no room to next pool)
[gate] TIA/USDT blocked — R:R 0.77 below 1.2 (no room to next pool)
[gate] JUP/USDT blocked — R:R 1.00 below 1.2 (no room to next pool)
[15:47:37] Scan #407 | 87/87 fed | 23 candidates | 0 shadow | 86 reused | 0 dispatched | 14.1s | floor=72.0
[corr] 2 correlated peers dropped in favour of the strongest in each group
[gate] XLE/USDT blocked — R:R 0.40 below 1.2 (no room to next pool)
[gate] AVAX/USDT blocked — R:R 1.00 below 1.2 (no room to next pool)
[gate] AMD/USDT blocked — R:R 0.57 below 1.2 (no room to next pool)
[gate] STX/USDT blocked — R:R 0.37 below 1.2 (no room to next pool)
[gate] COIN/USDT blocked — R:R 0.52 below 1.2 (no room to next pool)
[gate] BNB/USDT blocked — Event move still unresolved — peak is too recent — no structure yet
[gate] XRP/USDT blocked — R:R 1.09 below 1.2 (no room to next pool)
[gate] PENDLE/USDT blocked — R:R 0.48 below 1.2 (no room to next pool)
[gate] ABNB/USDT blocked — R:R 1.00 below 1.2 (no room to next pool)
[gate] FET/USDT blocked — R:R 0.40 below 1.2 (no room to next pool)
[gate] TIA/USDT blocked — R:R 0.77 below 1.2 (no room to next pool)
[gate] JUP/USDT blocked — R:R 1.00 below 1.2 (no room to next pool)
[15:47:59] Scan #408 | 87/87 fed | 23 candidates | 0 shadow | 86 reused | 0 dispatched | 7.0s | floor=72.0
[corr] 2 correlated peers dropped in favour of the strongest in each group
[gate] XLE/USDT blocked — R:R 0.51 below 1.2 (no room to next pool)
[gate] AVAX/USDT blocked — R:R 1.00 below 1.2 (no room to next pool)
[gate] AMD/USDT blocked — R:R 0.65 below 1.2 (no room to next pool)
[gate] STX/USDT blocked — R:R 0.37 below 1.2 (no room to next pool)
[gate] COIN/USDT blocked — R:R 0.52 below 1.2 (no room to next pool)
[gate] BNB/USDT blocked — Event move still unresolved — peak is too recent — no structure yet
[gate] XRP/USDT blocked — R:R 1.09 below 1.2 (no room to next pool)
[gate] PENDLE/USDT blocked — R:R 0.41 below 1.2 (no room to next pool)
[gate] TIA/USDT blocked — R:R 0.72 below 1.2 (no room to next pool)
[gate] ABNB/USDT blocked — R:R 1.00 below 1.2 (no room to next pool)
[gate] JUP/USDT blocked — R:R 1.00 below 1.2 (no room to next pool)
[gate] FET/USDT blocked — R:R 0.48 below 1.2 (no room to next pool)
[15:48:25] Scan #409 | 87/87 fed | 23 candidates | 0 shadow | 86 reused | 0 dispatched | 10.2s | floor=72.0
[corr] 2 correlated peers dropped in favour of the strongest in each group
[gate] XLE/USDT blocked — R:R 0.51 below 1.2 (no room to next pool)
[gate] AVAX/USDT blocked — R:R 1.00 below 1.2 (no room to next pool)
[gate] AMD/USDT blocked — R:R 0.65 below 1.2 (no room to next pool)
[gate] STX/USDT blocked — R:R 0.37 below 1.2 (no room to next pool)
[gate] COIN/USDT blocked — R:R 0.52 below 1.2 (no room to next pool)
[gate] BNB/USDT blocked — Event move still unresolved — peak is too recent — no structure yet
[gate] XRP/USDT blocked — R:R 1.09 below 1.2 (no room to next pool)
[gate] PENDLE/USDT blocked — R:R 0.41 below 1.2 (no room to next pool)
[gate] TIA/USDT blocked — R:R 0.72 below 1.2 (no room to next pool)
[gate] ABNB/USDT blocked — R:R 1.00 below 1.2 (no room to next pool)
[gate] JUP/USDT blocked — R:R 1.00 below 1.2 (no room to next pool)
[gate] FET/USDT blocked — R:R 0.48 below 1.2 (no room to next pool)
[15:48:43] Scan #410 | 87/87 fed | 23 candidates | 0 shadow | 86 reused | 0 dispatched | 3.3s | floor=72.0
[corr] 2 correlated peers dropped in favour of the strongest in each group
[gate] XLE/USDT blocked — R:R 0.51 below 1.2 (no room to next pool)
[gate] AVAX/USDT blocked — R:R 1.00 below 1.2 (no room to next pool)
[gate] AMD/USDT blocked — R:R 0.65 below 1.2 (no room to next pool)
[gate] STX/USDT blocked — R:R 0.37 below 1.2 (no room to next pool)
[gate] COIN/USDT blocked — R:R 0.52 below 1.2 (no room to next pool)
[gate] BNB/USDT blocked — Event move still unresolved — peak is too recent — no structure yet
[gate] XRP/USDT blocked — R:R 1.09 below 1.2 (no room to next pool)
[gate] PENDLE/USDT blocked — R:R 0.41 below 1.2 (no room to next pool)
[gate] TIA/USDT blocked — R:R 0.72 below 1.2 (no room to next pool)
[gate] ABNB/USDT blocked — R:R 1.00 below 1.2 (no room to next pool)
[gate] JUP/USDT blocked — R:R 1.00 below 1.2 (no room to next pool)
[gate] FET/USDT blocked — R:R 0.48 below 1.2 (no room to next pool)
[15:49:00] Scan #411 | 87/87 fed | 23 candidates | 0 shadow | 86 reused | 0 dispatched | 1.7s | floor=72.0
[corr] 2 correlated peers dropped in favour of the strongest in each group
[gate] XLE/USDT blocked — R:R 0.40 below 1.2 (no room to next pool)
[gate] AVAX/USDT blocked — R:R 1.00 below 1.2 (no room to next pool)
[gate] AMD/USDT blocked — R:R 0.66 below 1.2 (no room to next pool)
[gate] COIN/USDT blocked — R:R 0.53 below 1.2 (no room to next pool)
[gate] BNB/USDT blocked — Event move still unresolved — peak is too recent — no structure yet
[gate] XRP/USDT blocked — R:R 1.09 below 1.2 (no room to next pool)
[gate] PENDLE/USDT blocked — R:R 0.48 below 1.2 (no room to next pool)
[gate] TIA/USDT blocked — R:R 0.67 below 1.2 (no room to next pool)
[gate] ABNB/USDT blocked — R:R 1.00 below 1.2 (no room to next pool)
[gate] FET/USDT blocked — R:R 0.40 below 1.2 (no room to next pool)
[gate] JUP/USDT blocked — R:R 1.00 below 1.2 (no room to next pool)
[15:49:25] Scan #412 | 87/87 fed | 23 candidates | 0 shadow | 86 reused | 0 dispatched | 10.2s | floor=72.0
[corr] 2 correlated peers dropped in favour of the strongest in each group
[gate] XLE/USDT blocked — R:R 0.40 below 1.2 (no room to next pool)
[gate] AVAX/USDT blocked — R:R 1.00 below 1.2 (no room to next pool)
[gate] AMD/USDT blocked — R:R 0.66 below 1.2 (no room to next pool)
[gate] COIN/USDT blocked — R:R 0.53 below 1.2 (no room to next pool)
[gate] BNB/USDT blocked — Event move still unresolved — peak is too recent — no structure yet
[gate] XRP/USDT blocked — R:R 1.09 below 1.2 (no room to next pool)
[gate] PENDLE/USDT blocked — R:R 0.48 below 1.2 (no room to next pool)
[gate] TIA/USDT blocked — R:R 0.67 below 1.2 (no room to next pool)
[gate] ABNB/USDT blocked — R:R 1.00 below 1.2 (no room to next pool)
[gate] FET/USDT blocked — R:R 0.40 below 1.2 (no room to next pool)
[gate] JUP/USDT blocked — R:R 1.00 below 1.2 (no room to next pool)
[15:49:43] Scan #413 | 87/87 fed | 23 candidates | 0 shadow | 86 reused | 0 dispatched | 2.9s | floor=72.0
[corr] 2 correlated peers dropped in favour of the strongest in each group
[gate] XLE/USDT blocked — R:R 0.40 below 1.2 (no room to next pool)
[gate] AVAX/USDT blocked — R:R 1.00 below 1.2 (no room to next pool)
[gate] AMD/USDT blocked — R:R 0.66 below 1.2 (no room to next pool)
[gate] COIN/USDT blocked — R:R 0.53 below 1.2 (no room to next pool)
[gate] BNB/USDT blocked — Event move still unresolved — peak is too recent — no structure yet
[gate] XRP/USDT blocked — R:R 1.09 below 1.2 (no room to next pool)
[gate] PENDLE/USDT blocked — R:R 0.48 below 1.2 (no room to next pool)
[gate] TIA/USDT blocked — R:R 0.67 below 1.2 (no room to next pool)
[gate] ABNB/USDT blocked — R:R 1.00 below 1.2 (no room to next pool)
[gate] FET/USDT blocked — R:R 0.40 below 1.2 (no room to next pool)
[gate] JUP/USDT blocked — R:R 1.00 below 1.2 (no room to next pool)
[15:49:59] Scan #414 | 87/87 fed | 23 candidates | 0 shadow | 86 reused | 0 dispatched | 1.0s | floor=72.0
[corr] 2 correlated peers dropped in favour of the strongest in each group
[gate] XLE/USDT blocked — R:R 0.40 below 1.2 (no room to next pool)
[gate] AVAX/USDT blocked — R:R 0.96 below 1.2 (no room to next pool)
[gate] AMD/USDT blocked — R:R 0.81 below 1.2 (no room to next pool)
[gate] COIN/USDT blocked — R:R 0.52 below 1.2 (no room to next pool)
[gate] BNB/USDT blocked — Event move still unresolved — peak is too recent — no structure yet
[gate] XRP/USDT blocked — R:R 1.09 below 1.2 (no room to next pool)
[gate] TIA/USDT blocked — R:R 0.63 below 1.2 (no room to next pool)
[gate] PENDLE/USDT blocked — R:R 0.48 below 1.2 (no room to next pool)
[gate] ABNB/USDT blocked — R:R 1.00 below 1.2 (no room to next pool)
[gate] FET/USDT blocked — R:R 0.40 below 1.2 (no room to next pool)
[gate] JUP/USDT blocked — R:R 1.00 below 1.2 (no room to next pool)
[15:50:25] Scan #415 | 87/87 fed | 23 candidates | 0 shadow | 86 reused | 0 dispatched | 11.0s | floor=72.0
[shadow] RENDER/USDT SHORT -> TP1_HIT (+1.43%) DERIV_CONFLICT,NEWS_ALIGNED
[corr] 2 correlated peers dropped in favour of the strongest in each group
[gate] XLE/USDT blocked — R:R 0.40 below 1.2 (no room to next pool)
[gate] AVAX/USDT blocked — R:R 0.96 below 1.2 (no room to next pool)
[gate] AMD/USDT blocked — R:R 0.81 below 1.2 (no room to next pool)
[gate] BNB/USDT blocked — Event move still unresolved — peak is too recent — no structure yet
[gate] COIN/USDT blocked — R:R 0.52 below 1.2 (no room to next pool)
[gate] TIA/USDT blocked — R:R 0.63 below 1.2 (no room to next pool)
[gate] PENDLE/USDT blocked — R:R 0.48 below 1.2 (no room to next pool)
[gate] ABNB/USDT blocked — R:R 1.00 below 1.2 (no room to next pool)
[gate] XRP/USDT blocked — R:R 1.09 below 1.2 (no room to next pool)
[gate] JUP/USDT blocked — R:R 1.00 below 1.2 (no room to next pool)
[15:50:54] Scan #416 | 87/87 fed | 23 candidates | 1 shadow | 86 reused | 0 dispatched | 14.5s | floor=72.0
[corr] 2 correlated peers dropped in favour of the strongest in each group
[gate] XLE/USDT blocked — R:R 0.40 below 1.2 (no room to next pool)
[gate] AVAX/USDT blocked — R:R 0.93 below 1.2 (no room to next pool)
[gate] AMD/USDT blocked — R:R 0.78 below 1.2 (no room to next pool)
[gate] ARB/USDT 79 held back — only 1/3 confirming scans so far
[gate] COIN/USDT blocked — R:R 0.33 below 1.2 (no room to next pool)
[gate] BNB/USDT blocked — Event move still unresolved — peak is too recent — no structure yet
[gate] PENDLE/USDT blocked — R:R 0.41 below 1.2 (no room to next pool)
[gate] TIA/USDT blocked — R:R 0.63 below 1.2 (no room to next pool)
[gate] ABNB/USDT blocked — R:R 1.00 below 1.2 (no room to next pool)
[gate] XRP/USDT blocked — R:R 1.09 below 1.2 (no room to next pool)
[gate] JUP/USDT blocked — R:R 1.00 below 1.2 (no room to next pool)
[15:51:23] Scan #417 | 87/87 fed | 24 candidates | 1 shadow | 86 reused | 0 dispatched | 13.5s | floor=72.0
[corr] 2 correlated peers dropped in favour of the strongest in each group
[gate] XLE/USDT blocked — R:R 0.40 below 1.2 (no room to next pool)
[gate] AVAX/USDT blocked — R:R 0.93 below 1.2 (no room to next pool)
[gate] AMD/USDT blocked — R:R 0.78 below 1.2 (no room to next pool)
[gate] ARB/USDT 79 held back — only 2/3 confirming scans so far
[gate] COIN/USDT blocked — R:R 0.33 below 1.2 (no room to next pool)
[gate] BNB/USDT blocked — Event move still unresolved — peak is too recent — no structure yet
[gate] PENDLE/USDT blocked — R:R 0.41 below 1.2 (no room to next pool)
[gate] TIA/USDT blocked — R:R 0.63 below 1.2 (no room to next pool)
[gate] ABNB/USDT blocked — R:R 1.00 below 1.2 (no room to next pool)
[gate] XRP/USDT blocked — R:R 1.09 below 1.2 (no room to next pool)
[gate] JUP/USDT blocked — R:R 1.00 below 1.2 (no room to next pool)
[15:51:45] Scan #418 | 87/87 fed | 24 candidates | 0 shadow | 86 reused | 0 dispatched | 7.5s | floor=72.0
[corr] 2 correlated peers dropped in favour of the strongest in each group
[gate] XLE/USDT blocked — R:R 0.40 below 1.2 (no room to next pool)
[gate] AVAX/USDT blocked — R:R 0.93 below 1.2 (no room to next pool)
[gate] AMD/USDT blocked — R:R 0.78 below 1.2 (no room to next pool)
[gate] ARB/USDT blocked — R:R 0.35 below 1.2 (no room to next pool)
[gate] COIN/USDT blocked — R:R 0.33 below 1.2 (no room to next pool)
[gate] BNB/USDT blocked — Event move still unresolved — peak is too recent — no structure yet
[gate] PENDLE/USDT blocked — R:R 0.41 below 1.2 (no room to next pool)
[gate] TIA/USDT blocked — R:R 0.63 below 1.2 (no room to next pool)
[gate] ABNB/USDT blocked — R:R 1.00 below 1.2 (no room to next pool)
[gate] XRP/USDT blocked — R:R 1.09 below 1.2 (no room to next pool)
[gate] JUP/USDT blocked — R:R 1.00 below 1.2 (no room to next pool)
[15:52:07] Scan #419 | 87/87 fed | 24 candidates | 0 shadow | 86 reused | 0 dispatched | 6.8s | floor=72.0
[corr] 2 correlated peers dropped in favour of the strongest in each group
[gate] XLE/USDT blocked — R:R 0.43 below 1.2 (no room to next pool)
[gate] AVAX/USDT blocked — R:R 0.78 below 1.2 (no room to next pool)
[gate] AMD/USDT blocked — R:R 0.79 below 1.2 (no room to next pool)
[gate] BNB/USDT blocked — Event move still unresolved — peak is too recent — no structure yet
[gate] TIA/USDT blocked — R:R 0.49 below 1.2 (no room to next pool)
[gate] PENDLE/USDT blocked — R:R 0.41 below 1.2 (no room to next pool)
[gate] COIN/USDT blocked — R:R 0.50 below 1.2 (no room to next pool)
[gate] ABNB/USDT blocked — R:R 1.00 below 1.2 (no room to next pool)
[gate] XRP/USDT blocked — R:R 1.07 below 1.2 (no room to next pool)
[gate] JUP/USDT blocked — R:R 1.00 below 1.2 (no room to next pool)
[15:52:29] Scan #420 | 87/87 fed | 24 candidates | 0 shadow | 86 reused | 0 dispatched | 6.9s | floor=72.0
[corr] 2 correlated peers dropped in favour of the strongest in each group
[gate] XLE/USDT blocked — R:R 0.43 below 1.2 (no room to next pool)
[gate] AVAX/USDT blocked — R:R 0.78 below 1.2 (no room to next pool)
[gate] AMD/USDT blocked — R:R 0.79 below 1.2 (no room to next pool)
[gate] BNB/USDT blocked — Event move still unresolved — peak is too recent — no structure yet
[gate] TIA/USDT blocked — R:R 0.49 below 1.2 (no room to next pool)
[gate] PENDLE/USDT blocked — R:R 0.41 below 1.2 (no room to next pool)
[gate] COIN/USDT blocked — R:R 0.50 below 1.2 (no room to next pool)
[gate] ABNB/USDT blocked — R:R 1.00 below 1.2 (no room to next pool)
[gate] XRP/USDT blocked — R:R 1.07 below 1.2 (no room to next pool)
[gate] JUP/USDT blocked — R:R 1.00 below 1.2 (no room to next pool)
[15:52:49] Scan #421 | 87/87 fed | 24 candidates | 0 shadow | 86 reused | 0 dispatched | 5.1s | floor=72.0
[corr] 2 correlated peers dropped in favour of the strongest in each group
[gate] XLE/USDT blocked — R:R 0.43 below 1.2 (no room to next pool)
[gate] AVAX/USDT blocked — R:R 0.82 below 1.2 (no room to next pool)
[gate] BNB/USDT blocked — Event move still unresolved — peak is too recent — no structure yet
[gate] AMD/USDT blocked — R:R 0.99 below 1.2 (no room to next pool)
[gate] TIA/USDT blocked — R:R 0.52 below 1.2 (no room to next pool)
[gate] PENDLE/USDT blocked — R:R 0.41 below 1.2 (no room to next pool)
[gate] COIN/USDT blocked — R:R 0.53 below 1.2 (no room to next pool)
[gate] ABNB/USDT blocked — R:R 1.00 below 1.2 (no room to next pool)
[gate] XRP/USDT blocked — R:R 1.07 below 1.2 (no room to next pool)
[gate] JUP/USDT blocked — R:R 1.00 below 1.2 (no room to next pool)
[15:53:19] Scan #422 | 87/87 fed | 24 candidates | 0 shadow | 86 reused | 0 dispatched | 14.5s | floor=72.0
[shadow] NEAR/USDT SHORT -> TP1_HIT (+0.56%) DERIV_CONFLICT
[corr] 2 correlated peers dropped in favour of the strongest in each group
[gate] XLE/USDT blocked — R:R 0.43 below 1.2 (no room to next pool)
[gate] AVAX/USDT blocked — R:R 0.82 below 1.2 (no room to next pool)
[gate] AMD/USDT blocked — R:R 0.99 below 1.2 (no room to next pool)
[gate] BNB/USDT blocked — Event move still unresolved — peak is too recent — no structure yet
[gate] TIA/USDT blocked — R:R 0.52 below 1.2 (no room to next pool)
[gate] PENDLE/USDT blocked — R:R 0.41 below 1.2 (no room to next pool)
[gate] COIN/USDT blocked — R:R 0.53 below 1.2 (no room to next pool)
[gate] ABNB/USDT blocked — R:R 1.00 below 1.2 (no room to next pool)
[gate] XRP/USDT blocked — R:R 1.07 below 1.2 (no room to next pool)
[gate] JUP/USDT blocked — R:R 1.00 below 1.2 (no room to next pool)
[15:53:38] Scan #423 | 87/87 fed | 24 candidates | 1 shadow | 86 reused | 0 dispatched | 4.0s | floor=72.0
[corr] 2 correlated peers dropped in favour of the strongest in each group
[gate] XLE/USDT blocked — R:R 0.43 below 1.2 (no room to next pool)
[gate] AVAX/USDT blocked — R:R 0.82 below 1.2 (no room to next pool)
[gate] AMD/USDT blocked — R:R 0.99 below 1.2 (no room to next pool)
[gate] BNB/USDT blocked — Event move still unresolved — peak is too recent — no structure yet
[gate] TIA/USDT blocked — R:R 0.52 below 1.2 (no room to next pool)
[gate] PENDLE/USDT blocked — R:R 0.41 below 1.2 (no room to next pool)
[gate] COIN/USDT blocked — R:R 0.53 below 1.2 (no room to next pool)
[gate] ABNB/USDT blocked — R:R 1.00 below 1.2 (no room to next pool)
[gate] XRP/USDT blocked — R:R 1.07 below 1.2 (no room to next pool)
[gate] JUP/USDT blocked — R:R 1.00 below 1.2 (no room to next pool)
[15:53:55] Scan #424 | 87/87 fed | 24 candidates | 0 shadow | 86 reused | 0 dispatched | 2.1s | floor=72.0
[shadow] ABNB/USDT SHORT -> TP1_HIT (+0.81%) NEWS_CONFLICT
[corr] 2 correlated peers dropped in favour of the strongest in each group
[gate] XLE/USDT blocked — R:R 0.43 below 1.2 (no room to next pool)
[gate] AVAX/USDT blocked — R:R 0.89 below 1.2 (no room to next pool)
[gate] AMD/USDT blocked — R:R 0.95 below 1.2 (no room to next pool)
[gate] BNB/USDT blocked — Event move still unresolved — peak is too recent — no structure yet
[gate] COIN/USDT blocked — R:R 0.53 below 1.2 (no room to next pool)
[gate] TIA/USDT blocked — R:R 0.59 below 1.2 (no room to next pool)
[gate] PENDLE/USDT blocked — R:R 0.48 below 1.2 (no room to next pool)
[gate] ABNB/USDT blocked — R:R 1.00 below 1.2 (no room to next pool)
[gate] XRP/USDT blocked — R:R 1.07 below 1.2 (no room to next pool)
[gate] JUP/USDT blocked — R:R 1.00 below 1.2 (no room to next pool)
[15:54:19] Scan #425 | 87/87 fed | 24 candidates | 1 shadow | 86 reused | 0 dispatched | 8.8s | floor=72.0
[corr] 2 correlated peers dropped in favour of the strongest in each group
[gate] XLE/USDT blocked — R:R 0.43 below 1.2 (no room to next pool)
[gate] AVAX/USDT blocked — R:R 0.89 below 1.2 (no room to next pool)
[gate] AMD/USDT blocked — R:R 0.95 below 1.2 (no room to next pool)
[gate] BNB/USDT blocked — Event move still unresolved — peak is too recent — no structure yet
[gate] TIA/USDT blocked — R:R 0.59 below 1.2 (no room to next pool)
[gate] PENDLE/USDT blocked — R:R 0.48 below 1.2 (no room to next pool)
[gate] COIN/USDT blocked — R:R 0.53 below 1.2 (no room to next pool)
[gate] ABNB/USDT blocked — R:R 1.00 below 1.2 (no room to next pool)
[gate] XRP/USDT blocked — R:R 1.07 below 1.2 (no room to next pool)
[gate] JUP/USDT blocked — R:R 1.00 below 1.2 (no room to next pool)
[15:54:37] Scan #426 | 87/87 fed | 24 candidates | 0 shadow | 86 reused | 0 dispatched | 3.8s | floor=72.0
[corr] 2 correlated peers dropped in favour of the strongest in each group
[gate] XLE/USDT blocked — R:R 0.43 below 1.2 (no room to next pool)
[gate] AVAX/USDT blocked — R:R 0.89 below 1.2 (no room to next pool)
[gate] AMD/USDT blocked — R:R 0.95 below 1.2 (no room to next pool)
[gate] BNB/USDT blocked — Event move still unresolved — peak is too recent — no structure yet
[gate] TIA/USDT blocked — R:R 0.59 below 1.2 (no room to next pool)
[gate] PENDLE/USDT blocked — R:R 0.48 below 1.2 (no room to next pool)
[gate] COIN/USDT blocked — R:R 0.53 below 1.2 (no room to next pool)
[gate] ABNB/USDT blocked — R:R 1.00 below 1.2 (no room to next pool)
[gate] XRP/USDT blocked — R:R 1.07 below 1.2 (no room to next pool)
[gate] JUP/USDT blocked — R:R 1.00 below 1.2 (no room to next pool)
[15:54:54] Scan #427 | 87/87 fed | 24 candidates | 0 shadow | 86 reused | 0 dispatched | 1.2s | floor=72.0
[corr] 2 correlated peers dropped in favour of the strongest in each group
[gate] XLE/USDT blocked — R:R 0.43 below 1.2 (no room to next pool)
[gate] AVAX/USDT blocked — R:R 0.89 below 1.2 (no room to next pool)
[gate] ARB/USDT 80 held back — held threshold for only 1/3 consecutive scans
[gate] AMD/USDT blocked — R:R 1.00 below 1.2 (no room to next pool)
[gate] BNB/USDT blocked — Event move still unresolved — peak is too recent — no structure yet
[gate] TIA/USDT blocked — R:R 0.59 below 1.2 (no room to next pool)
[gate] PENDLE/USDT blocked — R:R 0.48 below 1.2 (no room to next pool)
[gate] COIN/USDT blocked — R:R 0.53 below 1.2 (no room to next pool)
[gate] ABNB/USDT blocked — R:R 1.00 below 1.2 (no room to next pool)
[gate] XRP/USDT blocked — R:R 1.07 below 1.2 (no room to next pool)
[gate] JUP/USDT blocked — R:R 1.00 below 1.2 (no room to next pool)
[15:55:19] Scan #428 | 87/87 fed | 24 candidates | 0 shadow | 86 reused | 0 dispatched | 10.4s | floor=72.0
[corr] 2 correlated peers dropped in favour of the strongest in each group
[gate] XLE/USDT blocked — R:R 0.43 below 1.2 (no room to next pool)
[gate] AVAX/USDT blocked — R:R 0.89 below 1.2 (no room to next pool)
[gate] ARB/USDT 80 held back — held threshold for only 2/3 consecutive scans
[gate] AMD/USDT blocked — R:R 1.00 below 1.2 (no room to next pool)
[gate] BNB/USDT blocked — Event move still unresolved — peak is too recent — no structure yet
[gate] TIA/USDT blocked — R:R 0.59 below 1.2 (no room to next pool)
[gate] PENDLE/USDT blocked — R:R 0.48 below 1.2 (no room to next pool)
[gate] COIN/USDT blocked — R:R 0.53 below 1.2 (no room to next pool)
[gate] ABNB/USDT blocked — R:R 1.00 below 1.2 (no room to next pool)
[gate] XRP/USDT blocked — R:R 1.07 below 1.2 (no room to next pool)
[gate] JUP/USDT blocked — R:R 1.00 below 1.2 (no room to next pool)
[15:55:41] Scan #429 | 87/87 fed | 24 candidates | 0 shadow | 86 reused | 0 dispatched | 7.4s | floor=72.0
[corr] 2 correlated peers dropped in favour of the strongest in each group
[gate] XLE/USDT blocked — R:R 0.43 below 1.2 (no room to next pool)
[gate] AVAX/USDT blocked — R:R 0.89 below 1.2 (no room to next pool)
[gate] COIN/USDT blocked — R:R 0.53 below 1.2 (no room to next pool)
[gate] ARB/USDT blocked — R:R 0.35 below 1.2 (no room to next pool)
[gate] AMD/USDT blocked — R:R 1.00 below 1.2 (no room to next pool)
[gate] BNB/USDT blocked — Event move still unresolved — peak is too recent — no structure yet
[gate] TIA/USDT blocked — R:R 0.59 below 1.2 (no room to next pool)
[gate] PENDLE/USDT blocked — R:R 0.48 below 1.2 (no room to next pool)
[gate] ABNB/USDT blocked — R:R 1.00 below 1.2 (no room to next pool)
[gate] XRP/USDT blocked — R:R 1.07 below 1.2 (no room to next pool)
[gate] JUP/USDT blocked — R:R 1.00 below 1.2 (no room to next pool)
[15:56:19] Scan #430 | 87/87 fed | 24 candidates | 0 shadow | 86 reused | 0 dispatched | 22.7s | floor=72.0
[corr] 2 correlated peers dropped in favour of the strongest in each group
[gate] XLE/USDT blocked — R:R 0.47 below 1.2 (no room to next pool)
[gate] AVAX/USDT blocked — R:R 1.00 below 1.2 (no room to next pool)
[gate] ARB/USDT blocked — R:R 0.35 below 1.2 (no room to next pool)
[gate] AMD/USDT blocked — R:R 1.00 below 1.2 (no room to next pool)
[gate] COIN/USDT blocked — R:R 0.58 below 1.2 (no room to next pool)
[gate] BNB/USDT blocked — Event move still unresolved — peak is too recent — no structure yet
[gate] TIA/USDT blocked — R:R 0.63 below 1.2 (no room to next pool)
[gate] PENDLE/USDT blocked — R:R 0.55 below 1.2 (no room to next pool)
[gate] ABNB/USDT blocked — R:R 1.00 below 1.2 (no room to next pool)
[gate] XRP/USDT blocked — R:R 1.09 below 1.2 (no room to next pool)
[gate] JUP/USDT blocked — R:R 1.00 below 1.2 (no room to next pool)
[✓] Digest sent (1h cadence, 15:56 IST)
[15:56:45] Scan #431 | 87/87 fed | 24 candidates | 0 shadow | 86 reused | 0 dispatched | 10.7s | floor=72.0
[corr] 2 correlated peers dropped in favour of the strongest in each group
[gate] XLE/USDT blocked — R:R 0.47 below 1.2 (no room to next pool)
[gate] AVAX/USDT blocked — R:R 1.00 below 1.2 (no room to next pool)
[gate] ARB/USDT blocked — R:R 0.35 below 1.2 (no room to next pool)
[gate] AMD/USDT blocked — R:R 1.00 below 1.2 (no room to next pool)
[gate] BNB/USDT blocked — Event move still unresolved — peak is too recent — no structure yet
[gate] COIN/USDT blocked — R:R 0.58 below 1.2 (no room to next pool)
[gate] TIA/USDT blocked — R:R 0.63 below 1.2 (no room to next pool)
[gate] PENDLE/USDT blocked — R:R 0.55 below 1.2 (no room to next pool)
[gate] ABNB/USDT blocked — R:R 1.00 below 1.2 (no room to next pool)
[gate] XRP/USDT blocked — R:R 1.09 below 1.2 (no room to next pool)
[gate] JUP/USDT blocked — R:R 1.00 below 1.2 (no room to next pool)
[15:57:10] Scan #432 | 87/87 fed | 24 candidates | 0 shadow | 86 reused | 0 dispatched | 9.9s | floor=72.0
[corr] 2 correlated peers dropped in favour of the strongest in each group
[gate] XLE/USDT blocked — R:R 0.47 below 1.2 (no room to next pool)
[gate] AVAX/USDT blocked — R:R 1.00 below 1.2 (no room to next pool)
[gate] ARB/USDT blocked — R:R 0.35 below 1.2 (no room to next pool)
[gate] AMD/USDT blocked — R:R 1.00 below 1.2 (no room to next pool)
[gate] TIA/USDT blocked — R:R 0.59 below 1.2 (no room to next pool)
[gate] PENDLE/USDT blocked — R:R 0.48 below 1.2 (no room to next pool)
[gate] BNB/USDT blocked — Event move still unresolved — peak is too recent — no structure yet
[gate] COIN/USDT blocked — R:R 0.78 below 1.2 (no room to next pool)
[gate] ABNB/USDT blocked — R:R 1.00 below 1.2 (no room to next pool)
[gate] XRP/USDT blocked — R:R 1.09 below 1.2 (no room to next pool)
[gate] JUP/USDT blocked — R:R 1.00 below 1.2 (no room to next pool)
[15:57:31] Scan #433 | 87/87 fed | 24 candidates | 0 shadow | 86 reused | 0 dispatched | 6.3s | floor=72.0
[shadow] SMCI/USDT LONG -> TP1_HIT (+0.42%) DERIV_ALIGNED,NEWS_ALIGNED
[corr] 2 correlated peers dropped in favour of the strongest in each group
[gate] XLE/USDT blocked — R:R 0.47 below 1.2 (no room to next pool)
[gate] AVAX/USDT blocked — R:R 1.00 below 1.2 (no room to next pool)
[gate] ARB/USDT blocked — R:R 0.35 below 1.2 (no room to next pool)
[gate] AMD/USDT blocked — R:R 1.00 below 1.2 (no room to next pool)
[gate] TIA/USDT blocked — R:R 0.59 below 1.2 (no room to next pool)
[gate] PENDLE/USDT blocked — R:R 0.48 below 1.2 (no room to next pool)
[gate] BNB/USDT blocked — Event move still unresolved — peak is too recent — no structure yet
[gate] COIN/USDT blocked — R:R 0.78 below 1.2 (no room to next pool)
[gate] ABNB/USDT blocked — R:R 1.00 below 1.2 (no room to next pool)
[gate] XRP/USDT blocked — R:R 1.09 below 1.2 (no room to next pool)
[gate] JUP/USDT blocked — R:R 1.00 below 1.2 (no room to next pool)
[15:57:51] Scan #434 | 87/87 fed | 24 candidates | 0 shadow | 86 reused | 0 dispatched | 5.2s | floor=72.0
[corr] 2 correlated peers dropped in favour of the strongest in each group
[gate] XLE/USDT blocked — R:R 0.47 below 1.2 (no room to next pool)
[gate] NEAR/USDT blocked — R:R 0.36 below 1.2 (no room to next pool)
[gate] ARB/USDT blocked — R:R 0.35 below 1.2 (no room to next pool)
[gate] AMD/USDT blocked — R:R 1.00 below 1.2 (no room to next pool)
[gate] TIA/USDT blocked — R:R 0.70 below 1.2 (no room to next pool)
[gate] PENDLE/USDT blocked — R:R 0.55 below 1.2 (no room to next pool)
[gate] BNB/USDT blocked — Event move still unresolved — peak is too recent — no structure yet
[gate] ABNB/USDT blocked — R:R 1.00 below 1.2 (no room to next pool)
[gate] XRP/USDT blocked — R:R 1.09 below 1.2 (no room to next pool)
[gate] COIN/USDT blocked — R:R 0.86 below 1.2 (no room to next pool)
[gate] JUP/USDT blocked — R:R 1.00 below 1.2 (no room to next pool)
[15:58:17] Scan #435 | 87/87 fed | 24 candidates | 0 shadow | 86 reused | 0 dispatched | 11.2s | floor=72.0
[corr] 2 correlated peers dropped in favour of the strongest in each group
[gate] XLE/USDT blocked — R:R 0.47 below 1.2 (no room to next pool)
[gate] NEAR/USDT blocked — R:R 0.36 below 1.2 (no room to next pool)
[gate] ARB/USDT blocked — R:R 0.35 below 1.2 (no room to next pool)
[gate] AMD/USDT blocked — R:R 1.00 below 1.2 (no room to next pool)
[gate] TIA/USDT blocked — R:R 0.70 below 1.2 (no room to next pool)
[gate] PENDLE/USDT blocked — R:R 0.55 below 1.2 (no room to next pool)
[gate] BNB/USDT blocked — Event move still unresolved — peak is too recent — no structure yet
[gate] ABNB/USDT blocked — R:R 1.00 below 1.2 (no room to next pool)
[gate] XRP/USDT blocked — R:R 1.09 below 1.2 (no room to next pool)
[gate] COIN/USDT blocked — R:R 0.86 below 1.2 (no room to next pool)
[gate] JUP/USDT blocked — R:R 1.00 below 1.2 (no room to next pool)
[15:58:36] Scan #436 | 87/87 fed | 24 candidates | 0 shadow | 86 reused | 0 dispatched | 3.8s | floor=72.0
[corr] 2 correlated peers dropped in favour of the strongest in each group
[gate] XLE/USDT blocked — R:R 0.47 below 1.2 (no room to next pool)
[gate] NEAR/USDT blocked — R:R 0.36 below 1.2 (no room to next pool)
[gate] ARB/USDT blocked — R:R 0.35 below 1.2 (no room to next pool)
[gate] AMD/USDT blocked — R:R 1.00 below 1.2 (no room to next pool)
[gate] TIA/USDT blocked — R:R 0.70 below 1.2 (no room to next pool)
[gate] PENDLE/USDT blocked — R:R 0.55 below 1.2 (no room to next pool)
[gate] BNB/USDT blocked — Event move still unresolved — peak is too recent — no structure yet
[gate] ABNB/USDT blocked — R:R 1.00 below 1.2 (no room to next pool)
[gate] XRP/USDT blocked — R:R 1.09 below 1.2 (no room to next pool)
[gate] COIN/USDT blocked — R:R 0.86 below 1.2 (no room to next pool)
[gate] JUP/USDT blocked — R:R 1.00 below 1.2 (no room to next pool)
[15:58:52] Scan #437 | 87/87 fed | 24 candidates | 0 shadow | 86 reused | 0 dispatched | 1.1s | floor=72.0
[corr] 2 correlated peers dropped in favour of the strongest in each group
[gate] XLE/USDT blocked — R:R 0.47 below 1.2 (no room to next pool)
[gate] AVAX/USDT blocked — R:R 0.50 below 1.2 (no room to next pool)
[gate] XRP/USDT blocked — R:R 0.36 below 1.2 (no room to next pool)
[gate] AMD/USDT blocked — R:R 1.00 below 1.2 (no room to next pool)
[gate] ARB/USDT blocked — R:R 0.47 below 1.2 (no room to next pool)
[gate] PENDLE/USDT blocked — R:R 0.41 below 1.2 (no room to next pool)
[gate] TIA/USDT blocked — R:R 0.75 below 1.2 (no room to next pool)
[gate] BNB/USDT blocked — Event move still unresolved — peak is too recent — no structure yet
[gate] ABNB/USDT blocked — R:R 1.00 below 1.2 (no room to next pool)
[gate] COIN/USDT blocked — R:R 0.86 below 1.2 (no room to next pool)
[gate] JUP/USDT blocked — R:R 1.00 below 1.2 (no room to next pool)
[15:59:16] Scan #438 | 87/87 fed | 24 candidates | 0 shadow | 86 reused | 0 dispatched | 9.0s | floor=72.0
[corr] 2 correlated peers dropped in favour of the strongest in each group
[gate] XLE/USDT blocked — R:R 0.47 below 1.2 (no room to next pool)
[gate] AVAX/USDT blocked — R:R 0.50 below 1.2 (no room to next pool)
[gate] XRP/USDT blocked — R:R 0.36 below 1.2 (no room to next pool)
[gate] AMD/USDT blocked — R:R 1.00 below 1.2 (no room to next pool)
[gate] ARB/USDT blocked — R:R 0.47 below 1.2 (no room to next pool)
[gate] PENDLE/USDT blocked — R:R 0.41 below 1.2 (no room to next pool)
[gate] TIA/USDT blocked — R:R 0.75 below 1.2 (no room to next pool)
[gate] BNB/USDT blocked — Event move still unresolved — peak is too recent — no structure yet
[gate] ABNB/USDT blocked — R:R 1.00 below 1.2 (no room to next pool)
[gate] COIN/USDT blocked — R:R 0.86 below 1.2 (no room to next pool)
[gate] JUP/USDT blocked — R:R 1.00 below 1.2 (no room to next pool)
[15:59:34] Scan #439 | 87/87 fed | 24 candidates | 0 shadow | 86 reused | 0 dispatched | 3.1s | floor=72.0
[corr] 2 correlated peers dropped in favour of the strongest in each group
[gate] XLE/USDT blocked — R:R 0.47 below 1.2 (no room to next pool)
[gate] AVAX/USDT blocked — R:R 0.50 below 1.2 (no room to next pool)
[gate] XRP/USDT blocked — R:R 0.36 below 1.2 (no room to next pool)
[gate] AMD/USDT blocked — R:R 1.00 below 1.2 (no room to next pool)
[gate] ARB/USDT blocked — R:R 0.47 below 1.2 (no room to next pool)
[gate] PENDLE/USDT blocked — R:R 0.41 below 1.2 (no room to next pool)
[gate] TIA/USDT blocked — R:R 0.75 below 1.2 (no room to next pool)
[gate] BNB/USDT blocked — Event move still unresolved — peak is too recent — no structure yet
[gate] ABNB/USDT blocked — R:R 1.00 below 1.2 (no room to next pool)
[gate] COIN/USDT blocked — R:R 0.86 below 1.2 (no room to next pool)
[gate] JUP/USDT blocked — R:R 1.00 below 1.2 (no room to next pool)
[15:59:53] Scan #440 | 87/87 fed | 24 candidates | 0 shadow | 86 reused | 0 dispatched | 3.0s | floor=72.0
[corr] 3 correlated peers dropped in favour of the strongest in each group
[gate] AVAX/USDT blocked — R:R 0.35 below 1.2 (no room to next pool)
[gate] XRP/USDT blocked — R:R 0.36 below 1.2 (no room to next pool)
[gate] BONK/USDT 82 held back — held threshold for only 1/3 consecutive scans
[gate] NFLX/USDT blocked — R:R 0.79 below 1.2 (no room to next pool)
[gate] WMT/USDT 81 held back — held threshold for only 1/3 consecutive scans
[gate] LLY/USDT 78 held back — only 1/3 confirming scans so far
[gate] TIA/USDT blocked — R:R 0.87 below 1.2 (no room to next pool)
[gate] RENDER/USDT 74 held back — held threshold for only 1/3 consecutive scans; score unstable (σ=9.7 > 9.0) — reading is noise, not conviction
[gate] JUP/USDT blocked — R:R 1.02 below 1.2 (no room to next pool)
[gate] NKE/USDT 72 held back — held threshold for only 1/3 consecutive scans
[gate] COPPER/USDT blocked — R:R 1.01 below 1.2 (no room to next pool)
[16:00:51] Scan #441 | 87/87 fed | 25 candidates | 3 shadow | 0 reused | 0 dispatched | 43.2s | floor=72.0
[corr] 3 correlated peers dropped in favour of the strongest in each group
[gate] NEAR/USDT blocked — R:R 0.36 below 1.2 (no room to next pool)
[gate] XRP/USDT blocked — R:R 0.36 below 1.2 (no room to next pool)
[gate] TIA/USDT blocked — R:R 0.38 below 1.2 (no room to next pool)
[gate] BONK/USDT 82 held back — held threshold for only 2/3 consecutive scans; score unstable (σ=9.6 > 9.0) — reading is noise, not conviction
[gate] NFLX/USDT blocked — R:R 0.79 below 1.2 (no room to next pool)
[gate] COPPER/USDT blocked — R:R 0.36 below 1.2 (no room to next pool)
[gate] WMT/USDT 81 held back — held threshold for only 2/3 consecutive scans
[gate] PANW/USDT 79 held back — only 2/3 confirming scans so far
[gate] LLY/USDT 78 held back — only 2/3 confirming scans so far
[gate] RENDER/USDT 75 held back — held threshold for only 2/3 consecutive scans; score unstable (σ=12.3 > 9.0) — reading is noise, not conviction
[gate] JUP/USDT blocked — R:R 1.02 below 1.2 (no room to next pool)
[gate] NKE/USDT 72 held back — held threshold for only 2/3 consecutive scans
[16:01:25] Scan #442 | 87/87 fed | 25 candidates | 0 shadow | 86 reused | 0 dispatched | 19.2s | floor=72.0
[corr] 3 correlated peers dropped in favour of the strongest in each group
[gate] NEAR/USDT blocked — R:R 0.36 below 1.2 (no room to next pool)
[gate] XRP/USDT blocked — R:R 0.36 below 1.2 (no room to next pool)
[gate] TIA/USDT blocked — R:R 0.38 below 1.2 (no room to next pool)
[gate] NFLX/USDT blocked — R:R 0.79 below 1.2 (no room to next pool)
[gate] BONK/USDT 82 held back — score unstable (σ=10.2 > 9.0) — reading is noise, not conviction
[gate] COPPER/USDT blocked — R:R 0.36 below 1.2 (no room to next pool)
[gate] WMT/USDT blocked — R:R 1.00 below 1.2 (no room to next pool)
[gate] PANW/USDT 79 held back — held threshold for only 2/3 consecutive scans
[gate] LLY/USDT blocked — R:R 1.00 below 1.2 (no room to next pool)
[gate] RENDER/USDT 75 held back — score unstable (σ=12.9 > 9.0) — reading is noise, not conviction
[gate] JUP/USDT blocked — R:R 1.02 below 1.2 (no room to next pool)
[gate] NKE/USDT blocked — R:R 1.00 below 1.2 (no room to next pool)
[16:01:43] Scan #443 | 87/87 fed | 25 candidates | 0 shadow | 86 reused | 0 dispatched | 3.1s | floor=72.0
[!] Telegram Alert Status Code 400 on Attempt 1: {"ok":false,"error_code":400,"description":"Bad Request: can't parse entities: Can't find end of the entity starting at byte offset 605"}
[!] Telegram Alert Status Code 400 on Attempt 2: {"ok":false,"error_code":400,"description":"Bad Request: can't parse entities: Can't find end of the entity starting at byte offset 605"}
[corr] 3 correlated peers dropped in favour of the strongest in each group
[gate] NEAR/USDT blocked — R:R 0.36 below 1.2 (no room to next pool)
[gate] XRP/USDT blocked — R:R 0.36 below 1.2 (no room to next pool)
[gate] TIA/USDT blocked — R:R 0.38 below 1.2 (no room to next pool)
[gate] NFLX/USDT blocked — R:R 0.79 below 1.2 (no room to next pool)
[gate] BONK/USDT 82 held back — score unstable (σ=9.6 > 9.0) — reading is noise, not conviction
[gate] COPPER/USDT blocked — R:R 0.36 below 1.2 (no room to next pool)
[gate] WMT/USDT blocked — R:R 1.00 below 1.2 (no room to next pool)
[gate] LLY/USDT blocked — R:R 1.00 below 1.2 (no room to next pool)
[gate] PANW/USDT blocked — R:R 0.35 below 1.2 (no room to next pool)
[gate] PYPL/USDT 75 held back — held threshold for only 1/3 consecutive scans
[gate] RENDER/USDT 75 held back — score unstable (σ=12.2 > 9.0) — reading is noise, not conviction
[gate] JUP/USDT blocked — R:R 1.02 below 1.2 (no room to next pool)
[gate] NKE/USDT blocked — R:R 1.00 below 1.2 (no room to next pool)
[16:02:13] Scan #444 | 87/87 fed | 25 candidates | 0 shadow | 86 reused | 0 dispatched | 14.6s | floor=72.0
[!] Telegram Alert Status Code 400 on Attempt 3: {"ok":false,"error_code":400,"description":"Bad Request: can't parse entities: Can't find end of the entity starting at byte offset 605"}
[✓] Learning report sent (resolved=1796, +16)
[corr] 3 correlated peers dropped in favour of the strongest in each group
[gate] AVAX/USDT blocked — R:R 0.46 below 1.2 (no room to next pool)
[gate] NFLX/USDT blocked — R:R 0.69 below 1.2 (no room to next pool)
[gate] BONK/USDT blocked — Event move still unresolved — no higher low / structure break yet — still inside the vertical
[gate] COPPER/USDT blocked — R:R 0.34 below 1.2 (no room to next pool)
[gate] WMT/USDT blocked — R:R 1.00 below 1.2 (no room to next pool)
[gate] XRP/USDT blocked — R:R 1.08 below 1.2 (no room to next pool)
[gate] TIA/USDT blocked — R:R 0.81 below 1.2 (no room to next pool)
[gate] LLY/USDT blocked — R:R 1.00 below 1.2 (no room to next pool)
[gate] PYPL/USDT 75 held back — held threshold for only 2/3 consecutive scans
[gate] JUP/USDT blocked — R:R 1.02 below 1.2 (no room to next pool)
[gate] RENDER/USDT 73 held back — score unstable (σ=9.5 > 9.0) — reading is noise, not conviction
[gate] NKE/USDT blocked — R:R 1.00 below 1.2 (no room to next pool)
[16:02:32] Scan #445 | 87/87 fed | 25 candidates | 0 shadow | 86 reused | 0 dispatched | 4.3s | floor=72.0
[corr] 3 correlated peers dropped in favour of the strongest in each group
[gate] AVAX/USDT blocked — R:R 0.46 below 1.2 (no room to next pool)
[gate] NFLX/USDT blocked — R:R 0.69 below 1.2 (no room to next pool)
[gate] BONK/USDT blocked — Event move still unresolved — no higher low / structure break yet — still inside the vertical
[gate] COPPER/USDT blocked — R:R 0.34 below 1.2 (no room to next pool)
[gate] WMT/USDT blocked — R:R 1.00 below 1.2 (no room to next pool)
[gate] XRP/USDT blocked — R:R 1.08 below 1.2 (no room to next pool)
[gate] TIA/USDT blocked — R:R 0.81 below 1.2 (no room to next pool)
[gate] LLY/USDT blocked — R:R 1.00 below 1.2 (no room to next pool)
[gate] PYPL/USDT blocked — Event move still unresolved — no higher low / structure break yet — still inside the vertical
[gate] JUP/USDT blocked — R:R 1.02 below 1.2 (no room to next pool)
[gate] RENDER/USDT blocked — Event move still unresolved — peak is too recent — no structure yet
[gate] NKE/USDT blocked — R:R 1.00 below 1.2 (no room to next pool)
[16:02:53] Scan #446 | 87/87 fed | 25 candidates | 0 shadow | 86 reused | 0 dispatched | 5.7s | floor=72.0
[corr] 3 correlated peers dropped in favour of the strongest in each group
[gate] NEAR/USDT blocked — R:R 0.36 below 1.2 (no room to next pool)
[gate] NFLX/USDT blocked — R:R 0.69 below 1.2 (no room to next pool)
[gate] BONK/USDT blocked — Event move still unresolved — no higher low / structure break yet — still inside the vertical
[gate] WMT/USDT blocked — R:R 1.00 below 1.2 (no room to next pool)
[gate] COPPER/USDT blocked — R:R 0.41 below 1.2 (no room to next pool)
[gate] XRP/USDT 80 held back — score decaying (-1.6/scan) — setup is fading, not forming
[gate] LLY/USDT blocked — R:R 1.00 below 1.2 (no room to next pool)
[gate] TIA/USDT blocked — R:R 0.84 below 1.2 (no room to next pool)
[gate] PYPL/USDT blocked — Event move still unresolved — no higher low / structure break yet — still inside the vertical
[gate] RENDER/USDT blocked — Event move still unresolved — peak is too recent — no structure yet
[gate] JUP/USDT blocked — R:R 1.02 below 1.2 (no room to next pool)
[gate] NKE/USDT blocked — R:R 1.00 below 1.2 (no room to next pool)
[16:03:17] Scan #447 | 87/87 fed | 25 candidates | 0 shadow | 86 reused | 0 dispatched | 9.4s | floor=72.0
[corr] 3 correlated peers dropped in favour of the strongest in each group
[gate] NEAR/USDT blocked — R:R 0.36 below 1.2 (no room to next pool)
[gate] NFLX/USDT blocked — R:R 0.69 below 1.2 (no room to next pool)
[gate] BONK/USDT blocked — Event move still unresolved — no higher low / structure break yet — still inside the vertical
[gate] WMT/USDT blocked — R:R 1.00 below 1.2 (no room to next pool)
[gate] COPPER/USDT blocked — R:R 0.41 below 1.2 (no room to next pool)
[gate] XRP/USDT blocked — R:R 1.08 below 1.2 (no room to next pool)
[gate] LLY/USDT blocked — R:R 1.00 below 1.2 (no room to next pool)
[gate] TIA/USDT blocked — R:R 0.84 below 1.2 (no room to next pool)
[gate] PYPL/USDT blocked — Event move still unresolved — no higher low / structure break yet — still inside the vertical
[gate] RENDER/USDT blocked — Event move still unresolved — peak is too recent — no structure yet
[gate] JUP/USDT blocked — R:R 1.02 below 1.2 (no room to next pool)
[gate] NKE/USDT blocked — R:R 1.00 below 1.2 (no room to next pool)
[16:03:37] Scan #448 | 87/87 fed | 25 candidates | 0 shadow | 86 reused | 0 dispatched | 4.8s | floor=72.0
[corr] 3 correlated peers dropped in favour of the strongest in each group
[gate] NEAR/USDT blocked — R:R 0.36 below 1.2 (no room to next pool)
[gate] NFLX/USDT blocked — R:R 0.69 below 1.2 (no room to next pool)
[gate] BONK/USDT blocked — Event move still unresolved — no higher low / structure break yet — still inside the vertical
[gate] WMT/USDT blocked — R:R 1.00 below 1.2 (no room to next pool)
[gate] COPPER/USDT blocked — R:R 0.41 below 1.2 (no room to next pool)
[gate] XRP/USDT blocked — R:R 1.08 below 1.2 (no room to next pool)
[gate] LLY/USDT blocked — R:R 1.00 below 1.2 (no room to next pool)
[gate] TIA/USDT blocked — R:R 0.84 below 1.2 (no room to next pool)
[gate] PYPL/USDT blocked — Event move still unresolved — no higher low / structure break yet — still inside the vertical
[gate] RENDER/USDT blocked — Event move still unresolved — peak is too recent — no structure yet
[gate] JUP/USDT blocked — R:R 1.02 below 1.2 (no room to next pool)
[gate] NKE/USDT blocked — R:R 1.00 below 1.2 (no room to next pool)
[16:03:53] Scan #449 | 87/87 fed | 25 candidates | 0 shadow | 86 reused | 0 dispatched | 1.1s | floor=72.0
[corr] 3 correlated peers dropped in favour of the strongest in each group
[gate] AVAX/USDT blocked — R:R 0.46 below 1.2 (no room to next pool)
[gate] NFLX/USDT blocked — R:R 0.69 below 1.2 (no room to next pool)
[gate] BONK/USDT blocked — Event move still unresolved — no higher low / structure break yet — still inside the vertical
[gate] WMT/USDT blocked — R:R 1.00 below 1.2 (no room to next pool)
[gate] COPPER/USDT blocked — R:R 0.41 below 1.2 (no room to next pool)
[gate] XRP/USDT blocked — R:R 1.08 below 1.2 (no room to next pool)
[gate] LLY/USDT blocked — R:R 1.00 below 1.2 (no room to next pool)
[gate] TIA/USDT blocked — R:R 0.87 below 1.2 (no room to next pool)
[gate] PYPL/USDT blocked — Event move still unresolved — no higher low / structure break yet — still inside the vertical
[gate] RENDER/USDT blocked — Event move still unresolved — peak is too recent — no structure yet
[gate] JUP/USDT blocked — R:R 1.02 below 1.2 (no room to next pool)
[gate] NKE/USDT blocked — R:R 1.00 below 1.2 (no room to next pool)
[16:04:18] Scan #450 | 87/87 fed | 25 candidates | 0 shadow | 86 reused | 0 dispatched | 10.1s | floor=72.0
[corr] 3 correlated peers dropped in favour of the strongest in each group
[gate] AVAX/USDT blocked — R:R 0.46 below 1.2 (no room to next pool)
[gate] NFLX/USDT blocked — R:R 0.69 below 1.2 (no room to next pool)
[gate] BONK/USDT blocked — Event move still unresolved — no higher low / structure break yet — still inside the vertical
[gate] WMT/USDT blocked — R:R 1.00 below 1.2 (no room to next pool)
[gate] COPPER/USDT blocked — R:R 0.41 below 1.2 (no room to next pool)
[gate] XRP/USDT blocked — R:R 1.08 below 1.2 (no room to next pool)
[gate] LLY/USDT blocked — R:R 1.00 below 1.2 (no room to next pool)
[gate] TIA/USDT blocked — R:R 0.87 below 1.2 (no room to next pool)
[gate] PYPL/USDT blocked — Event move still unresolved — no higher low / structure break yet — still inside the vertical
[gate] RENDER/USDT blocked — Event move still unresolved — peak is too recent — no structure yet
[gate] JUP/USDT blocked — R:R 1.02 below 1.2 (no room to next pool)
[gate] NKE/USDT blocked — R:R 1.00 below 1.2 (no room to next pool)
[16:04:37] Scan #451 | 87/87 fed | 25 candidates | 0 shadow | 86 reused | 0 dispatched | 3.8s | floor=72.0
[corr] 3 correlated peers dropped in favour of the strongest in each group
[gate] AVAX/USDT blocked — R:R 0.46 below 1.2 (no room to next pool)
[gate] NFLX/USDT blocked — R:R 0.69 below 1.2 (no room to next pool)
[gate] BONK/USDT blocked — Event move still unresolved — no higher low / structure break yet — still inside the vertical
[gate] WMT/USDT blocked — R:R 1.00 below 1.2 (no room to next pool)
[gate] COPPER/USDT blocked — R:R 0.41 below 1.2 (no room to next pool)
[gate] XRP/USDT blocked — R:R 1.08 below 1.2 (no room to next pool)
[gate] LLY/USDT blocked — R:R 1.00 below 1.2 (no room to next pool)
[gate] TIA/USDT blocked — R:R 0.87 below 1.2 (no room to next pool)
[gate] PYPL/USDT blocked — Event move still unresolved — no higher low / structure break yet — still inside the vertical
[gate] RENDER/USDT blocked — Event move still unresolved — peak is too recent — no structure yet
[gate] JUP/USDT blocked — R:R 1.02 below 1.2 (no room to next pool)
[gate] NKE/USDT blocked — R:R 1.00 below 1.2 (no room to next pool)
[16:04:53] Scan #452 | 87/87 fed | 25 candidates | 0 shadow | 86 reused | 0 dispatched | 1.0s | floor=72.0
[corr] 3 correlated peers dropped in favour of the strongest in each group
[gate] AVAX/USDT blocked — R:R 0.43 below 1.2 (no room to next pool)
[gate] NFLX/USDT blocked — R:R 0.69 below 1.2 (no room to next pool)
[gate] BONK/USDT blocked — Event move still unresolved — no higher low / structure break yet — still inside the vertical
[gate] COPPER/USDT blocked — R:R 0.34 below 1.2 (no room to next pool)
[gate] WMT/USDT blocked — R:R 1.00 below 1.2 (no room to next pool)
[gate] XRP/USDT blocked — R:R 1.07 below 1.2 (no room to next pool)
[gate] TIA/USDT blocked — R:R 0.81 below 1.2 (no room to next pool)
[gate] LLY/USDT blocked — R:R 1.00 below 1.2 (no room to next pool)
[gate] PYPL/USDT blocked — Event move still unresolved — no higher low / structure break yet — still inside the vertical
[gate] RENDER/USDT blocked — Event move still unresolved — peak is too recent — no structure yet
[gate] JUP/USDT blocked — R:R 1.02 below 1.2 (no room to next pool)
[gate] NKE/USDT blocked — R:R 1.00 below 1.2 (no room to next pool)
[16:05:20] Scan #453 | 87/87 fed | 25 candidates | 0 shadow | 86 reused | 0 dispatched | 12.1s | floor=72.0
[corr] 3 correlated peers dropped in favour of the strongest in each group
[gate] AVAX/USDT blocked — R:R 0.43 below 1.2 (no room to next pool)
[gate] NFLX/USDT blocked — R:R 0.69 below 1.2 (no room to next pool)
[gate] BONK/USDT blocked — Event move still unresolved — no higher low / structure break yet — still inside the vertical
[gate] XRP/USDT blocked — R:R 1.07 below 1.2 (no room to next pool)
[gate] COPPER/USDT blocked — R:R 0.34 below 1.2 (no room to next pool)
[gate] TIA/USDT blocked — R:R 0.81 below 1.2 (no room to next pool)
[gate] LLY/USDT blocked — R:R 1.00 below 1.2 (no room to next pool)
[gate] WMT/USDT blocked — R:R 1.00 below 1.2 (no room to next pool)
[gate] PYPL/USDT blocked — Event move still unresolved — no higher low / structure break yet — still inside the vertical
[gate] RENDER/USDT blocked — Event move still unresolved — peak is too recent — no structure yet
[gate] JUP/USDT blocked — R:R 1.02 below 1.2 (no room to next pool)
[gate] NKE/USDT blocked — R:R 1.00 below 1.2 (no room to next pool)
[16:05:54] Scan #454 | 87/87 fed | 25 candidates | 0 shadow | 86 reused | 0 dispatched | 19.2s | floor=72.0
[corr] 3 correlated peers dropped in favour of the strongest in each group
[gate] AVAX/USDT blocked — R:R 0.35 below 1.2 (no room to next pool)
[gate] NFLX/USDT blocked — R:R 0.69 below 1.2 (no room to next pool)
[gate] BONK/USDT blocked — Event move still unresolved — no higher low / structure break yet — still inside the vertical
[gate] XRP/USDT blocked — R:R 1.07 below 1.2 (no room to next pool)
[gate] PANW/USDT 79 held back — held threshold for only 1/3 consecutive scans
[gate] TIA/USDT blocked — R:R 0.81 below 1.2 (no room to next pool)
[gate] LLY/USDT blocked — R:R 1.00 below 1.2 (no room to next pool)
[gate] WMT/USDT blocked — R:R 1.00 below 1.2 (no room to next pool)
[gate] COPPER/USDT blocked — R:R 0.41 below 1.2 (no room to next pool)
[gate] PYPL/USDT blocked — Event move still unresolved — no higher low / structure break yet — still inside the vertical
[gate] RENDER/USDT blocked — Event move still unresolved — peak is too recent — no structure yet
[gate] JUP/USDT blocked — R:R 1.02 below 1.2 (no room to next pool)
[gate] NKE/USDT blocked — R:R 1.00 below 1.2 (no room to next pool)
[16:06:27] Scan #455 | 87/87 fed | 25 candidates | 0 shadow | 86 reused | 0 dispatched | 18.1s | floor=72.0
[corr] 3 correlated peers dropped in favour of the strongest in each group
[gate] AVAX/USDT blocked — R:R 0.35 below 1.2 (no room to next pool)
[gate] NFLX/USDT blocked — R:R 0.69 below 1.2 (no room to next pool)
[gate] BONK/USDT blocked — Event move still unresolved — no higher low / structure break yet — still inside the vertical
[gate] XRP/USDT blocked — R:R 1.07 below 1.2 (no room to next pool)
[gate] TIA/USDT blocked — R:R 0.81 below 1.2 (no room to next pool)
[gate] LLY/USDT blocked — R:R 1.00 below 1.2 (no room to next pool)
[gate] WMT/USDT blocked — R:R 1.00 below 1.2 (no room to next pool)
[gate] COPPER/USDT blocked — R:R 0.41 below 1.2 (no room to next pool)
[gate] PANW/USDT 77 held back — held threshold for only 2/3 consecutive scans
[gate] PYPL/USDT blocked — Event move still unresolved — no higher low / structure break yet — still inside the vertical
[gate] RENDER/USDT blocked — Event move still unresolved — peak is too recent — no structure yet
[gate] JUP/USDT blocked — R:R 1.02 below 1.2 (no room to next pool)
[gate] NKE/USDT blocked — R:R 1.00 below 1.2 (no room to next pool)
[16:06:49] Scan #456 | 87/87 fed | 25 candidates | 0 shadow | 86 reused | 0 dispatched | 6.3s | floor=72.0
[corr] 3 correlated peers dropped in favour of the strongest in each group
[gate] NEAR/USDT blocked — R:R 1.02 below 1.2 (no room to next pool)
[gate] NFLX/USDT blocked — R:R 0.69 below 1.2 (no room to next pool)
[gate] BONK/USDT blocked — Event move still unresolved — no higher low / structure break yet — still inside the vertical
[gate] XRP/USDT blocked — R:R 1.08 below 1.2 (no room to next pool)
[gate] LLY/USDT blocked — R:R 1.00 below 1.2 (no room to next pool)
[gate] TIA/USDT blocked — R:R 0.84 below 1.2 (no room to next pool)
[gate] WMT/USDT blocked — R:R 1.00 below 1.2 (no room to next pool)
[gate] COPPER/USDT blocked — R:R 0.41 below 1.2 (no room to next pool)
[gate] PANW/USDT blocked — R:R 0.46 below 1.2 (no room to next pool)
[gate] RENDER/USDT blocked — Event move still unresolved — peak is too recent — no structure yet
[gate] PYPL/USDT blocked — Event move still unresolved — no higher low / structure break yet — still inside the vertical
[gate] JUP/USDT blocked — R:R 1.02 below 1.2 (no room to next pool)
[gate] NKE/USDT blocked — R:R 1.00 below 1.2 (no room to next pool)
[16:07:16] Scan #457 | 87/87 fed | 25 candidates | 0 shadow | 86 reused | 0 dispatched | 12.5s | floor=72.0
[corr] 3 correlated peers dropped in favour of the strongest in each group
[gate] NEAR/USDT blocked — R:R 1.02 below 1.2 (no room to next pool)
[gate] NFLX/USDT blocked — R:R 0.69 below 1.2 (no room to next pool)
[gate] BONK/USDT blocked — Event move still unresolved — no higher low / structure break yet — still inside the vertical
[gate] XRP/USDT blocked — R:R 1.08 below 1.2 (no room to next pool)
[gate] LLY/USDT blocked — R:R 1.00 below 1.2 (no room to next pool)
[gate] TIA/USDT blocked — R:R 0.84 below 1.2 (no room to next pool)
[gate] WMT/USDT blocked — R:R 1.00 below 1.2 (no room to next pool)
[gate] COPPER/USDT blocked — R:R 0.41 below 1.2 (no room to next pool)
[gate] PANW/USDT blocked — R:R 0.46 below 1.2 (no room to next pool)
[gate] RENDER/USDT blocked — Event move still unresolved — peak is too recent — no structure yet
[gate] PYPL/USDT blocked — Event move still unresolved — no higher low / structure break yet — still inside the vertical
[gate] JUP/USDT blocked — R:R 1.02 below 1.2 (no room to next pool)
[gate] NKE/USDT blocked — R:R 1.00 below 1.2 (no room to next pool)
[16:07:36] Scan #458 | 87/87 fed | 25 candidates | 0 shadow | 86 reused | 0 dispatched | 4.7s | floor=72.0
[corr] 3 correlated peers dropped in favour of the strongest in each group
[gate] NEAR/USDT blocked — R:R 1.02 below 1.2 (no room to next pool)
[gate] NFLX/USDT blocked — R:R 0.69 below 1.2 (no room to next pool)
[gate] BONK/USDT blocked — Event move still unresolved — no higher low / structure break yet — still inside the vertical
[gate] XRP/USDT blocked — R:R 1.08 below 1.2 (no room to next pool)
[gate] LLY/USDT blocked — R:R 1.00 below 1.2 (no room to next pool)
[gate] TIA/USDT blocked — R:R 0.84 below 1.2 (no room to next pool)
[gate] WMT/USDT blocked — R:R 1.00 below 1.2 (no room to next pool)
[gate] COPPER/USDT blocked — R:R 0.41 below 1.2 (no room to next pool)
[gate] PANW/USDT blocked — R:R 0.46 below 1.2 (no room to next pool)
[gate] RENDER/USDT blocked — Event move still unresolved — peak is too recent — no structure yet
[gate] PYPL/USDT blocked — Event move still unresolved — no higher low / structure break yet — still inside the vertical
[gate] JUP/USDT blocked — R:R 1.02 below 1.2 (no room to next pool)
[gate] NKE/USDT blocked — R:R 1.00 below 1.2 (no room to next pool)
[16:07:54] Scan #459 | 87/87 fed | 25 candidates | 0 shadow | 86 reused | 0 dispatched | 3.0s | floor=72.0
[corr] 3 correlated peers dropped in favour of the strongest in each group
[gate] NEAR/USDT blocked — R:R 1.02 below 1.2 (no room to next pool)
[gate] NFLX/USDT blocked — R:R 0.69 below 1.2 (no room to next pool)
[gate] BONK/USDT blocked — Event move still unresolved — no higher low / structure break yet — still inside the vertical
[gate] XRP/USDT blocked — R:R 1.08 below 1.2 (no room to next pool)
[gate] LLY/USDT blocked — R:R 1.00 below 1.2 (no room to next pool)
[gate] WMT/USDT blocked — R:R 1.00 below 1.2 (no room to next pool)
[gate] TIA/USDT blocked — R:R 0.87 below 1.2 (no room to next pool)
[gate] COPPER/USDT blocked — R:R 0.44 below 1.2 (no room to next pool)
[gate] RENDER/USDT blocked — Event move still unresolved — peak is too recent — no structure yet
[gate] JUP/USDT blocked — R:R 1.02 below 1.2 (no room to next pool)
[gate] NKE/USDT blocked — R:R 1.00 below 1.2 (no room to next pool)
[16:08:19] Scan #460 | 87/87 fed | 25 candidates | 0 shadow | 86 reused | 0 dispatched | 10.5s | floor=72.0
[corr] 3 correlated peers dropped in favour of the strongest in each group
[gate] NEAR/USDT blocked — R:R 1.02 below 1.2 (no room to next pool)
[gate] NFLX/USDT blocked — R:R 0.69 below 1.2 (no room to next pool)
[gate] BONK/USDT blocked — Event move still unresolved — no higher low / structure break yet — still inside the vertical
[gate] XRP/USDT blocked — R:R 1.08 below 1.2 (no room to next pool)
[gate] LLY/USDT blocked — R:R 1.00 below 1.2 (no room to next pool)
[gate] WMT/USDT blocked — R:R 1.00 below 1.2 (no room to next pool)
[gate] TIA/USDT blocked — R:R 0.87 below 1.2 (no room to next pool)
[gate] COPPER/USDT blocked — R:R 0.44 below 1.2 (no room to next pool)
[gate] RENDER/USDT blocked — Event move still unresolved — peak is too recent — no structure yet
[gate] JUP/USDT blocked — R:R 1.02 below 1.2 (no room to next pool)
[gate] NKE/USDT blocked — R:R 1.00 below 1.2 (no room to next pool)
[16:08:40] Scan #461 | 87/87 fed | 25 candidates | 0 shadow | 86 reused | 0 dispatched | 5.2s | floor=72.0
[corr] 3 correlated peers dropped in favour of the strongest in each group
[gate] NEAR/USDT blocked — R:R 1.02 below 1.2 (no room to next pool)
[gate] NFLX/USDT blocked — R:R 0.69 below 1.2 (no room to next pool)
[gate] BONK/USDT blocked — Event move still unresolved — no higher low / structure break yet — still inside the vertical
[gate] XRP/USDT blocked — R:R 1.08 below 1.2 (no room to next pool)
[gate] LLY/USDT blocked — R:R 1.00 below 1.2 (no room to next pool)
[gate] WMT/USDT blocked — R:R 1.00 below 1.2 (no room to next pool)
[gate] TIA/USDT blocked — R:R 0.87 below 1.2 (no room to next pool)
[gate] COPPER/USDT blocked — R:R 0.44 below 1.2 (no room to next pool)
[gate] RENDER/USDT blocked — Event move still unresolved — peak is too recent — no structure yet
[gate] JUP/USDT blocked — R:R 1.02 below 1.2 (no room to next pool)
[gate] NKE/USDT blocked — R:R 1.00 below 1.2 (no room to next pool)
[16:08:56] Scan #462 | 87/87 fed | 25 candidates | 0 shadow | 86 reused | 0 dispatched | 1.1s | floor=72.0
[corr] 3 correlated peers dropped in favour of the strongest in each group
[gate] NEAR/USDT blocked — R:R 1.02 below 1.2 (no room to next pool)
[gate] NFLX/USDT blocked — R:R 0.69 below 1.2 (no room to next pool)
[gate] BONK/USDT blocked — Event move still unresolved — no higher low / structure break yet — still inside the vertical
[gate] XRP/USDT blocked — R:R 1.08 below 1.2 (no room to next pool)
[gate] LLY/USDT blocked — R:R 1.00 below 1.2 (no room to next pool)
[gate] WMT/USDT blocked — R:R 1.00 below 1.2 (no room to next pool)
[gate] TIA/USDT blocked — R:R 0.87 below 1.2 (no room to next pool)
[gate] COPPER/USDT blocked — R:R 0.44 below 1.2 (no room to next pool)
[gate] RENDER/USDT blocked — Event move still unresolved — peak is too recent — no structure yet
[gate] JUP/USDT blocked — R:R 1.02 below 1.2 (no room to next pool)
[gate] NKE/USDT blocked — R:R 1.00 below 1.2 (no room to next pool)
[16:09:19] Scan #463 | 87/87 fed | 25 candidates | 0 shadow | 86 reused | 0 dispatched | 8.1s | floor=72.0
[corr] 3 correlated peers dropped in favour of the strongest in each group
[gate] NEAR/USDT blocked — R:R 1.02 below 1.2 (no room to next pool)
[gate] NFLX/USDT blocked — R:R 0.69 below 1.2 (no room to next pool)
[gate] BONK/USDT blocked — Event move still unresolved — no higher low / structure break yet — still inside the vertical
[gate] XRP/USDT blocked — R:R 1.08 below 1.2 (no room to next pool)
[gate] LLY/USDT blocked — R:R 1.00 below 1.2 (no room to next pool)
[gate] WMT/USDT blocked — R:R 1.00 below 1.2 (no room to next pool)
[gate] TIA/USDT blocked — R:R 0.87 below 1.2 (no room to next pool)
[gate] COPPER/USDT blocked — R:R 0.44 below 1.2 (no room to next pool)
[gate] RENDER/USDT blocked — Event move still unresolved — peak is too recent — no structure yet
[gate] JUP/USDT blocked — R:R 1.02 below 1.2 (no room to next pool)
[gate] NKE/USDT blocked — R:R 1.00 below 1.2 (no room to next pool)
[16:09:37] Scan #464 | 87/87 fed | 25 candidates | 0 shadow | 86 reused | 0 dispatched | 3.6s | floor=72.0
[corr] 3 correlated peers dropped in favour of the strongest in each group
[gate] NEAR/USDT blocked — R:R 1.02 below 1.2 (no room to next pool)
[gate] NFLX/USDT blocked — R:R 0.69 below 1.2 (no room to next pool)
[gate] BONK/USDT blocked — Event move still unresolved — no higher low / structure break yet — still inside the vertical
[gate] XRP/USDT blocked — R:R 1.08 below 1.2 (no room to next pool)
[gate] LLY/USDT blocked — R:R 1.00 below 1.2 (no room to next pool)
[gate] WMT/USDT blocked — R:R 1.00 below 1.2 (no room to next pool)
[gate] TIA/USDT blocked — R:R 0.87 below 1.2 (no room to next pool)
[gate] COPPER/USDT blocked — R:R 0.44 below 1.2 (no room to next pool)
[gate] RENDER/USDT blocked — Event move still unresolved — peak is too recent — no structure yet
[gate] JUP/USDT blocked — R:R 1.02 below 1.2 (no room to next pool)
[gate] NKE/USDT blocked — R:R 1.00 below 1.2 (no room to next pool)
[16:09:53] Scan #465 | 87/87 fed | 25 candidates | 0 shadow | 86 reused | 0 dispatched | 1.1s | floor=72.0
[corr] 3 correlated peers dropped in favour of the strongest in each group
[gate] NFLX/USDT blocked — R:R 0.57 below 1.2 (no room to next pool)
[gate] NEAR/USDT blocked — R:R 1.02 below 1.2 (no room to next pool)
[gate] BONK/USDT blocked — Event move still unresolved — no higher low / structure break yet — still inside the vertical
[gate] XRP/USDT blocked — R:R 1.07 below 1.2 (no room to next pool)
[gate] LLY/USDT blocked — R:R 1.00 below 1.2 (no room to next pool)
[gate] WMT/USDT blocked — R:R 1.00 below 1.2 (no room to next pool)
[gate] TIA/USDT blocked — R:R 0.84 below 1.2 (no room to next pool)
[gate] RENDER/USDT blocked — Event move still unresolved — peak is too recent — no structure yet
[gate] COPPER/USDT blocked — R:R 0.49 below 1.2 (no room to next pool)
[gate] JUP/USDT blocked — R:R 1.02 below 1.2 (no room to next pool)
[gate] NKE/USDT blocked — R:R 1.00 below 1.2 (no room to next pool)
[16:10:22] Scan #466 | 87/87 fed | 25 candidates | 0 shadow | 86 reused | 0 dispatched | 13.5s | floor=72.0
[corr] 3 correlated peers dropped in favour of the strongest in each group
[gate] NFLX/USDT blocked — R:R 0.57 below 1.2 (no room to next pool)
[gate] NEAR/USDT blocked — R:R 1.02 below 1.2 (no room to next pool)
[gate] BONK/USDT blocked — Event move still unresolved — no higher low / structure break yet — still inside the vertical
[gate] XRP/USDT blocked — R:R 1.07 below 1.2 (no room to next pool)
[gate] LLY/USDT blocked — R:R 1.00 below 1.2 (no room to next pool)
[gate] WMT/USDT blocked — R:R 1.00 below 1.2 (no room to next pool)
[gate] TIA/USDT blocked — R:R 0.84 below 1.2 (no room to next pool)
[gate] RENDER/USDT blocked — Event move still unresolved — peak is too recent — no structure yet
[gate] COPPER/USDT blocked — R:R 0.49 below 1.2 (no room to next pool)
[gate] JUP/USDT blocked — R:R 1.02 below 1.2 (no room to next pool)
[gate] NKE/USDT blocked — R:R 1.00 below 1.2 (no room to next pool)
[16:11:03] Scan #467 | 87/87 fed | 25 candidates | 0 shadow | 86 reused | 0 dispatched | 26.5s | floor=72.0
[corr] 3 correlated peers dropped in favour of the strongest in each group
[gate] NFLX/USDT blocked — R:R 0.57 below 1.2 (no room to next pool)
[gate] AVAX/USDT blocked — R:R 1.00 below 1.2 (no room to next pool)
[gate] BONK/USDT blocked — Event move still unresolved — no higher low / structure break yet — still inside the vertical
[gate] XRP/USDT blocked — R:R 1.08 below 1.2 (no room to next pool)
[gate] TIA/USDT blocked — R:R 0.81 below 1.2 (no room to next pool)
[gate] LLY/USDT blocked — R:R 1.00 below 1.2 (no room to next pool)
[gate] WMT/USDT blocked — R:R 1.00 below 1.2 (no room to next pool)
[gate] RENDER/USDT blocked — Event move still unresolved — peak is too recent — no structure yet
[gate] COPPER/USDT blocked — R:R 0.54 below 1.2 (no room to next pool)
[gate] JUP/USDT blocked — R:R 1.02 below 1.2 (no room to next pool)
[gate] NKE/USDT blocked — R:R 1.00 below 1.2 (no room to next pool)
[16:11:33] Scan #468 | 87/87 fed | 25 candidates | 0 shadow | 86 reused | 0 dispatched | 14.6s | floor=72.0
[corr] 3 correlated peers dropped in favour of the strongest in each group
[gate] NFLX/USDT blocked — R:R 0.57 below 1.2 (no room to next pool)
[gate] AVAX/USDT blocked — R:R 1.00 below 1.2 (no room to next pool)
[gate] BONK/USDT blocked — Event move still unresolved — no higher low / structure break yet — still inside the vertical
[gate] XRP/USDT blocked — R:R 1.08 below 1.2 (no room to next pool)
[gate] TIA/USDT blocked — R:R 0.81 below 1.2 (no room to next pool)
[gate] LLY/USDT blocked — R:R 1.00 below 1.2 (no room to next pool)
[gate] WMT/USDT blocked — R:R 1.00 below 1.2 (no room to next pool)
[gate] RENDER/USDT blocked — Event move still unresolved — peak is too recent — no structure yet
[gate] COPPER/USDT blocked — R:R 0.54 below 1.2 (no room to next pool)
[gate] JUP/USDT blocked — R:R 1.02 below 1.2 (no room to next pool)
[gate] NKE/USDT blocked — R:R 1.00 below 1.2 (no room to next pool)
[16:11:52] Scan #469 | 87/87 fed | 25 candidates | 0 shadow | 86 reused | 0 dispatched | 4.0s | floor=72.0
[corr] 3 correlated peers dropped in favour of the strongest in each group
[gate] NFLX/USDT blocked — R:R 0.57 below 1.2 (no room to next pool)
[gate] AVAX/USDT blocked — R:R 1.00 below 1.2 (no room to next pool)
[gate] BONK/USDT blocked — Event move still unresolved — no higher low / structure break yet — still inside the vertical
[gate] XRP/USDT blocked — R:R 1.08 below 1.2 (no room to next pool)
[gate] LLY/USDT blocked — R:R 1.00 below 1.2 (no room to next pool)
[gate] WMT/USDT blocked — R:R 1.00 below 1.2 (no room to next pool)
[gate] RENDER/USDT blocked — Event move still unresolved — peak is too recent — no structure yet
[gate] TIA/USDT blocked — R:R 0.84 below 1.2 (no room to next pool)
[gate] COPPER/USDT blocked — R:R 0.57 below 1.2 (no room to next pool)
[gate] JUP/USDT blocked — R:R 1.02 below 1.2 (no room to next pool)
[gate] NKE/USDT blocked — R:R 1.00 below 1.2 (no room to next pool)
[16:12:21] Scan #470 | 87/87 fed | 25 candidates | 0 shadow | 86 reused | 0 dispatched | 14.3s | floor=72.0
[corr] 3 correlated peers dropped in favour of the strongest in each group
[gate] NFLX/USDT blocked — R:R 0.57 below 1.2 (no room to next pool)
[gate] AVAX/USDT blocked — R:R 1.00 below 1.2 (no room to next pool)
[gate] BONK/USDT blocked — Event move still unresolved — no higher low / structure break yet — still inside the vertical
[gate] XRP/USDT blocked — R:R 1.08 below 1.2 (no room to next pool)
[gate] LLY/USDT blocked — R:R 1.00 below 1.2 (no room to next pool)
[gate] WMT/USDT blocked — R:R 1.00 below 1.2 (no room to next pool)
[gate] RENDER/USDT blocked — Event move still unresolved — peak is too recent — no structure yet
[gate] TIA/USDT blocked — R:R 0.84 below 1.2 (no room to next pool)
[gate] COPPER/USDT blocked — R:R 0.57 below 1.2 (no room to next pool)
[gate] JUP/USDT blocked — R:R 1.02 below 1.2 (no room to next pool)
[gate] NKE/USDT blocked — R:R 1.00 below 1.2 (no room to next pool)
[16:12:40] Scan #471 | 87/87 fed | 25 candidates | 0 shadow | 86 reused | 0 dispatched | 3.7s | floor=72.0
[corr] 3 correlated peers dropped in favour of the strongest in each group
[gate] NFLX/USDT blocked — R:R 0.57 below 1.2 (no room to next pool)
[gate] AVAX/USDT blocked — R:R 1.00 below 1.2 (no room to next pool)
[gate] BONK/USDT blocked — Event move still unresolved — no higher low / structure break yet — still inside the vertical
[gate] XRP/USDT blocked — R:R 1.08 below 1.2 (no room to next pool)
[gate] LLY/USDT blocked — R:R 1.00 below 1.2 (no room to next pool)
[gate] WMT/USDT blocked — R:R 1.00 below 1.2 (no room to next pool)
[gate] RENDER/USDT blocked — Event move still unresolved — peak is too recent — no structure yet
[gate] TIA/USDT blocked — R:R 0.84 below 1.2 (no room to next pool)
[gate] COPPER/USDT blocked — R:R 0.57 below 1.2 (no room to next pool)
[gate] JUP/USDT blocked — R:R 1.02 below 1.2 (no room to next pool)
[gate] NKE/USDT blocked — R:R 1.00 below 1.2 (no room to next pool)
[16:12:59] Scan #472 | 87/87 fed | 25 candidates | 0 shadow | 86 reused | 0 dispatched | 3.6s | floor=72.0
[corr] 3 correlated peers dropped in favour of the strongest in each group
[gate] NFLX/USDT blocked — R:R 0.57 below 1.2 (no room to next pool)
[gate] TIA/USDT blocked — R:R 0.38 below 1.2 (no room to next pool)
[gate] AVAX/USDT blocked — R:R 1.00 below 1.2 (no room to next pool)
[gate] BONK/USDT blocked — Event move still unresolved — no higher low / structure break yet — still inside the vertical
[gate] XRP/USDT blocked — R:R 1.08 below 1.2 (no room to next pool)
[gate] RENDER/USDT blocked — Event move still unresolved — peak is too recent — no structure yet
[gate] LLY/USDT blocked — R:R 1.00 below 1.2 (no room to next pool)
[gate] WMT/USDT blocked — R:R 1.00 below 1.2 (no room to next pool)
[gate] COPPER/USDT blocked — R:R 0.54 below 1.2 (no room to next pool)
[gate] JUP/USDT blocked — R:R 1.02 below 1.2 (no room to next pool)
[gate] NKE/USDT blocked — R:R 1.00 below 1.2 (no room to next pool)
[16:13:23] Scan #473 | 87/87 fed | 25 candidates | 0 shadow | 86 reused | 0 dispatched | 9.2s | floor=72.0
[!] USRegulatoryPolicyEngine RSS Error: HTTPSConnectionPool(host='news.google.com', port=443): Max retries exceeded with url: /rss/search?q=Congress+recess+OR+Clarity+Act+OR+FIT21+crypto+when:7d&hl=en-US&gl=US&ceid=US:en (Caused by NewConnectionError('<urllib3.connection.HTTPSConnection object at 0x11d73e4d0>: Failed to establish a new connection: [Errno 8] nodename nor servname provided, or not known'))
[!] All Exchange Feeds (Binance/Bybit/Bitget) failed or non-existent for symbol: ETHUSDT
[!] All Exchange Feeds (Binance/Bybit/Bitget) failed or non-existent for symbol: XRPUSDT
[!] All Exchange Feeds (Binance/Bybit/Bitget) failed or non-existent for symbol: BTCUSDT
[!] All Exchange Feeds (Binance/Bybit/Bitget) failed or non-existent for symbol: SOLUSDT
[!] All Exchange Feeds (Binance/Bybit/Bitget) failed or non-existent for symbol: AVAXUSDT
[!] All Exchange Feeds (Binance/Bybit/Bitget) failed or non-existent for symbol: DOGEUSDT
[!] All Exchange Feeds (Binance/Bybit/Bitget) failed or non-existent for symbol: LINKUSDT
[!] All Exchange Feeds (Binance/Bybit/Bitget) failed or non-existent for symbol: NEARUSDT
[!] All Exchange Feeds (Binance/Bybit/Bitget) failed or non-existent for symbol: SUIUSDT
[!] All Exchange Feeds (Binance/Bybit/Bitget) failed or non-existent for symbol: FETUSDT
[!] All Exchange Feeds (Binance/Bybit/Bitget) failed or non-existent for symbol: INJUSDT
[!] All Exchange Feeds (Binance/Bybit/Bitget) failed or non-existent for symbol: 1000PEPEUSDT
[!] All Exchange Feeds (Binance/Bybit/Bitget) failed or non-existent for symbol: WIFUSDT
[!] All Exchange Feeds (Binance/Bybit/Bitget) failed or non-existent for symbol: TIAUSDT
[!] All Exchange Feeds (Binance/Bybit/Bitget) failed or non-existent for symbol: RENDERUSDT
[!] All Exchange Feeds (Binance/Bybit/Bitget) failed or non-existent for symbol: OPUSDT
[!] All Exchange Feeds (Binance/Bybit/Bitget) failed or non-existent for symbol: APTUSDT
[!] All Exchange Feeds (Binance/Bybit/Bitget) failed or non-existent for symbol: ARBUSDT
[!] All Exchange Feeds (Binance/Bybit/Bitget) failed or non-existent for symbol: SEIUSDT
[!] All Exchange Feeds (Binance/Bybit/Bitget) failed or non-existent for symbol: TAOUSDT
[!] All Exchange Feeds (Binance/Bybit/Bitget) failed or non-existent for symbol: PENDLEUSDT
[!] All Exchange Feeds (Binance/Bybit/Bitget) failed or non-existent for symbol: RUNEUSDT
[!] All Exchange Feeds (Binance/Bybit/Bitget) failed or non-existent for symbol: DOTUSDT
[!] All Exchange Feeds (Binance/Bybit/Bitget) failed or non-existent for symbol: ADAUSDT
[!] All Exchange Feeds (Binance/Bybit/Bitget) failed or non-existent for symbol: BNBUSDT
[!] All Exchange Feeds (Binance/Bybit/Bitget) failed or non-existent for symbol: STXUSDT
[!] All Exchange Feeds (Binance/Bybit/Bitget) failed or non-existent for symbol: LTCUSDT
[!] All Exchange Feeds (Binance/Bybit/Bitget) failed or non-existent for symbol: POLUSDT
[!] All Exchange Feeds (Binance/Bybit/Bitget) failed or non-existent for symbol: ORDIUSDT
[!] All Exchange Feeds (Binance/Bybit/Bitget) failed or non-existent for symbol: TONUSDT
[!] All Exchange Feeds (Binance/Bybit/Bitget) failed or non-existent for symbol: JUPUSDT
[!] All Exchange Feeds (Binance/Bybit/Bitget) failed or non-existent for symbol: NOTUSDT
[!] All Exchange Feeds (Binance/Bybit/Bitget) failed or non-existent for symbol: 1000BONKUSDT
[!] All Exchange Feeds (Binance/Bybit/Bitget) failed or non-existent for symbol: WUSDT
[!] All Exchange Feeds (Binance/Bybit/Bitget) failed or non-existent for symbol: ENAUSDT
[!] All Exchange Feeds (Binance/Bybit/Bitget) failed or non-existent for symbol: SPYUSDT
[!] All Exchange Feeds (Binance/Bybit/Bitget) failed or non-existent for symbol: QQQUSDT
[!] All Exchange Feeds (Binance/Bybit/Bitget) failed or non-existent for symbol: PLTRUSDT
[!] All Exchange Feeds (Binance/Bybit/Bitget) failed or non-existent for symbol: IWMUSDT
[!] All Exchange Feeds (Binance/Bybit/Bitget) failed or non-existent for symbol: NVDAUSDT
[!] All Exchange Feeds (Binance/Bybit/Bitget) failed or non-existent for symbol: INTCUSDT
[!] All Exchange Feeds (Binance/Bybit/Bitget) failed or non-existent for symbol: TSLAUSDT
[!] All Exchange Feeds (Binance/Bybit/Bitget) failed or non-existent for symbol: SMCIUSDT
[!] All Exchange Feeds (Binance/Bybit/Bitget) failed or non-existent for symbol: AMDUSDT
[!] All Exchange Feeds (Binance/Bybit/Bitget) failed or non-existent for symbol: AAPLUSDT
[!] All Exchange Feeds (Binance/Bybit/Bitget) failed or non-existent for symbol: MSFTUSDT
[!] All Exchange Feeds (Binance/Bybit/Bitget) failed or non-existent for symbol: GOOGLUSDT
[!] All Exchange Feeds (Binance/Bybit/Bitget) failed or non-existent for symbol: AMZNUSDT
[!] All Exchange Feeds (Binance/Bybit/Bitget) failed or non-existent for symbol: METAUSDT
[!] All Exchange Feeds (Binance/Bybit/Bitget) failed or non-existent for symbol: NFLXUSDT
[!] All Exchange Feeds (Binance/Bybit/Bitget) failed or non-existent for symbol: CRMUSDT
[!] All Exchange Feeds (Binance/Bybit/Bitget) failed or non-existent for symbol: CSCOUSDT
[!] All Exchange Feeds (Binance/Bybit/Bitget) failed or non-existent for symbol: ORCLUSDT
[!] All Exchange Feeds (Binance/Bybit/Bitget) failed or non-existent for symbol: IBMUSDT
[!] All Exchange Feeds (Binance/Bybit/Bitget) failed or non-existent for symbol: ABNBUSDT
[!] All Exchange Feeds (Binance/Bybit/Bitget) failed or non-existent for symbol: UBERUSDT
[!] All Exchange Feeds (Binance/Bybit/Bitget) failed or non-existent for symbol: PANWUSDT
[!] All Exchange Feeds (Binance/Bybit/Bitget) failed or non-existent for symbol: RIVNUSDT
[!] All Exchange Feeds (Binance/Bybit/Bitget) failed or non-existent for symbol: SNOWUSDT
[!] All Exchange Feeds (Binance/Bybit/Bitget) failed or non-existent for symbol: NIOUSDT
[!] All Exchange Feeds (Binance/Bybit/Bitget) failed or non-existent for symbol: VUSDT
[!] All Exchange Feeds (Binance/Bybit/Bitget) failed or non-existent for symbol: JPMUSDT
[!] All Exchange Feeds (Binance/Bybit/Bitget) failed or non-existent for symbol: BACUSDT
[!] All Exchange Feeds (Binance/Bybit/Bitget) failed or non-existent for symbol: MAUSDT
[!] All Exchange Feeds (Binance/Bybit/Bitget) failed or non-existent for symbol: PYPLUSDT
[!] All Exchange Feeds (Binance/Bybit/Bitget) failed or non-existent for symbol: COINUSDT
[!] All Exchange Feeds (Binance/Bybit/Bitget) failed or non-existent for symbol: MARAUSDT
[!] All Exchange Feeds (Binance/Bybit/Bitget) failed or non-existent for symbol: MSTRUSDT
[!] All Exchange Feeds (Binance/Bybit/Bitget) failed or non-existent for symbol: BABAUSDT
[!] All Exchange Feeds (Binance/Bybit/Bitget) failed or non-existent for symbol: HOODUSDT
[!] All Exchange Feeds (Binance/Bybit/Bitget) failed or non-existent for symbol: GSUSDT
[!] All Exchange Feeds (Binance/Bybit/Bitget) failed or non-existent for symbol: CLSKUSDT
[!] All Exchange Feeds (Binance/Bybit/Bitget) failed or non-existent for symbol: BAUSDT
[!] All Exchange Feeds (Binance/Bybit/Bitget) failed or non-existent for symbol: LLYUSDT
[!] All Exchange Feeds (Binance/Bybit/Bitget) failed or non-existent for symbol: JNJUSDT
[!] All Exchange Feeds (Binance/Bybit/Bitget) failed or non-existent for symbol: UNHUSDT
[!] All Exchange Feeds (Binance/Bybit/Bitget) failed or non-existent for symbol: LMTUSDT
[!] All Exchange Feeds (Binance/Bybit/Bitget) failed or non-existent for symbol: XAGUSDT
[!] All Exchange Feeds (Binance/Bybit/Bitget) failed or non-existent for symbol: XAUUSDT
[!] All Exchange Feeds (Binance/Bybit/Bitget) failed or non-existent for symbol: COPPERUSDT
[!] All Exchange Feeds (Binance/Bybit/Bitget) failed or non-existent for symbol: XLEUSDT
[!] All Exchange Feeds (Binance/Bybit/Bitget) failed or non-existent for symbol: CLUSDT
[!] All Exchange Feeds (Binance/Bybit/Bitget) failed or non-existent for symbol: WMTUSDT
[!] All Exchange Feeds (Binance/Bybit/Bitget) failed or non-existent for symbol: COSTUSDT
[!] All Exchange Feeds (Binance/Bybit/Bitget) failed or non-existent for symbol: DISUSDT
[!] All Exchange Feeds (Binance/Bybit/Bitget) failed or non-existent for symbol: NKEUSDT
[!] All Exchange Feeds (Binance/Bybit/Bitget) failed or non-existent for symbol: MCDUSDT
[event] resolved 11 event reactions
[!] Telegram Alert Attempt 1 Failed: HTTPSConnectionPool(host='api.telegram.org', port=443): Max retries exceeded with url: /bot8847828896:AAFcTqjJGe6VN6mbPHcB1QTlvkpQxhb5ntI/sendMessage (Caused by NewConnectionError('<urllib3.connection.HTTPSConnection object at 0x169c98490>: Failed to establish a new connection: [Errno 8] nodename nor servname provided, or not known'))
[!] Telegram Alert Attempt 2 Failed: HTTPSConnectionPool(host='api.telegram.org', port=443): Max retries exceeded with url: /bot8847828896:AAFcTqjJGe6VN6mbPHcB1QTlvkpQxhb5ntI/sendMessage (Caused by NewConnectionError('<urllib3.connection.HTTPSConnection object at 0x169c9b1f0>: Failed to establish a new connection: [Errno 8] nodename nor servname provided, or not known'))
[!] Telegram Alert Attempt 3 Failed: HTTPSConnectionPool(host='api.telegram.org', port=443): Max retries exceeded with url: /bot8847828896:AAFcTqjJGe6VN6mbPHcB1QTlvkpQxhb5ntI/sendMessage (Caused by NewConnectionError('<urllib3.connection.HTTPSConnection object at 0x169c99660>: Failed to establish a new connection: [Errno 8] nodename nor servname provided, or not known'))
[✓] Digest sent (1h cadence, 19:03 IST)
[19:03:34] Scan #474 | 0/87 fed | 0 candidates | 0 shadow | 0 reused | 0 dispatched | 6.7s | floor=72.0
[redis-sync] Pushed state to Upstash Redis (12 files, resolved trades)
[news] settled 33904 term observations
[shadow] APT/USDT SHORT -> TP1_HIT (+1.02%) DERIV_ALIGNED,NEWS_ALIGNED
[shadow] STX/USDT SHORT -> SL_HIT (-1.38%) THESIS_WRONG,DERIV_ALIGNED,NEWS_ALIGNED
[shadow] RUNE/USDT SHORT -> SL_HIT (-0.68%) THESIS_WRONG,DERIV_ALIGNED,NEWS_ALIGNED
[shadow] ENA/USDT LONG -> SL_HIT (-1.55%) STOPPED_AFTER_PARTIAL_RUN,NEWS_CONFLICT
[shadow] CSCO/USDT LONG -> SL_HIT (-0.41%) THESIS_WRONG,DERIV_CONFLICT,NEWS_ALIGNED
[shadow] NKE/USDT SHORT -> SL_HIT (-0.40%) STOPPED_AFTER_PARTIAL_RUN,NEWS_ALIGNED
[redis-sync] Pushed state to Upstash Redis (12 files, resolved trades)
[redis-sync] Pushed state to Upstash Redis (12 files, periodic)
[redis-sync] Pushed state to Upstash Redis (12 files, resolved trades)
[redis-sync] Pushed state to Upstash Redis (12 files, resolved trades)
[redis-sync] Pushed state to Upstash Redis (12 files, resolved trades)
[redis-sync] Pushed state to Upstash Redis (12 files, resolved trades)
[corr] 1 correlated peers dropped in favour of the strongest in each group
[gate] BONK/USDT 83 held back — only 1/3 confirming scans so far
[gate] DOT/USDT 82 held back — only 1/3 confirming scans so far
[gate] LMT/USDT 82 held back — only 1/3 confirming scans so far
[gate] ABNB/USDT 80 held back — only 1/3 confirming scans so far
[gate] BNB/USDT 79 held back — only 1/3 confirming scans so far
[gate] TSLA/USDT 79 held back — only 1/3 confirming scans so far
[gate] JPM/USDT 76 held back — only 1/3 confirming scans so far
[gate] SPY/USDT 76 held back — only 1/3 confirming scans so far
[gate] AVAX/USDT 75 held back — only 1/3 confirming scans so far
[gate] AAPL/USDT 74 held back — only 1/3 confirming scans so far
[gate] TIA/USDT 74 held back — only 1/3 confirming scans so far
[gate] STX/USDT 73 held back — only 1/3 confirming scans so far
[gate] AMZN/USDT 73 held back — only 1/3 confirming scans so far
[gate] INTC/USDT 72 held back — only 1/3 confirming scans so far
[19:05:18] Scan #475 | 87/87 fed | 25 candidates | 7 shadow | 0 reused | 0 dispatched | 88.8s | floor=72.0
[redis-sync] Pushed state to Upstash Redis (12 files, resolved trades)
[news] settled 94 term observations
[shadow] DIS/USDT SHORT -> TP1_HIT (+0.22%) NEWS_CONFLICT
[shadow] MSFT/USDT SHORT -> TP1_HIT (+0.64%) DERIV_CONFLICT,NEWS_CONFLICT,TRADED_WITH_CROWD
[shadow] GOOGL/USDT SHORT -> TP4_HIT (+0.83%) DERIV_CONFLICT,NEWS_ALIGNED
[shadow] ABNB/USDT SHORT -> TP2_HIT (+1.65%) NEWS_CONFLICT
[shadow] NVDA/USDT LONG -> TP3_HIT (+0.72%) DERIV_ALIGNED,NEWS_CONFLICT
[redis-sync] Pushed state to Upstash Redis (12 files, resolved trades)
[corr] 1 correlated peers dropped in favour of the strongest in each group
[gate] BONK/USDT 83 held back — only 2/3 confirming scans so far
[gate] DOT/USDT 82 held back — only 2/3 confirming scans so far
[gate] LMT/USDT 82 held back — only 2/3 confirming scans so far
[gate] AAPL/USDT 80 held back — only 2/3 confirming scans so far
[gate] ABNB/USDT 80 held back — only 2/3 confirming scans so far
[gate] TSLA/USDT 79 held back — only 2/3 confirming scans so far
[gate] AVAX/USDT 76 held back — only 2/3 confirming scans so far
[gate] BNB/USDT 76 held back — only 2/3 confirming scans so far
[gate] TIA/USDT 74 held back — only 2/3 confirming scans so far
[gate] STX/USDT 73 held back — only 2/3 confirming scans so far
[19:05:44] Scan #476 | 87/87 fed | 25 candidates | 1 shadow | 86 reused | 0 dispatched | 11.6s | floor=72.0
[redis-sync] Pushed state to Upstash Redis (12 files, resolved trades)
[news] settled 94 term observations
[shadow] AMZN/USDT LONG -> TP3_HIT (+1.12%) DERIV_ALIGNED,NEWS_ALIGNED
[corr] 1 correlated peers dropped in favour of the strongest in each group
[gate] BONK/USDT blocked — R:R 0.42 below 1.2 (no room to next pool)
[gate] DOT/USDT blocked — Event move still unresolved — peak is too recent — no structure yet
[gate] LMT/USDT blocked — Event move still unresolved — no lower high / structure break yet — still inside the vertical
[gate] AAPL/USDT blocked — Event move still unresolved — peak is too recent — no structure yet
[gate] ABNB/USDT blocked — R:R 1.00 below 1.2 (no room to next pool)
[gate] TSLA/USDT blocked — R:R 1.00 below 1.2 (no room to next pool)
[gate] AVAX/USDT blocked — R:R 0.48 below 1.2 (no room to next pool)
[gate] BNB/USDT 76 held back — score decaying (-1.9/scan) — setup is fading, not forming
[gate] TIA/USDT blocked — R:R 0.38 below 1.2 (no room to next pool)
[gate] STX/USDT blocked — R:R 1.02 below 1.2 (no room to next pool)
[19:06:03] Scan #477 | 87/87 fed | 24 candidates | 0 shadow | 86 reused | 0 dispatched | 3.6s | floor=72.0
[redis-sync] Pushed state to Upstash Redis (12 files, resolved trades)
[news] settled 244 term observations
[corr] 1 correlated peers dropped in favour of the strongest in each group
[gate] BONK/USDT blocked — R:R 0.42 below 1.2 (no room to next pool)
[gate] DOT/USDT blocked — Event move still unresolved — peak is too recent — no structure yet
[gate] LMT/USDT blocked — Event move still unresolved — no lower high / structure break yet — still inside the vertical
[gate] AAPL/USDT blocked — Event move still unresolved — peak is too recent — no structure yet
[gate] ABNB/USDT blocked — R:R 1.00 below 1.2 (no room to next pool)
[gate] TSLA/USDT blocked — R:R 1.00 below 1.2 (no room to next pool)
[gate] AVAX/USDT blocked — R:R 0.44 below 1.2 (no room to next pool)
[gate] BNB/USDT 74 held back — score decaying (-1.5/scan) — setup is fading, not forming
[gate] STX/USDT blocked — R:R 1.02 below 1.2 (no room to next pool)
[19:06:21] Scan #478 | 87/87 fed | 24 candidates | 0 shadow | 86 reused | 0 dispatched | 3.4s | floor=72.0
[redis-sync] Pushed state to Upstash Redis (12 files, resolved trades)
[redis-sync] Pushed state to Upstash Redis (12 files, resolved trades)
[corr] 1 correlated peers dropped in favour of the strongest in each group
[gate] BONK/USDT blocked — R:R 0.42 below 1.2 (no room to next pool)
[gate] DOT/USDT blocked — Event move still unresolved — peak is too recent — no structure yet
[gate] LMT/USDT blocked — Event move still unresolved — no lower high / structure break yet — still inside the vertical
[gate] AAPL/USDT blocked — Event move still unresolved — peak is too recent — no structure yet
[gate] ABNB/USDT blocked — R:R 1.00 below 1.2 (no room to next pool)
[gate] TSLA/USDT blocked — R:R 1.00 below 1.2 (no room to next pool)
[gate] AVAX/USDT blocked — R:R 0.44 below 1.2 (no room to next pool)
[gate] BNB/USDT blocked — Event move still unresolved — no lower high / structure break yet — still inside the vertical
[gate] STX/USDT blocked — R:R 1.02 below 1.2 (no room to next pool)
[19:06:41] Scan #479 | 87/87 fed | 24 candidates | 0 shadow | 86 reused | 0 dispatched | 4.9s | floor=72.0
[redis-sync] Pushed state to Upstash Redis (12 files, resolved trades)
[redis-sync] Pushed state to Upstash Redis (12 files, resolved trades)
[corr] 1 correlated peers dropped in favour of the strongest in each group
[gate] BONK/USDT blocked — R:R 0.42 below 1.2 (no room to next pool)
[gate] DOT/USDT blocked — Event move still unresolved — peak is too recent — no structure yet
[gate] LMT/USDT blocked — Event move still unresolved — no lower high / structure break yet — still inside the vertical
[gate] AAPL/USDT blocked — Event move still unresolved — peak is too recent — no structure yet
[gate] ABNB/USDT blocked — R:R 1.00 below 1.2 (no room to next pool)
[gate] TSLA/USDT blocked — R:R 1.00 below 1.2 (no room to next pool)
[gate] AVAX/USDT blocked — R:R 0.44 below 1.2 (no room to next pool)
[gate] BNB/USDT blocked — Event move still unresolved — no lower high / structure break yet — still inside the vertical
[gate] STX/USDT blocked — R:R 1.02 below 1.2 (no room to next pool)
[19:06:59] Scan #480 | 87/87 fed | 25 candidates | 0 shadow | 86 reused | 0 dispatched | 2.2s | floor=72.0
[redis-sync] Pushed state to Upstash Redis (12 files, resolved trades)
[corr] 1 correlated peers dropped in favour of the strongest in each group
[gate] BONK/USDT blocked — R:R 0.42 below 1.2 (no room to next pool)
[gate] DOT/USDT blocked — Event move still unresolved — peak is too recent — no structure yet
[gate] LMT/USDT blocked — Event move still unresolved — no lower high / structure break yet — still inside the vertical
[gate] ABNB/USDT blocked — R:R 1.00 below 1.2 (no room to next pool)
[gate] TSLA/USDT blocked — R:R 1.00 below 1.2 (no room to next pool)
[gate] BNB/USDT blocked — Event move still unresolved — no lower high / structure break yet — still inside the vertical
[gate] AVAX/USDT blocked — R:R 0.58 below 1.2 (no room to next pool)
[gate] STX/USDT blocked — R:R 1.02 below 1.2 (no room to next pool)
[gate] TIA/USDT 74 held back — held threshold for only 1/3 consecutive scans
[19:07:17] Scan #481 | 87/87 fed | 25 candidates | 0 shadow | 86 reused | 0 dispatched | 3.4s | floor=72.0
[redis-sync] Pushed state to Upstash Redis (12 files, resolved trades)
[redis-sync] Pushed state to Upstash Redis (12 files, resolved trades)
[news] settled 74 term observations
[corr] 1 correlated peers dropped in favour of the strongest in each group
[gate] BONK/USDT blocked — R:R 0.42 below 1.2 (no room to next pool)
[gate] DOT/USDT blocked — Event move still unresolved — peak is too recent — no structure yet
[gate] LMT/USDT blocked — Event move still unresolved — no lower high / structure break yet — still inside the vertical
[gate] ABNB/USDT blocked — R:R 1.00 below 1.2 (no room to next pool)
[gate] TSLA/USDT blocked — R:R 1.00 below 1.2 (no room to next pool)
[gate] IWM/USDT 79 held back — only 1/3 confirming scans so far
[gate] BNB/USDT blocked — Event move still unresolved — no lower high / structure break yet — still inside the vertical
[gate] AVAX/USDT blocked — R:R 0.58 below 1.2 (no room to next pool)
[gate] STX/USDT blocked — R:R 1.02 below 1.2 (no room to next pool)
[gate] TIA/USDT 74 held back — held threshold for only 2/3 consecutive scans
[gate] AMZN/USDT 73 held back — held threshold for only 1/3 consecutive scans
[19:07:37] Scan #482 | 87/87 fed | 26 candidates | 1 shadow | 86 reused | 0 dispatched | 4.9s | floor=72.0
[redis-sync] Pushed state to Upstash Redis (12 files, resolved trades)
[news] settled 21 term observations
[redis-sync] Pushed state to Upstash Redis (12 files, resolved trades)
[corr] 1 correlated peers dropped in favour of the strongest in each group
[gate] BONK/USDT blocked — R:R 0.42 below 1.2 (no room to next pool)
[gate] DOT/USDT blocked — Event move still unresolved — peak is too recent — no structure yet
[gate] LMT/USDT blocked — Event move still unresolved — no lower high / structure break yet — still inside the vertical
[gate] ABNB/USDT blocked — R:R 1.00 below 1.2 (no room to next pool)
[gate] TSLA/USDT blocked — R:R 1.00 below 1.2 (no room to next pool)
[gate] IWM/USDT 79 held back — only 2/3 confirming scans so far
[gate] BNB/USDT blocked — Event move still unresolved — no lower high / structure break yet — still inside the vertical
[gate] AVAX/USDT blocked — R:R 0.58 below 1.2 (no room to next pool)
[gate] STX/USDT blocked — R:R 1.02 below 1.2 (no room to next pool)
[gate] TIA/USDT blocked — R:R 0.44 below 1.2 (no room to next pool)
[gate] AMZN/USDT 73 held back — held threshold for only 2/3 consecutive scans
[19:07:54] Scan #483 | 87/87 fed | 25 candidates | 0 shadow | 86 reused | 0 dispatched | 2.6s | floor=72.0
[redis-sync] Pushed state to Upstash Redis (12 files, resolved trades)
[corr] 1 correlated peers dropped in favour of the strongest in each group
[gate] BONK/USDT blocked — R:R 0.42 below 1.2 (no room to next pool)
[gate] DOT/USDT blocked — Event move still unresolved — peak is too recent — no structure yet
[gate] LMT/USDT blocked — Event move still unresolved — no lower high / structure break yet — still inside the vertical
[gate] BNB/USDT blocked — Event move still unresolved — no lower high / structure break yet — still inside the vertical
[gate] ABNB/USDT blocked — R:R 1.00 below 1.2 (no room to next pool)
[gate] TSLA/USDT blocked — R:R 1.00 below 1.2 (no room to next pool)
[gate] IWM/USDT blocked — Event move still unresolved — peak is too recent — no structure yet
[gate] STX/USDT blocked — R:R 1.02 below 1.2 (no room to next pool)
[gate] AVAX/USDT blocked — R:R 0.63 below 1.2 (no room to next pool)
[gate] AMZN/USDT blocked — Event move still unresolved — peak is too recent — no structure yet
[gate] TIA/USDT blocked — R:R 0.59 below 1.2 (no room to next pool)
[19:08:15] Scan #484 | 87/87 fed | 25 candidates | 0 shadow | 86 reused | 0 dispatched | 5.7s | floor=72.0
[redis-sync] Pushed state to Upstash Redis (12 files, resolved trades)
[redis-sync] Pushed state to Upstash Redis (12 files, resolved trades)
[corr] 1 correlated peers dropped in favour of the strongest in each group
[gate] BONK/USDT blocked — R:R 0.42 below 1.2 (no room to next pool)
[gate] DOT/USDT blocked — Event move still unresolved — peak is too recent — no structure yet
[gate] LMT/USDT blocked — Event move still unresolved — no lower high / structure break yet — still inside the vertical
[gate] BNB/USDT blocked — Event move still unresolved — no lower high / structure break yet — still inside the vertical
[gate] ABNB/USDT blocked — R:R 1.00 below 1.2 (no room to next pool)
[gate] TSLA/USDT blocked — R:R 1.00 below 1.2 (no room to next pool)
[gate] STX/USDT blocked — R:R 1.02 below 1.2 (no room to next pool)
[gate] AVAX/USDT blocked — R:R 0.63 below 1.2 (no room to next pool)
[gate] AMZN/USDT blocked — Event move still unresolved — peak is too recent — no structure yet
[gate] TIA/USDT blocked — R:R 0.59 below 1.2 (no room to next pool)
[19:08:35] Scan #485 | 87/87 fed | 24 candidates | 0 shadow | 86 reused | 0 dispatched | 4.8s | floor=72.0
[redis-sync] Pushed state to Upstash Redis (12 files, resolved trades)
[redis-sync] Pushed state to Upstash Redis (12 files, resolved trades)
[corr] 1 correlated peers dropped in favour of the strongest in each group
[gate] BONK/USDT blocked — R:R 0.42 below 1.2 (no room to next pool)
[gate] DOT/USDT blocked — Event move still unresolved — peak is too recent — no structure yet
[gate] LMT/USDT blocked — Event move still unresolved — no lower high / structure break yet — still inside the vertical
[gate] BNB/USDT blocked — Event move still unresolved — no lower high / structure break yet — still inside the vertical
[gate] ABNB/USDT blocked — R:R 1.00 below 1.2 (no room to next pool)
[gate] TSLA/USDT blocked — R:R 1.00 below 1.2 (no room to next pool)
[gate] STX/USDT blocked — R:R 1.02 below 1.2 (no room to next pool)
[gate] AVAX/USDT blocked — R:R 0.63 below 1.2 (no room to next pool)
[gate] AMZN/USDT blocked — Event move still unresolved — peak is too recent — no structure yet
[gate] TIA/USDT blocked — R:R 0.59 below 1.2 (no room to next pool)
[19:08:52] Scan #486 | 87/87 fed | 24 candidates | 0 shadow | 86 reused | 0 dispatched | 2.1s | floor=72.0
[redis-sync] Pushed state to Upstash Redis (12 files, resolved trades)
[redis-sync] Pushed state to Upstash Redis (12 files, resolved trades)
[corr] 1 correlated peers dropped in favour of the strongest in each group
[gate] BONK/USDT blocked — R:R 0.42 below 1.2 (no room to next pool)
[gate] DOT/USDT blocked — Event move still unresolved — peak is too recent — no structure yet
[gate] LMT/USDT blocked — Event move still unresolved — no lower high / structure break yet — still inside the vertical
[gate] ABNB/USDT blocked — R:R 1.00 below 1.2 (no room to next pool)
[gate] TSLA/USDT blocked — R:R 1.00 below 1.2 (no room to next pool)
[gate] BNB/USDT blocked — Event move still unresolved — no lower high / structure break yet — still inside the vertical
[gate] AVAX/USDT blocked — R:R 0.53 below 1.2 (no room to next pool)
[gate] STX/USDT blocked — R:R 1.02 below 1.2 (no room to next pool)
[gate] TIA/USDT blocked — R:R 0.51 below 1.2 (no room to next pool)
[gate] AMZN/USDT blocked — Event move still unresolved — peak is too recent — no structure yet
[19:09:11] Scan #487 | 87/87 fed | 24 candidates | 0 shadow | 86 reused | 0 dispatched | 3.7s | floor=72.0
[redis-sync] Pushed state to Upstash Redis (12 files, resolved trades)
[redis-sync] Pushed state to Upstash Redis (12 files, resolved trades)
[redis-sync] Pushed state to Upstash Redis (12 files, resolved trades)
[corr] 1 correlated peers dropped in favour of the strongest in each group
[gate] BONK/USDT blocked — R:R 0.42 below 1.2 (no room to next pool)
[gate] DOT/USDT blocked — Event move still unresolved — peak is too recent — no structure yet
[gate] LMT/USDT blocked — Event move still unresolved — no lower high / structure break yet — still inside the vertical
[gate] ABNB/USDT blocked — R:R 1.00 below 1.2 (no room to next pool)
[gate] BNB/USDT blocked — Event move still unresolved — no lower high / structure break yet — still inside the vertical
[gate] TSLA/USDT blocked — R:R 1.00 below 1.2 (no room to next pool)
[gate] AVAX/USDT blocked — R:R 0.53 below 1.2 (no room to next pool)
[gate] STX/USDT blocked — R:R 1.02 below 1.2 (no room to next pool)
[gate] TIA/USDT blocked — R:R 0.51 below 1.2 (no room to next pool)
[gate] AMZN/USDT blocked — Event move still unresolved — peak is too recent — no structure yet
[19:09:44] Scan #488 | 87/87 fed | 24 candidates | 0 shadow | 86 reused | 0 dispatched | 18.7s | floor=72.0
[corr] 1 correlated peers dropped in favour of the strongest in each group
[gate] BONK/USDT blocked — R:R 0.42 below 1.2 (no room to next pool)
[gate] DOT/USDT blocked — Event move still unresolved — peak is too recent — no structure yet
[gate] LMT/USDT blocked — Event move still unresolved — no lower high / structure break yet — still inside the vertical
[gate] ABNB/USDT blocked — R:R 1.00 below 1.2 (no room to next pool)
[gate] BNB/USDT blocked — Event move still unresolved — no lower high / structure break yet — still inside the vertical
[gate] TSLA/USDT blocked — R:R 1.00 below 1.2 (no room to next pool)
[gate] AVAX/USDT blocked — R:R 0.53 below 1.2 (no room to next pool)
[gate] STX/USDT blocked — R:R 1.02 below 1.2 (no room to next pool)
[gate] TIA/USDT blocked — R:R 0.51 below 1.2 (no room to next pool)
[gate] AMZN/USDT blocked — Event move still unresolved — peak is too recent — no structure yet
[19:10:14] Scan #489 | 87/87 fed | 24 candidates | 0 shadow | 86 reused | 0 dispatched | 14.4s | floor=72.0
[news] settled 250 term observations
[corr] 1 correlated peers dropped in favour of the strongest in each group
[gate] BONK/USDT blocked — R:R 0.42 below 1.2 (no room to next pool)
[gate] DOT/USDT blocked — Event move still unresolved — peak is too recent — no structure yet
[gate] LMT/USDT blocked — Event move still unresolved — no lower high / structure break yet — still inside the vertical
[gate] BNB/USDT blocked — Event move still unresolved — no lower high / structure break yet — still inside the vertical
[gate] ABNB/USDT blocked — R:R 1.00 below 1.2 (no room to next pool)
[gate] TSLA/USDT blocked — R:R 1.00 below 1.2 (no room to next pool)
[gate] STX/USDT blocked — R:R 0.99 below 1.2 (no room to next pool)
[gate] AVAX/USDT blocked — R:R 0.63 below 1.2 (no room to next pool)
[gate] TIA/USDT blocked — R:R 0.48 below 1.2 (no room to next pool)
[gate] AMZN/USDT blocked — Event move still unresolved — peak is too recent — no structure yet
[19:10:43] Scan #490 | 87/87 fed | 24 candidates | 0 shadow | 86 reused | 0 dispatched | 14.6s | floor=72.0
[news] settled 170 term observations
[corr] 1 correlated peers dropped in favour of the strongest in each group
[gate] BONK/USDT blocked — R:R 0.42 below 1.2 (no room to next pool)
[gate] DOT/USDT blocked — Event move still unresolved — peak is too recent — no structure yet
[gate] LMT/USDT blocked — Event move still unresolved — no lower high / structure break yet — still inside the vertical
[gate] BNB/USDT blocked — Event move still unresolved — no lower high / structure break yet — still inside the vertical
[gate] ABNB/USDT blocked — R:R 1.00 below 1.2 (no room to next pool)
[gate] TSLA/USDT blocked — R:R 1.00 below 1.2 (no room to next pool)
[gate] STX/USDT blocked — R:R 0.99 below 1.2 (no room to next pool)
[gate] AVAX/USDT blocked — R:R 0.63 below 1.2 (no room to next pool)
[gate] TIA/USDT blocked — R:R 0.48 below 1.2 (no room to next pool)
[gate] AMZN/USDT blocked — Event move still unresolved — peak is too recent — no structure yet
[19:11:00] Scan #491 | 87/87 fed | 25 candidates | 0 shadow | 86 reused | 0 dispatched | 1.4s | floor=72.0
[corr] 1 correlated peers dropped in favour of the strongest in each group
[gate] BONK/USDT blocked — R:R 0.42 below 1.2 (no room to next pool)
[gate] DOT/USDT blocked — Event move still unresolved — peak is too recent — no structure yet
[gate] LMT/USDT blocked — Event move still unresolved — no lower high / structure break yet — still inside the vertical
[gate] BNB/USDT blocked — Event move still unresolved — no lower high / structure break yet — still inside the vertical
[gate] ABNB/USDT blocked — R:R 1.00 below 1.2 (no room to next pool)
[gate] TSLA/USDT blocked — R:R 1.00 below 1.2 (no room to next pool)
[gate] STX/USDT blocked — R:R 0.99 below 1.2 (no room to next pool)
[gate] AVAX/USDT blocked — R:R 0.58 below 1.2 (no room to next pool)
[gate] TIA/USDT blocked — R:R 0.48 below 1.2 (no room to next pool)
[gate] AMZN/USDT blocked — Event move still unresolved — peak is too recent — no structure yet
[19:11:19] Scan #492 | 87/87 fed | 25 candidates | 0 shadow | 86 reused | 0 dispatched | 3.8s | floor=72.0
[corr] 1 correlated peers dropped in favour of the strongest in each group
[gate] BONK/USDT blocked — R:R 0.42 below 1.2 (no room to next pool)
[gate] DOT/USDT blocked — Event move still unresolved — peak is too recent — no structure yet
[gate] LMT/USDT blocked — Event move still unresolved — no lower high / structure break yet — still inside the vertical
[gate] BNB/USDT blocked — Event move still unresolved — no lower high / structure break yet — still inside the vertical
[gate] ABNB/USDT blocked — R:R 1.00 below 1.2 (no room to next pool)
[gate] TSLA/USDT blocked — R:R 1.00 below 1.2 (no room to next pool)
[gate] STX/USDT blocked — R:R 0.99 below 1.2 (no room to next pool)
[gate] AVAX/USDT blocked — R:R 0.58 below 1.2 (no room to next pool)
[gate] TIA/USDT blocked — R:R 0.48 below 1.2 (no room to next pool)
[gate] AMZN/USDT blocked — Event move still unresolved — peak is too recent — no structure yet
[19:11:40] Scan #493 | 87/87 fed | 25 candidates | 0 shadow | 86 reused | 0 dispatched | 6.6s | floor=72.0
[corr] 1 correlated peers dropped in favour of the strongest in each group
[gate] BONK/USDT blocked — R:R 0.42 below 1.2 (no room to next pool)
[gate] DOT/USDT blocked — Event move still unresolved — peak is too recent — no structure yet
[gate] LMT/USDT blocked — Event move still unresolved — no lower high / structure break yet — still inside the vertical
[gate] BNB/USDT blocked — Event move still unresolved — no lower high / structure break yet — still inside the vertical
[gate] ABNB/USDT blocked — R:R 1.00 below 1.2 (no room to next pool)
[gate] TSLA/USDT blocked — R:R 1.00 below 1.2 (no room to next pool)
[gate] STX/USDT blocked — R:R 0.99 below 1.2 (no room to next pool)
[gate] AVAX/USDT blocked — R:R 0.58 below 1.2 (no room to next pool)
[gate] TIA/USDT blocked — R:R 0.48 below 1.2 (no room to next pool)
[gate] AMZN/USDT blocked — Event move still unresolved — peak is too recent — no structure yet
[19:11:56] Scan #494 | 87/87 fed | 25 candidates | 0 shadow | 86 reused | 0 dispatched | 0.8s | floor=72.0
[corr] 1 correlated peers dropped in favour of the strongest in each group
[gate] BONK/USDT blocked — R:R 0.42 below 1.2 (no room to next pool)
[gate] DOT/USDT blocked — Event move still unresolved — peak is too recent — no structure yet
[gate] LMT/USDT blocked — Event move still unresolved — no lower high / structure break yet — still inside the vertical
[gate] BNB/USDT blocked — Event move still unresolved — no lower high / structure break yet — still inside the vertical
[gate] ABNB/USDT blocked — R:R 1.00 below 1.2 (no room to next pool)
[gate] TSLA/USDT blocked — R:R 1.00 below 1.2 (no room to next pool)
[gate] STX/USDT blocked — R:R 0.99 below 1.2 (no room to next pool)
[gate] TIA/USDT blocked — R:R 0.48 below 1.2 (no room to next pool)
[gate] AVAX/USDT blocked — R:R 0.66 below 1.2 (no room to next pool)
[gate] AMZN/USDT blocked — Event move still unresolved — peak is too recent — no structure yet
[19:12:14] Scan #495 | 87/87 fed | 25 candidates | 0 shadow | 86 reused | 0 dispatched | 3.5s | floor=72.0
[news] settled 47 term observations
[corr] 1 correlated peers dropped in favour of the strongest in each group
[gate] BONK/USDT blocked — R:R 0.42 below 1.2 (no room to next pool)
[gate] DOT/USDT blocked — Event move still unresolved — peak is too recent — no structure yet
[gate] LMT/USDT blocked — Event move still unresolved — no lower high / structure break yet — still inside the vertical
[gate] BNB/USDT blocked — Event move still unresolved — no lower high / structure break yet — still inside the vertical
[gate] ABNB/USDT blocked — R:R 1.00 below 1.2 (no room to next pool)
[gate] TSLA/USDT blocked — R:R 1.00 below 1.2 (no room to next pool)
[gate] STX/USDT blocked — R:R 0.99 below 1.2 (no room to next pool)
[gate] TIA/USDT blocked — R:R 0.48 below 1.2 (no room to next pool)
[gate] AVAX/USDT blocked — R:R 0.66 below 1.2 (no room to next pool)
[gate] AMZN/USDT blocked — Event move still unresolved — peak is too recent — no structure yet
[19:12:36] Scan #496 | 87/87 fed | 25 candidates | 0 shadow | 86 reused | 0 dispatched | 6.7s | floor=72.0
[corr] 1 correlated peers dropped in favour of the strongest in each group
[gate] BONK/USDT blocked — R:R 0.42 below 1.2 (no room to next pool)
[gate] DOT/USDT blocked — Event move still unresolved — peak is too recent — no structure yet
[gate] LMT/USDT blocked — Event move still unresolved — no lower high / structure break yet — still inside the vertical
[gate] BNB/USDT blocked — Event move still unresolved — no lower high / structure break yet — still inside the vertical
[gate] ABNB/USDT blocked — R:R 1.00 below 1.2 (no room to next pool)
[gate] TSLA/USDT blocked — R:R 1.00 below 1.2 (no room to next pool)
[gate] STX/USDT blocked — R:R 0.99 below 1.2 (no room to next pool)
[gate] TIA/USDT blocked — R:R 0.48 below 1.2 (no room to next pool)
[gate] AVAX/USDT blocked — R:R 0.66 below 1.2 (no room to next pool)
[gate] AMZN/USDT blocked — Event move still unresolved — peak is too recent — no structure yet
[19:12:52] Scan #497 | 87/87 fed | 25 candidates | 0 shadow | 86 reused | 0 dispatched | 0.9s | floor=72.0
[corr] 1 correlated peers dropped in favour of the strongest in each group
[gate] BONK/USDT blocked — R:R 0.42 below 1.2 (no room to next pool)
[gate] LMT/USDT blocked — Event move still unresolved — no lower high / structure break yet — still inside the vertical
[gate] BNB/USDT blocked — Event move still unresolved — no lower high / structure break yet — still inside the vertical
[gate] DOT/USDT blocked — Event move still unresolved — peak is too recent — no structure yet
[gate] ABNB/USDT blocked — R:R 1.00 below 1.2 (no room to next pool)
[gate] TSLA/USDT blocked — R:R 1.00 below 1.2 (no room to next pool)
[gate] STX/USDT blocked — R:R 0.99 below 1.2 (no room to next pool)
[gate] TIA/USDT blocked — R:R 0.38 below 1.2 (no room to next pool)
[gate] AVAX/USDT blocked — R:R 0.61 below 1.2 (no room to next pool)
[gate] AMZN/USDT blocked — Event move still unresolved — peak is too recent — no structure yet
[19:13:11] Scan #498 | 87/87 fed | 25 candidates | 0 shadow | 86 reused | 0 dispatched | 4.3s | floor=72.0
[corr] 1 correlated peers dropped in favour of the strongest in each group
[gate] BONK/USDT blocked — R:R 0.42 below 1.2 (no room to next pool)
[gate] LMT/USDT blocked — Event move still unresolved — no lower high / structure break yet — still inside the vertical
[gate] BNB/USDT blocked — Event move still unresolved — no lower high / structure break yet — still inside the vertical
[gate] DOT/USDT blocked — Event move still unresolved — peak is too recent — no structure yet
[gate] ABNB/USDT blocked — R:R 1.00 below 1.2 (no room to next pool)
[gate] TSLA/USDT blocked — R:R 1.00 below 1.2 (no room to next pool)
[gate] STX/USDT blocked — R:R 0.99 below 1.2 (no room to next pool)
[gate] TIA/USDT blocked — R:R 0.38 below 1.2 (no room to next pool)
[gate] AVAX/USDT blocked — R:R 0.61 below 1.2 (no room to next pool)
[gate] AMZN/USDT blocked — Event move still unresolved — peak is too recent — no structure yet
[19:13:33] Scan #499 | 87/87 fed | 25 candidates | 0 shadow | 86 reused | 0 dispatched | 6.5s | floor=72.0
[corr] 1 correlated peers dropped in favour of the strongest in each group
[gate] BONK/USDT blocked — R:R 0.42 below 1.2 (no room to next pool)
[gate] LMT/USDT blocked — Event move still unresolved — no lower high / structure break yet — still inside the vertical
[gate] BNB/USDT blocked — Event move still unresolved — no lower high / structure break yet — still inside the vertical
[gate] DOT/USDT blocked — Event move still unresolved — peak is too recent — no structure yet
[gate] ABNB/USDT blocked — R:R 1.00 below 1.2 (no room to next pool)
[gate] TSLA/USDT blocked — R:R 1.00 below 1.2 (no room to next pool)
[gate] STX/USDT blocked — R:R 0.99 below 1.2 (no room to next pool)
[gate] TIA/USDT blocked — R:R 0.38 below 1.2 (no room to next pool)
[gate] AVAX/USDT blocked — R:R 0.61 below 1.2 (no room to next pool)
[gate] AMZN/USDT blocked — Event move still unresolved — peak is too recent — no structure yet
[19:13:49] Scan #500 | 87/87 fed | 25 candidates | 0 shadow | 86 reused | 0 dispatched | 0.8s | floor=72.0
[corr] 1 correlated peers dropped in favour of the strongest in each group
[gate] BONK/USDT blocked — R:R 0.42 below 1.2 (no room to next pool)
[gate] LMT/USDT blocked — Event move still unresolved — no lower high / structure break yet — still inside the vertical
[gate] DOT/USDT blocked — Event move still unresolved — peak is too recent — no structure yet
[gate] BNB/USDT blocked — Event move still unresolved — no lower high / structure break yet — still inside the vertical
[gate] ABNB/USDT blocked — R:R 1.00 below 1.2 (no room to next pool)
[gate] TSLA/USDT blocked — R:R 1.00 below 1.2 (no room to next pool)
[gate] AVAX/USDT blocked — R:R 0.46 below 1.2 (no room to next pool)
[gate] STX/USDT blocked — R:R 0.99 below 1.2 (no room to next pool)
[gate] AMZN/USDT blocked — Event move still unresolved — peak is too recent — no structure yet
[gate] INTC/USDT 72 held back — held threshold for only 1/3 consecutive scans
[19:14:07] Scan #501 | 87/87 fed | 25 candidates | 0 shadow | 86 reused | 0 dispatched | 3.6s | floor=72.0
[corr] 1 correlated peers dropped in favour of the strongest in each group
[gate] BONK/USDT blocked — R:R 0.42 below 1.2 (no room to next pool)
[gate] LMT/USDT blocked — Event move still unresolved — no lower high / structure break yet — still inside the vertical
[gate] DOT/USDT blocked — Event move still unresolved — peak is too recent — no structure yet
[gate] BNB/USDT blocked — Event move still unresolved — no lower high / structure break yet — still inside the vertical
[gate] ABNB/USDT blocked — R:R 1.00 below 1.2 (no room to next pool)
[gate] TSLA/USDT blocked — R:R 1.00 below 1.2 (no room to next pool)
[gate] AVAX/USDT blocked — R:R 0.46 below 1.2 (no room to next pool)
[gate] STX/USDT blocked — R:R 0.99 below 1.2 (no room to next pool)
[gate] AMZN/USDT blocked — Event move still unresolved — peak is too recent — no structure yet
[gate] INTC/USDT 72 held back — held threshold for only 2/3 consecutive scans
[19:14:38] Scan #502 | 87/87 fed | 25 candidates | 0 shadow | 86 reused | 0 dispatched | 15.4s | floor=72.0
[corr] 1 correlated peers dropped in favour of the strongest in each group
[gate] BONK/USDT blocked — R:R 0.42 below 1.2 (no room to next pool)
[gate] LMT/USDT blocked — Event move still unresolved — no lower high / structure break yet — still inside the vertical
[gate] DOT/USDT blocked — Event move still unresolved — peak is too recent — no structure yet
[gate] BNB/USDT blocked — Event move still unresolved — no lower high / structure break yet — still inside the vertical
[gate] ABNB/USDT blocked — R:R 1.00 below 1.2 (no room to next pool)
[gate] TSLA/USDT blocked — R:R 1.00 below 1.2 (no room to next pool)
[gate] AVAX/USDT blocked — R:R 0.46 below 1.2 (no room to next pool)
[gate] STX/USDT blocked — R:R 0.99 below 1.2 (no room to next pool)
[gate] AMZN/USDT blocked — Event move still unresolved — peak is too recent — no structure yet
[gate] INTC/USDT blocked — Event move still unresolved — no lower high / structure break yet — still inside the vertical
[19:15:43] Scan #503 | 87/87 fed | 25 candidates | 0 shadow | 86 reused | 0 dispatched | 50.0s | floor=72.0
[news] settled 552 term observations
[corr] 5 correlated peers dropped in favour of the strongest in each group
[gate] BNB/USDT blocked — Event move still unresolved — no lower high / structure break yet — still inside the vertical
[gate] LMT/USDT blocked — Event move still unresolved — no lower high / structure break yet — still inside the vertical
[gate] AVAX/USDT blocked — R:R 0.38 below 1.2 (no room to next pool)
[gate] W/USDT 81 held back — only 1/3 confirming scans so far
[gate] ABNB/USDT blocked — R:R 1.00 below 1.2 (no room to next pool)
[gate] IWM/USDT blocked — Event move still unresolved — peak is too recent — no structure yet
[gate] DOT/USDT blocked — R:R 1.00 below 1.2 (no room to next pool)
[gate] NKE/USDT 75 held back — only 1/3 confirming scans so far
[19:16:40] Scan #504 | 87/87 fed | 23 candidates | 3 shadow | 0 reused | 0 dispatched | 42.1s | floor=72.0
[news] settled 121 term observations
[corr] 5 correlated peers dropped in favour of the strongest in each group
[gate] BNB/USDT blocked — Event move still unresolved — no lower high / structure break yet — still inside the vertical
[gate] LMT/USDT blocked — Event move still unresolved — no lower high / structure break yet — still inside the vertical
[gate] AVAX/USDT blocked — R:R 0.38 below 1.2 (no room to next pool)
[gate] W/USDT 81 held back — only 2/3 confirming scans so far
[gate] ABNB/USDT blocked — R:R 1.00 below 1.2 (no room to next pool)
[gate] IWM/USDT blocked — Event move still unresolved — peak is too recent — no structure yet
[gate] NKE/USDT 77 held back — only 2/3 confirming scans so far
[gate] DOT/USDT blocked — R:R 1.00 below 1.2 (no room to next pool)
[19:16:58] Scan #505 | 87/87 fed | 23 candidates | 0 shadow | 86 reused | 0 dispatched | 3.3s | floor=72.0
[news] settled 15 term observations
[corr] 5 correlated peers dropped in favour of the strongest in each group
[gate] BNB/USDT blocked — Event move still unresolved — no lower high / structure break yet — still inside the vertical
[gate] LMT/USDT blocked — Event move still unresolved — no lower high / structure break yet — still inside the vertical
[gate] ABNB/USDT blocked — R:R 1.00 below 1.2 (no room to next pool)
[gate] AVAX/USDT blocked — R:R 0.65 below 1.2 (no room to next pool)
[gate] W/USDT blocked — R:R 0.62 below 1.2 (no room to next pool)
[gate] IWM/USDT blocked — Event move still unresolved — peak is too recent — no structure yet
[gate] DOT/USDT blocked — R:R 1.00 below 1.2 (no room to next pool)
[gate] NKE/USDT blocked — R:R 1.00 below 1.2 (no room to next pool)
[19:17:22] Scan #506 | 87/87 fed | 23 candidates | 0 shadow | 86 reused | 0 dispatched | 9.2s | floor=72.0
[corr] 4 correlated peers dropped in favour of the strongest in each group
[gate] BNB/USDT blocked — Event move still unresolved — no lower high / structure break yet — still inside the vertical
[gate] LMT/USDT blocked — Event move still unresolved — no lower high / structure break yet — still inside the vertical
[gate] ABNB/USDT blocked — R:R 1.00 below 1.2 (no room to next pool)
[gate] AVAX/USDT blocked — R:R 0.65 below 1.2 (no room to next pool)
[gate] W/USDT blocked — R:R 0.62 below 1.2 (no room to next pool)
[gate] IWM/USDT blocked — Event move still unresolved — peak is too recent — no structure yet
[gate] DOT/USDT blocked — R:R 1.00 below 1.2 (no room to next pool)
[gate] NKE/USDT blocked — R:R 1.00 below 1.2 (no room to next pool)
[19:17:43] Scan #507 | 87/87 fed | 24 candidates | 1 shadow | 86 reused | 0 dispatched | 5.6s | floor=72.0
[news] settled 21 term observations
[corr] 4 correlated peers dropped in favour of the strongest in each group
[gate] BNB/USDT blocked — Event move still unresolved — no lower high / structure break yet — still inside the vertical
[gate] LMT/USDT blocked — Event move still unresolved — no lower high / structure break yet — still inside the vertical
[gate] ABNB/USDT blocked — R:R 1.00 below 1.2 (no room to next pool)
[gate] AVAX/USDT blocked — R:R 0.65 below 1.2 (no room to next pool)
[gate] W/USDT blocked — R:R 0.62 below 1.2 (no room to next pool)
[gate] IWM/USDT blocked — Event move still unresolved — peak is too recent — no structure yet
[gate] DOT/USDT blocked — R:R 1.00 below 1.2 (no room to next pool)
[gate] NKE/USDT blocked — R:R 1.00 below 1.2 (no room to next pool)
[19:18:01] Scan #508 | 87/87 fed | 24 candidates | 0 shadow | 86 reused | 0 dispatched | 2.8s | floor=72.0
[corr] 4 correlated peers dropped in favour of the strongest in each group
[gate] BNB/USDT blocked — Event move still unresolved — no lower high / structure break yet — still inside the vertical
[gate] LMT/USDT blocked — Event move still unresolved — no lower high / structure break yet — still inside the vertical
[gate] ABNB/USDT blocked — R:R 1.00 below 1.2 (no room to next pool)
[gate] AVAX/USDT blocked — R:R 0.65 below 1.2 (no room to next pool)
[gate] IWM/USDT blocked — Event move still unresolved — peak is too recent — no structure yet
[gate] W/USDT blocked — R:R 0.70 below 1.2 (no room to next pool)
[gate] NKE/USDT blocked — R:R 1.00 below 1.2 (no room to next pool)
[gate] DOT/USDT blocked — R:R 1.00 below 1.2 (no room to next pool)
[19:18:27] Scan #509 | 87/87 fed | 24 candidates | 0 shadow | 86 reused | 0 dispatched | 11.5s | floor=72.0
[corr] 4 correlated peers dropped in favour of the strongest in each group
[gate] BNB/USDT blocked — Event move still unresolved — no lower high / structure break yet — still inside the vertical
[gate] LMT/USDT blocked — Event move still unresolved — no lower high / structure break yet — still inside the vertical
[gate] ABNB/USDT blocked — R:R 1.00 below 1.2 (no room to next pool)
[gate] AVAX/USDT blocked — R:R 0.65 below 1.2 (no room to next pool)
[gate] IWM/USDT blocked — Event move still unresolved — peak is too recent — no structure yet
[gate] W/USDT blocked — R:R 0.70 below 1.2 (no room to next pool)
[gate] NKE/USDT blocked — R:R 1.00 below 1.2 (no room to next pool)
[gate] DOT/USDT blocked — R:R 1.00 below 1.2 (no room to next pool)
[19:18:46] Scan #510 | 87/87 fed | 24 candidates | 0 shadow | 86 reused | 0 dispatched | 3.9s | floor=72.0
[corr] 4 correlated peers dropped in favour of the strongest in each group
[gate] BNB/USDT blocked — Event move still unresolved — no lower high / structure break yet — still inside the vertical
[gate] LMT/USDT blocked — Event move still unresolved — no lower high / structure break yet — still inside the vertical
[gate] ABNB/USDT blocked — R:R 1.00 below 1.2 (no room to next pool)
[gate] AVAX/USDT blocked — R:R 0.65 below 1.2 (no room to next pool)
[gate] IWM/USDT blocked — Event move still unresolved — peak is too recent — no structure yet
[gate] W/USDT blocked — R:R 0.70 below 1.2 (no room to next pool)
[gate] NKE/USDT blocked — R:R 1.00 below 1.2 (no room to next pool)
[gate] DOT/USDT blocked — R:R 1.00 below 1.2 (no room to next pool)
[19:19:02] Scan #511 | 87/87 fed | 23 candidates | 0 shadow | 86 reused | 0 dispatched | 1.2s | floor=72.0
[corr] 4 correlated peers dropped in favour of the strongest in each group
[gate] LMT/USDT blocked — Event move still unresolved — no lower high / structure break yet — still inside the vertical
[gate] BNB/USDT blocked — Event move still unresolved — no lower high / structure break yet — still inside the vertical
[gate] ABNB/USDT blocked — R:R 1.00 below 1.2 (no room to next pool)
[gate] AVAX/USDT blocked — R:R 0.59 below 1.2 (no room to next pool)
[gate] IWM/USDT blocked — Event move still unresolved — peak is too recent — no structure yet
[gate] W/USDT blocked — R:R 0.73 below 1.2 (no room to next pool)
[gate] DOT/USDT blocked — R:R 1.00 below 1.2 (no room to next pool)
[gate] NKE/USDT blocked — R:R 1.00 below 1.2 (no room to next pool)
[19:19:30] Scan #512 | 87/87 fed | 24 candidates | 0 shadow | 86 reused | 0 dispatched | 12.6s | floor=72.0
[redis-sync] Pushed state to Upstash Redis (12 files, periodic)
[shadow] BABA/USDT SHORT -> TP2_HIT (+0.71%) DERIV_CONFLICT,NEWS_ALIGNED
[shadow] ABNB/USDT SHORT -> TP1_HIT (+1.95%) NEWS_CONFLICT
[corr] 4 correlated peers dropped in favour of the strongest in each group
[gate] LMT/USDT blocked — Event move still unresolved — no lower high / structure break yet — still inside the vertical
[gate] BNB/USDT blocked — Event move still unresolved — no lower high / structure break yet — still inside the vertical
[gate] ABNB/USDT blocked — R:R 1.00 below 1.2 (no room to next pool)
[gate] AVAX/USDT blocked — R:R 0.59 below 1.2 (no room to next pool)
[gate] IWM/USDT blocked — Event move still unresolved — peak is too recent — no structure yet
[gate] W/USDT blocked — R:R 0.73 below 1.2 (no room to next pool)
[gate] DOT/USDT blocked — R:R 1.00 below 1.2 (no room to next pool)
[gate] NKE/USDT blocked — R:R 1.00 below 1.2 (no room to next pool)
[19:19:50] Scan #513 | 87/87 fed | 24 candidates | 2 shadow | 86 reused | 0 dispatched | 5.4s | floor=72.0
[redis-sync] Pushed state to Upstash Redis (12 files, resolved trades)
[corr] 4 correlated peers dropped in favour of the strongest in each group
[gate] LMT/USDT blocked — Event move still unresolved — no lower high / structure break yet — still inside the vertical
[gate] BNB/USDT blocked — Event move still unresolved — no lower high / structure break yet — still inside the vertical
[gate] AVAX/USDT blocked — R:R 0.54 below 1.2 (no room to next pool)
[gate] ABNB/USDT blocked — R:R 1.00 below 1.2 (no room to next pool)
[gate] W/USDT blocked — R:R 0.71 below 1.2 (no room to next pool)
[gate] DOT/USDT blocked — R:R 1.00 below 1.2 (no room to next pool)
[gate] NKE/USDT blocked — R:R 1.00 below 1.2 (no room to next pool)
[gate] IWM/USDT blocked — Event move still unresolved — peak is too recent — no structure yet
[19:20:39] Scan #514 | 87/87 fed | 24 candidates | 0 shadow | 86 reused | 0 dispatched | 33.5s | floor=72.0
[news] settled 76 term observations
[corr] 4 correlated peers dropped in favour of the strongest in each group
[gate] LMT/USDT blocked — Event move still unresolved — no lower high / structure break yet — still inside the vertical
[gate] BNB/USDT blocked — Event move still unresolved — no lower high / structure break yet — still inside the vertical
[gate] AVAX/USDT blocked — R:R 0.54 below 1.2 (no room to next pool)
[gate] ABNB/USDT blocked — R:R 1.00 below 1.2 (no room to next pool)
[gate] W/USDT blocked — R:R 0.71 below 1.2 (no room to next pool)
[gate] DOT/USDT blocked — R:R 1.00 below 1.2 (no room to next pool)
[gate] NKE/USDT blocked — R:R 1.00 below 1.2 (no room to next pool)
[gate] PLTR/USDT 76 held back — held threshold for only 1/3 consecutive scans
[gate] IWM/USDT blocked — Event move still unresolved — peak is too recent — no structure yet
[19:20:59] Scan #515 | 87/87 fed | 24 candidates | 0 shadow | 86 reused | 0 dispatched | 4.7s | floor=72.0
[corr] 5 correlated peers dropped in favour of the strongest in each group
[gate] BNB/USDT blocked — Event move still unresolved — no lower high / structure break yet — still inside the vertical
[gate] LMT/USDT blocked — Event move still unresolved — no lower high / structure break yet — still inside the vertical
[gate] AVAX/USDT blocked — R:R 0.45 below 1.2 (no room to next pool)
[gate] ABNB/USDT blocked — R:R 1.00 below 1.2 (no room to next pool)
[gate] W/USDT blocked — R:R 0.66 below 1.2 (no room to next pool)
[gate] PLTR/USDT 77 held back — held threshold for only 2/3 consecutive scans
[gate] NKE/USDT blocked — R:R 1.00 below 1.2 (no room to next pool)
[gate] DOT/USDT blocked — R:R 1.00 below 1.2 (no room to next pool)
[gate] IWM/USDT blocked — Event move still unresolved — peak is too recent — no structure yet
[19:21:40] Scan #516 | 87/87 fed | 25 candidates | 0 shadow | 86 reused | 0 dispatched | 26.2s | floor=72.0
[corr] 5 correlated peers dropped in favour of the strongest in each group
[gate] BNB/USDT blocked — Event move still unresolved — no lower high / structure break yet — still inside the vertical
[gate] LMT/USDT blocked — Event move still unresolved — no lower high / structure break yet — still inside the vertical
[gate] AVAX/USDT blocked — R:R 0.45 below 1.2 (no room to next pool)
[gate] ABNB/USDT blocked — R:R 1.00 below 1.2 (no room to next pool)
[gate] W/USDT blocked — R:R 0.66 below 1.2 (no room to next pool)
[gate] PLTR/USDT blocked — Event move still unresolved — peak is too recent — no structure yet
[gate] NKE/USDT blocked — R:R 1.00 below 1.2 (no room to next pool)
[gate] DOT/USDT blocked — R:R 1.00 below 1.2 (no room to next pool)
[gate] IWM/USDT blocked — Event move still unresolved — peak is too recent — no structure yet
[19:21:59] Scan #517 | 87/87 fed | 25 candidates | 0 shadow | 86 reused | 0 dispatched | 4.5s | floor=72.0
[corr] 5 correlated peers dropped in favour of the strongest in each group
[gate] BNB/USDT blocked — Event move still unresolved — no lower high / structure break yet — still inside the vertical
[gate] LMT/USDT blocked — Event move still unresolved — no lower high / structure break yet — still inside the vertical
[gate] ABNB/USDT blocked — R:R 1.00 below 1.2 (no room to next pool)
[gate] W/USDT blocked — R:R 0.69 below 1.2 (no room to next pool)
[gate] NKE/USDT blocked — R:R 1.00 below 1.2 (no room to next pool)
[gate] DOT/USDT blocked — R:R 1.00 below 1.2 (no room to next pool)
[gate] IWM/USDT blocked — Event move still unresolved — peak is too recent — no structure yet
[gate] AVAX/USDT blocked — R:R 1.00 below 1.2 (no room to next pool)
[gate] TIA/USDT 73 held back — held threshold for only 1/3 consecutive scans
[19:22:22] Scan #518 | 87/87 fed | 25 candidates | 0 shadow | 86 reused | 0 dispatched | 7.8s | floor=72.0
[news] settled 15 term observations
[corr] 4 correlated peers dropped in favour of the strongest in each group
[gate] BNB/USDT blocked — Event move still unresolved — no lower high / structure break yet — still inside the vertical
[gate] LMT/USDT blocked — Event move still unresolved — no lower high / structure break yet — still inside the vertical
[gate] ABNB/USDT blocked — R:R 1.00 below 1.2 (no room to next pool)
[gate] W/USDT blocked — R:R 0.69 below 1.2 (no room to next pool)
[gate] NKE/USDT blocked — R:R 1.00 below 1.2 (no room to next pool)
[gate] DOT/USDT blocked — R:R 1.00 below 1.2 (no room to next pool)
[gate] IWM/USDT blocked — Event move still unresolved — peak is too recent — no structure yet
[gate] AVAX/USDT 73 held back — score decaying (-1.7/scan) — setup is fading, not forming
[gate] TIA/USDT 73 held back — held threshold for only 2/3 consecutive scans
[19:22:39] Scan #519 | 87/87 fed | 25 candidates | 0 shadow | 86 reused | 0 dispatched | 1.6s | floor=72.0
[corr] 4 correlated peers dropped in favour of the strongest in each group
[gate] BNB/USDT blocked — Event move still unresolved — no lower high / structure break yet — still inside the vertical
[gate] LMT/USDT blocked — Event move still unresolved — no lower high / structure break yet — still inside the vertical
[gate] ABNB/USDT blocked — R:R 1.00 below 1.2 (no room to next pool)
[gate] W/USDT blocked — R:R 0.69 below 1.2 (no room to next pool)
[gate] NKE/USDT blocked — R:R 1.00 below 1.2 (no room to next pool)
[gate] DOT/USDT blocked — R:R 1.00 below 1.2 (no room to next pool)
[gate] IWM/USDT blocked — Event move still unresolved — peak is too recent — no structure yet
[gate] AVAX/USDT 73 held back — score decaying (-1.9/scan) — setup is fading, not forming
[gate] TIA/USDT blocked — R:R 0.41 below 1.2 (no room to next pool)
[19:22:57] Scan #520 | 87/87 fed | 25 candidates | 0 shadow | 86 reused | 0 dispatched | 3.4s | floor=72.0
[shadow] BNB/USDT SHORT -> SL_HIT (-0.50%) THESIS_WRONG,DERIV_ALIGNED,NEWS_ALIGNED
[shadow] NOT/USDT LONG -> SL_HIT (-1.38%) THESIS_WRONG,DERIV_ALIGNED,NEWS_CONFLICT,TRADED_WITH_CROWD
[corr] 4 correlated peers dropped in favour of the strongest in each group
[gate] LMT/USDT blocked — Event move still unresolved — no lower high / structure break yet — still inside the vertical
[gate] BNB/USDT blocked — Event move still unresolved — no lower high / structure break yet — still inside the vertical
[gate] ABNB/USDT blocked — R:R 1.00 below 1.2 (no room to next pool)
[gate] W/USDT blocked — R:R 0.65 below 1.2 (no room to next pool)
[gate] NKE/USDT blocked — R:R 1.00 below 1.2 (no room to next pool)
[gate] DOT/USDT blocked — R:R 1.00 below 1.2 (no room to next pool)
[gate] IWM/USDT blocked — Event move still unresolved — peak is too recent — no structure yet
[gate] AVAX/USDT 72 held back — score decaying (-1.9/scan) — setup is fading, not forming
[gate] TIA/USDT blocked — R:R 0.44 below 1.2 (no room to next pool)
[19:23:23] Scan #521 | 87/87 fed | 25 candidates | 0 shadow | 86 reused | 0 dispatched | 11.1s | floor=72.0
[redis-sync] Pushed state to Upstash Redis (12 files, resolved trades)
[corr] 4 correlated peers dropped in favour of the strongest in each group
[gate] LMT/USDT blocked — Event move still unresolved — no lower high / structure break yet — still inside the vertical
[gate] BNB/USDT blocked — Event move still unresolved — no lower high / structure break yet — still inside the vertical
[gate] ABNB/USDT blocked — R:R 1.00 below 1.2 (no room to next pool)
[gate] W/USDT blocked — R:R 0.65 below 1.2 (no room to next pool)
[gate] NKE/USDT blocked — R:R 1.00 below 1.2 (no room to next pool)
[gate] DOT/USDT blocked — R:R 1.00 below 1.2 (no room to next pool)
[gate] IWM/USDT blocked — Event move still unresolved — peak is too recent — no structure yet
[gate] AVAX/USDT blocked — R:R 1.00 below 1.2 (no room to next pool)
[gate] TIA/USDT blocked — R:R 0.44 below 1.2 (no room to next pool)
[19:23:40] Scan #522 | 87/87 fed | 25 candidates | 0 shadow | 86 reused | 0 dispatched | 1.5s | floor=72.0
[corr] 4 correlated peers dropped in favour of the strongest in each group
[gate] LMT/USDT blocked — Event move still unresolved — no lower high / structure break yet — still inside the vertical
[gate] BNB/USDT blocked — Event move still unresolved — no lower high / structure break yet — still inside the vertical
[gate] ABNB/USDT blocked — R:R 1.00 below 1.2 (no room to next pool)
[gate] W/USDT blocked — R:R 0.65 below 1.2 (no room to next pool)
[gate] NKE/USDT blocked — R:R 1.00 below 1.2 (no room to next pool)
[gate] DOT/USDT blocked — R:R 1.00 below 1.2 (no room to next pool)
[gate] IWM/USDT blocked — Event move still unresolved — peak is too recent — no structure yet
[gate] AVAX/USDT blocked — R:R 1.00 below 1.2 (no room to next pool)
[gate] TIA/USDT blocked — R:R 0.44 below 1.2 (no room to next pool)
[19:23:58] Scan #523 | 87/87 fed | 25 candidates | 0 shadow | 86 reused | 0 dispatched | 3.0s | floor=72.0
[corr] 4 correlated peers dropped in favour of the strongest in each group
[gate] LMT/USDT blocked — Event move still unresolved — no lower high / structure break yet — still inside the vertical
[gate] BNB/USDT blocked — Event move still unresolved — no lower high / structure break yet — still inside the vertical
[gate] ABNB/USDT blocked — R:R 1.00 below 1.2 (no room to next pool)
[gate] W/USDT blocked — R:R 0.75 below 1.2 (no room to next pool)
[gate] NKE/USDT blocked — R:R 1.00 below 1.2 (no room to next pool)
[gate] DOT/USDT blocked — R:R 1.00 below 1.2 (no room to next pool)
[gate] PLTR/USDT 75 held back — held threshold for only 1/3 consecutive scans
[gate] IWM/USDT blocked — Event move still unresolved — peak is too recent — no structure yet
[gate] AVAX/USDT blocked — R:R 1.00 below 1.2 (no room to next pool)
[19:24:22] Scan #524 | 87/87 fed | 25 candidates | 0 shadow | 86 reused | 0 dispatched | 9.3s | floor=72.0
[shadow] GS/USDT LONG -> TP2_HIT (+0.42%) DERIV_ALIGNED
[corr] 4 correlated peers dropped in favour of the strongest in each group
[gate] LMT/USDT blocked — Event move still unresolved — no lower high / structure break yet — still inside the vertical
[gate] BNB/USDT blocked — Event move still unresolved — no lower high / structure break yet — still inside the vertical
[gate] ABNB/USDT blocked — R:R 1.00 below 1.2 (no room to next pool)
[gate] W/USDT blocked — R:R 0.75 below 1.2 (no room to next pool)
[gate] PLTR/USDT 77 held back — held threshold for only 2/3 consecutive scans
[gate] NKE/USDT blocked — R:R 1.00 below 1.2 (no room to next pool)
[gate] DOT/USDT blocked — R:R 1.00 below 1.2 (no room to next pool)
[gate] IWM/USDT blocked — Event move still unresolved — peak is too recent — no structure yet
[gate] AVAX/USDT blocked — R:R 1.00 below 1.2 (no room to next pool)
[19:24:46] Scan #525 | 87/87 fed | 25 candidates | 0 shadow | 86 reused | 0 dispatched | 8.5s | floor=72.0
[redis-sync] Pushed state to Upstash Redis (12 files, resolved trades)
[corr] 4 correlated peers dropped in favour of the strongest in each group
[gate] LMT/USDT blocked — Event move still unresolved — no lower high / structure break yet — still inside the vertical
[gate] BNB/USDT blocked — Event move still unresolved — no lower high / structure break yet — still inside the vertical
[gate] ABNB/USDT blocked — R:R 1.00 below 1.2 (no room to next pool)
[gate] W/USDT blocked — R:R 0.75 below 1.2 (no room to next pool)
[gate] PLTR/USDT blocked — Event move still unresolved — peak is too recent — no structure yet
[gate] NKE/USDT blocked — R:R 1.00 below 1.2 (no room to next pool)
[gate] DOT/USDT blocked — R:R 1.00 below 1.2 (no room to next pool)
[gate] IWM/USDT blocked — Event move still unresolved — peak is too recent — no structure yet
[gate] AVAX/USDT blocked — R:R 1.00 below 1.2 (no room to next pool)
[19:25:04] Scan #526 | 87/87 fed | 25 candidates | 0 shadow | 86 reused | 0 dispatched | 3.3s | floor=72.0
[news] settled 19 term observations
[corr] 4 correlated peers dropped in favour of the strongest in each group
[gate] BNB/USDT blocked — Event move still unresolved — no lower high / structure break yet — still inside the vertical
[gate] LMT/USDT blocked — Event move still unresolved — no lower high / structure break yet — still inside the vertical
[gate] ABNB/USDT blocked — R:R 1.00 below 1.2 (no room to next pool)
[gate] W/USDT blocked — R:R 0.61 below 1.2 (no room to next pool)
[gate] NKE/USDT blocked — R:R 1.00 below 1.2 (no room to next pool)
[gate] DOT/USDT blocked — R:R 1.00 below 1.2 (no room to next pool)
[gate] IWM/USDT blocked — Event move still unresolved — peak is too recent — no structure yet
[gate] TIA/USDT 73 held back — held threshold for only 1/3 consecutive scans
[gate] AVAX/USDT blocked — R:R 1.00 below 1.2 (no room to next pool)
[19:26:03] Scan #527 | 87/87 fed | 25 candidates | 0 shadow | 86 reused | 0 dispatched | 44.4s | floor=72.0
[news] settled 220 term observations
[corr] 4 correlated peers dropped in favour of the strongest in each group
[gate] LMT/USDT blocked — Event move still unresolved — no lower high / structure break yet — still inside the vertical
[gate] BNB/USDT blocked — Event move still unresolved — no lower high / structure break yet — still inside the vertical
[gate] ABNB/USDT blocked — R:R 1.00 below 1.2 (no room to next pool)
[gate] W/USDT blocked — R:R 0.61 below 1.2 (no room to next pool)
[gate] DOT/USDT blocked — R:R 1.00 below 1.2 (no room to next pool)
[gate] NKE/USDT blocked — R:R 1.00 below 1.2 (no room to next pool)
[gate] PLTR/USDT 76 held back — held threshold for only 1/3 consecutive scans
[gate] IWM/USDT blocked — Event move still unresolved — peak is too recent — no structure yet
[gate] AVAX/USDT blocked — R:R 1.00 below 1.2 (no room to next pool)
[19:26:54] Scan #528 | 87/87 fed | 25 candidates | 0 shadow | 86 reused | 0 dispatched | 35.2s | floor=72.0
[news] settled 42 term observations
[corr] 4 correlated peers dropped in favour of the strongest in each group
[gate] BNB/USDT blocked — Event move still unresolved — no lower high / structure break yet — still inside the vertical
[gate] LMT/USDT blocked — Event move still unresolved — no lower high / structure break yet — still inside the vertical
[gate] ABNB/USDT blocked — R:R 1.00 below 1.2 (no room to next pool)
[gate] W/USDT blocked — R:R 0.71 below 1.2 (no room to next pool)
[gate] DOT/USDT blocked — R:R 1.00 below 1.2 (no room to next pool)
[gate] NKE/USDT blocked — R:R 1.00 below 1.2 (no room to next pool)
[gate] IWM/USDT blocked — Event move still unresolved — peak is too recent — no structure yet
[gate] AVAX/USDT blocked — R:R 1.00 below 1.2 (no room to next pool)
[19:27:19] Scan #529 | 87/87 fed | 25 candidates | 0 shadow | 86 reused | 0 dispatched | 10.2s | floor=72.0
[corr] 4 correlated peers dropped in favour of the strongest in each group
[gate] BNB/USDT blocked — Event move still unresolved — no lower high / structure break yet — still inside the vertical
[gate] LMT/USDT blocked — Event move still unresolved — no lower high / structure break yet — still inside the vertical
[gate] ABNB/USDT blocked — R:R 1.00 below 1.2 (no room to next pool)
[gate] W/USDT blocked — R:R 0.71 below 1.2 (no room to next pool)
[gate] DOT/USDT blocked — R:R 1.00 below 1.2 (no room to next pool)
[gate] NKE/USDT blocked — R:R 1.00 below 1.2 (no room to next pool)
[gate] IWM/USDT blocked — Event move still unresolved — peak is too recent — no structure yet
[gate] AVAX/USDT blocked — R:R 1.00 below 1.2 (no room to next pool)
[19:27:38] Scan #530 | 87/87 fed | 25 candidates | 0 shadow | 87 reused | 0 dispatched | 4.0s | floor=72.0
[news] settled 15 term observations
[corr] 4 correlated peers dropped in favour of the strongest in each group
[gate] BNB/USDT blocked — Event move still unresolved — no lower high / structure break yet — still inside the vertical
[gate] LMT/USDT blocked — Event move still unresolved — no lower high / structure break yet — still inside the vertical
[gate] ABNB/USDT blocked — R:R 1.00 below 1.2 (no room to next pool)
[gate] W/USDT blocked — R:R 0.71 below 1.2 (no room to next pool)
[gate] DOT/USDT blocked — R:R 1.00 below 1.2 (no room to next pool)
[gate] NKE/USDT blocked — R:R 1.00 below 1.2 (no room to next pool)
[gate] IWM/USDT blocked — Event move still unresolved — peak is too recent — no structure yet
[gate] AVAX/USDT blocked — R:R 1.00 below 1.2 (no room to next pool)
[19:27:54] Scan #531 | 87/87 fed | 25 candidates | 0 shadow | 87 reused | 0 dispatched | 1.1s | floor=72.0
[news] settled 15 term observations
[corr] 4 correlated peers dropped in favour of the strongest in each group
[gate] BNB/USDT blocked — Event move still unresolved — no lower high / structure break yet — still inside the vertical
[gate] LMT/USDT blocked — Event move still unresolved — no lower high / structure break yet — still inside the vertical
[gate] ABNB/USDT blocked — R:R 1.00 below 1.2 (no room to next pool)
[gate] W/USDT blocked — R:R 0.69 below 1.2 (no room to next pool)
[gate] NKE/USDT blocked — R:R 1.00 below 1.2 (no room to next pool)
[gate] DOT/USDT blocked — R:R 1.00 below 1.2 (no room to next pool)
[gate] IWM/USDT blocked — Event move still unresolved — peak is too recent — no structure yet
[gate] AVAX/USDT blocked — R:R 1.00 below 1.2 (no room to next pool)
[19:28:18] Scan #532 | 87/87 fed | 25 candidates | 0 shadow | 87 reused | 0 dispatched | 9.4s | floor=72.0
[corr] 5 correlated peers dropped in favour of the strongest in each group
[gate] BNB/USDT blocked — Event move still unresolved — no lower high / structure break yet — still inside the vertical
[gate] LMT/USDT blocked — Event move still unresolved — no lower high / structure break yet — still inside the vertical
[gate] ABNB/USDT blocked — R:R 1.00 below 1.2 (no room to next pool)
[gate] W/USDT blocked — R:R 0.69 below 1.2 (no room to next pool)
[gate] NKE/USDT blocked — R:R 1.00 below 1.2 (no room to next pool)
[gate] DOT/USDT blocked — R:R 1.00 below 1.2 (no room to next pool)
[gate] IWM/USDT blocked — Event move still unresolved — peak is too recent — no structure yet
[gate] AVAX/USDT blocked — R:R 1.00 below 1.2 (no room to next pool)
[19:28:40] Scan #533 | 87/87 fed | 25 candidates | 0 shadow | 87 reused | 0 dispatched | 6.4s | floor=72.0
[corr] 5 correlated peers dropped in favour of the strongest in each group
[gate] BNB/USDT blocked — Event move still unresolved — no lower high / structure break yet — still inside the vertical
[gate] LMT/USDT blocked — Event move still unresolved — no lower high / structure break yet — still inside the vertical
[gate] ABNB/USDT blocked — R:R 1.00 below 1.2 (no room to next pool)
[gate] W/USDT blocked — R:R 0.69 below 1.2 (no room to next pool)
[gate] NKE/USDT blocked — R:R 1.00 below 1.2 (no room to next pool)
[gate] DOT/USDT blocked — R:R 1.00 below 1.2 (no room to next pool)
[gate] IWM/USDT blocked — Event move still unresolved — peak is too recent — no structure yet
[gate] AVAX/USDT blocked — R:R 1.00 below 1.2 (no room to next pool)
[19:28:56] Scan #534 | 87/87 fed | 25 candidates | 0 shadow | 87 reused | 0 dispatched | 1.2s | floor=72.0
[corr] 5 correlated peers dropped in favour of the strongest in each group
[gate] LMT/USDT blocked — Event move still unresolved — no lower high / structure break yet — still inside the vertical
[gate] BNB/USDT blocked — Event move still unresolved — no lower high / structure break yet — still inside the vertical
[gate] ABNB/USDT blocked — R:R 1.00 below 1.2 (no room to next pool)
[gate] W/USDT blocked — R:R 0.62 below 1.2 (no room to next pool)
[gate] NKE/USDT blocked — R:R 1.00 below 1.2 (no room to next pool)
[gate] DOT/USDT blocked — R:R 1.00 below 1.2 (no room to next pool)
[gate] IWM/USDT blocked — Event move still unresolved — peak is too recent — no structure yet
[gate] TIA/USDT 72 held back — held threshold for only 1/3 consecutive scans
[19:29:20] Scan #535 | 87/87 fed | 25 candidates | 0 shadow | 87 reused | 0 dispatched | 9.1s | floor=72.0
[shadow] INTC/USDT SHORT -> SL_HIT (-0.68%) STOPPED_AFTER_PARTIAL_RUN,DERIV_ALIGNED,NEWS_ALIGNED
[corr] 5 correlated peers dropped in favour of the strongest in each group
[gate] LMT/USDT blocked — Event move still unresolved — no lower high / structure break yet — still inside the vertical
[gate] BNB/USDT blocked — Event move still unresolved — no lower high / structure break yet — still inside the vertical
[gate] ABNB/USDT blocked — R:R 1.00 below 1.2 (no room to next pool)
[gate] W/USDT blocked — R:R 0.62 below 1.2 (no room to next pool)
[gate] NKE/USDT blocked — R:R 1.00 below 1.2 (no room to next pool)
[gate] DOT/USDT blocked — R:R 1.00 below 1.2 (no room to next pool)
[gate] IWM/USDT blocked — Event move still unresolved — peak is too recent — no structure yet
[gate] TIA/USDT 72 held back — held threshold for only 2/3 consecutive scans
[19:29:42] Scan #536 | 87/87 fed | 25 candidates | 0 shadow | 87 reused | 0 dispatched | 7.1s | floor=72.0
[redis-sync] Pushed state to Upstash Redis (12 files, resolved trades)
[corr] 5 correlated peers dropped in favour of the strongest in each group
[gate] LMT/USDT blocked — Event move still unresolved — no lower high / structure break yet — still inside the vertical
[gate] BNB/USDT blocked — Event move still unresolved — no lower high / structure break yet — still inside the vertical
[gate] ABNB/USDT blocked — R:R 1.00 below 1.2 (no room to next pool)
[gate] W/USDT blocked — R:R 0.62 below 1.2 (no room to next pool)
[gate] NKE/USDT blocked — R:R 1.00 below 1.2 (no room to next pool)
[gate] DOT/USDT blocked — R:R 1.00 below 1.2 (no room to next pool)
[gate] IWM/USDT blocked — Event move still unresolved — peak is too recent — no structure yet
[gate] TIA/USDT blocked — R:R 0.44 below 1.2 (no room to next pool)
[19:29:59] Scan #537 | 87/87 fed | 25 candidates | 0 shadow | 87 reused | 0 dispatched | 1.5s | floor=72.0
[corr] 4 correlated peers dropped in favour of the strongest in each group
[gate] NEAR/USDT 82 held back — only 1/3 confirming scans so far
[gate] LMT/USDT blocked — Event move still unresolved — no lower high / structure break yet — still inside the vertical
[gate] JPM/USDT 81 held back — held threshold for only 1/3 consecutive scans
[gate] IWM/USDT blocked — Event move still unresolved — peak is too recent — no structure yet
[gate] ABNB/USDT blocked — R:R 1.00 below 1.2 (no room to next pool)
[gate] RENDER/USDT 77 held back — only 1/3 confirming scans so far
[gate] TIA/USDT blocked — R:R 0.41 below 1.2 (no room to next pool)
[19:31:18] Scan #538 | 87/87 fed | 26 candidates | 4 shadow | 0 reused | 0 dispatched | 63.9s | floor=72.0
[news] settled 729 term observations
[corr] 4 correlated peers dropped in favour of the strongest in each group
[gate] NEAR/USDT 82 held back — only 2/3 confirming scans so far
[gate] LMT/USDT blocked — Event move still unresolved — no lower high / structure break yet — still inside the vertical
[gate] JPM/USDT 81 held back — held threshold for only 2/3 consecutive scans
[gate] IWM/USDT blocked — Event move still unresolved — peak is too recent — no structure yet
[gate] ABNB/USDT blocked — R:R 1.00 below 1.2 (no room to next pool)
[gate] JUP/USDT 76 held back — only 2/3 confirming scans so far
[gate] RENDER/USDT 75 held back — only 2/3 confirming scans so far
[gate] TIA/USDT blocked — R:R 0.41 below 1.2 (no room to next pool)
[19:31:58] Scan #539 | 87/87 fed | 26 candidates | 0 shadow | 87 reused | 0 dispatched | 25.7s | floor=72.0
[corr] 4 correlated peers dropped in favour of the strongest in each group
[gate] NEAR/USDT blocked — R:R 1.01 below 1.2 (no room to next pool)
[gate] JPM/USDT blocked — Event move still unresolved — peak is too recent — no structure yet
[gate] LMT/USDT blocked — Event move still unresolved — no lower high / structure break yet — still inside the vertical
[gate] IWM/USDT blocked — Event move still unresolved — peak is too recent — no structure yet
[gate] ABNB/USDT blocked — R:R 1.00 below 1.2 (no room to next pool)
[gate] JUP/USDT 76 held back — held threshold for only 2/3 consecutive scans
[gate] RENDER/USDT blocked — Event move still unresolved — no higher low / structure break yet — still inside the vertical
[19:32:23] Scan #540 | 87/87 fed | 26 candidates | 0 shadow | 87 reused | 0 dispatched | 9.4s | floor=72.0
[news] settled 225 term observations
[corr] 4 correlated peers dropped in favour of the strongest in each group
[gate] NEAR/USDT blocked — R:R 1.01 below 1.2 (no room to next pool)
[gate] JPM/USDT blocked — Event move still unresolved — peak is too recent — no structure yet
[gate] LMT/USDT blocked — Event move still unresolved — no lower high / structure break yet — still inside the vertical
[gate] IWM/USDT blocked — Event move still unresolved — peak is too recent — no structure yet
[gate] ABNB/USDT blocked — R:R 1.00 below 1.2 (no room to next pool)
[gate] JUP/USDT blocked — R:R 0.49 below 1.2 (no room to next pool)
[gate] RENDER/USDT blocked — Event move still unresolved — no higher low / structure break yet — still inside the vertical
[19:32:47] Scan #541 | 87/87 fed | 26 candidates | 0 shadow | 87 reused | 0 dispatched | 9.0s | floor=72.0
[news] settled 25 term observations
[corr] 4 correlated peers dropped in favour of the strongest in each group
[gate] NEAR/USDT blocked — R:R 1.01 below 1.2 (no room to next pool)
[gate] JPM/USDT blocked — Event move still unresolved — peak is too recent — no structure yet
[gate] LMT/USDT blocked — Event move still unresolved — no lower high / structure break yet — still inside the vertical
[gate] IWM/USDT blocked — Event move still unresolved — peak is too recent — no structure yet
[gate] ABNB/USDT blocked — R:R 1.00 below 1.2 (no room to next pool)
[gate] JUP/USDT blocked — R:R 0.49 below 1.2 (no room to next pool)
[gate] RENDER/USDT blocked — Event move still unresolved — no higher low / structure break yet — still inside the vertical
[19:33:03] Scan #542 | 87/87 fed | 26 candidates | 0 shadow | 87 reused | 0 dispatched | 1.0s | floor=72.0
[shadow] GOOGL/USDT LONG -> SL_HIT (-0.40%) THESIS_WRONG,NEWS_CONFLICT
[corr] 4 correlated peers dropped in favour of the strongest in each group
[gate] NEAR/USDT blocked — R:R 1.01 below 1.2 (no room to next pool)
[gate] JPM/USDT blocked — Event move still unresolved — peak is too recent — no structure yet
[gate] LMT/USDT blocked — Event move still unresolved — no lower high / structure break yet — still inside the vertical
[gate] IWM/USDT blocked — Event move still unresolved — peak is too recent — no structure yet
[gate] ABNB/USDT blocked — R:R 1.00 below 1.2 (no room to next pool)
[gate] RENDER/USDT blocked — Event move still unresolved — no higher low / structure break yet — still inside the vertical
[gate] JUP/USDT blocked — R:R 0.49 below 1.2 (no room to next pool)
[19:33:24] Scan #543 | 87/87 fed | 26 candidates | 0 shadow | 87 reused | 0 dispatched | 6.2s | floor=72.0
[redis-sync] Pushed state to Upstash Redis (12 files, resolved trades)
[corr] 4 correlated peers dropped in favour of the strongest in each group
[gate] NEAR/USDT blocked — R:R 1.01 below 1.2 (no room to next pool)
[gate] JPM/USDT blocked — Event move still unresolved — peak is too recent — no structure yet
[gate] LMT/USDT blocked — Event move still unresolved — no lower high / structure break yet — still inside the vertical
[gate] IWM/USDT blocked — Event move still unresolved — peak is too recent — no structure yet
[gate] ABNB/USDT blocked — R:R 1.00 below 1.2 (no room to next pool)
[gate] RENDER/USDT blocked — Event move still unresolved — no higher low / structure break yet — still inside the vertical
[gate] JUP/USDT blocked — R:R 0.49 below 1.2 (no room to next pool)
[19:33:46] Scan #544 | 87/87 fed | 26 candidates | 0 shadow | 87 reused | 0 dispatched | 6.6s | floor=72.0
[corr] 4 correlated peers dropped in favour of the strongest in each group
[gate] NEAR/USDT blocked — R:R 1.01 below 1.2 (no room to next pool)
[gate] JPM/USDT blocked — Event move still unresolved — peak is too recent — no structure yet
[gate] LMT/USDT blocked — Event move still unresolved — no lower high / structure break yet — still inside the vertical
[gate] IWM/USDT blocked — Event move still unresolved — peak is too recent — no structure yet
[gate] ABNB/USDT blocked — R:R 1.00 below 1.2 (no room to next pool)
[gate] RENDER/USDT blocked — Event move still unresolved — no higher low / structure break yet — still inside the vertical
[gate] JUP/USDT blocked — R:R 0.49 below 1.2 (no room to next pool)
[19:34:02] Scan #545 | 87/87 fed | 26 candidates | 0 shadow | 87 reused | 0 dispatched | 1.0s | floor=72.0
[shadow] SMCI/USDT SHORT -> SL_HIT (-0.64%) STOPPED_AFTER_PARTIAL_RUN,DERIV_ALIGNED,NEWS_CONFLICT
[corr] 4 correlated peers dropped in favour of the strongest in each group
[gate] NEAR/USDT blocked — R:R 1.01 below 1.2 (no room to next pool)
[gate] JPM/USDT blocked — Event move still unresolved — peak is too recent — no structure yet
[gate] LMT/USDT blocked — Event move still unresolved — no lower high / structure break yet — still inside the vertical
[gate] IWM/USDT blocked — Event move still unresolved — peak is too recent — no structure yet
[gate] ABNB/USDT blocked — R:R 1.00 below 1.2 (no room to next pool)
[gate] RENDER/USDT blocked — Event move still unresolved — no higher low / structure break yet — still inside the vertical
[gate] JUP/USDT blocked — R:R 0.49 below 1.2 (no room to next pool)
[19:34:22] Scan #546 | 87/87 fed | 26 candidates | 0 shadow | 87 reused | 0 dispatched | 5.6s | floor=72.0
[redis-sync] Pushed state to Upstash Redis (12 files, resolved trades)
[corr] 4 correlated peers dropped in favour of the strongest in each group
[gate] NEAR/USDT blocked — R:R 1.01 below 1.2 (no room to next pool)
[gate] JPM/USDT blocked — Event move still unresolved — peak is too recent — no structure yet
[gate] LMT/USDT blocked — Event move still unresolved — no lower high / structure break yet — still inside the vertical
[gate] IWM/USDT blocked — Event move still unresolved — peak is too recent — no structure yet
[gate] ABNB/USDT blocked — R:R 1.00 below 1.2 (no room to next pool)
[gate] RENDER/USDT blocked — Event move still unresolved — no higher low / structure break yet — still inside the vertical
[gate] JUP/USDT blocked — R:R 0.49 below 1.2 (no room to next pool)
[19:34:51] Scan #547 | 87/87 fed | 26 candidates | 0 shadow | 87 reused | 0 dispatched | 14.0s | floor=72.0
[redis-sync] Pushed state to Upstash Redis (12 files, periodic)
[news] settled 197 term observations
[corr] 4 correlated peers dropped in favour of the strongest in each group
[gate] NEAR/USDT blocked — R:R 1.01 below 1.2 (no room to next pool)
[gate] JPM/USDT blocked — Event move still unresolved — peak is too recent — no structure yet
[gate] LMT/USDT blocked — Event move still unresolved — no lower high / structure break yet — still inside the vertical
[gate] IWM/USDT blocked — Event move still unresolved — peak is too recent — no structure yet
[gate] ABNB/USDT blocked — R:R 1.00 below 1.2 (no room to next pool)
[gate] RENDER/USDT blocked — Event move still unresolved — no higher low / structure break yet — still inside the vertical
[gate] JUP/USDT blocked — R:R 0.55 below 1.2 (no room to next pool)
[19:35:17] Scan #548 | 87/87 fed | 26 candidates | 0 shadow | 87 reused | 0 dispatched | 10.5s | floor=72.0
[corr] 4 correlated peers dropped in favour of the strongest in each group
[gate] JPM/USDT blocked — Event move still unresolved — peak is too recent — no structure yet
[gate] LMT/USDT blocked — Event move still unresolved — no lower high / structure break yet — still inside the vertical
[gate] NEAR/USDT blocked — R:R 1.01 below 1.2 (no room to next pool)
[gate] IWM/USDT blocked — Event move still unresolved — peak is too recent — no structure yet
[gate] ABNB/USDT blocked — R:R 1.00 below 1.2 (no room to next pool)
[gate] RENDER/USDT blocked — Event move still unresolved — no higher low / structure break yet — still inside the vertical
[gate] JUP/USDT blocked — R:R 0.55 below 1.2 (no room to next pool)
[19:35:44] Scan #549 | 87/87 fed | 26 candidates | 0 shadow | 87 reused | 0 dispatched | 12.2s | floor=72.0
[corr] 4 correlated peers dropped in favour of the strongest in each group
[gate] JPM/USDT blocked — Event move still unresolved — peak is too recent — no structure yet
[gate] LMT/USDT blocked — Event move still unresolved — no lower high / structure break yet — still inside the vertical
[gate] NEAR/USDT blocked — R:R 1.01 below 1.2 (no room to next pool)
[gate] IWM/USDT blocked — Event move still unresolved — peak is too recent — no structure yet
[gate] ABNB/USDT blocked — R:R 1.00 below 1.2 (no room to next pool)
[gate] RENDER/USDT blocked — Event move still unresolved — no higher low / structure break yet — still inside the vertical
[gate] JUP/USDT blocked — R:R 0.55 below 1.2 (no room to next pool)
[19:36:21] Scan #550 | 87/87 fed | 26 candidates | 0 shadow | 87 reused | 0 dispatched | 22.4s | floor=72.0
[news] settled 80 term observations
[corr] 4 correlated peers dropped in favour of the strongest in each group
[gate] JPM/USDT blocked — Event move still unresolved — peak is too recent — no structure yet
[gate] LMT/USDT blocked — Event move still unresolved — no lower high / structure break yet — still inside the vertical
[gate] NEAR/USDT blocked — R:R 1.01 below 1.2 (no room to next pool)
[gate] IWM/USDT blocked — Event move still unresolved — peak is too recent — no structure yet
[gate] ABNB/USDT blocked — R:R 1.00 below 1.2 (no room to next pool)
[gate] RENDER/USDT blocked — Event move still unresolved — no higher low / structure break yet — still inside the vertical
[gate] JUP/USDT blocked — R:R 0.49 below 1.2 (no room to next pool)
[19:36:53] Scan #551 | 87/87 fed | 26 candidates | 0 shadow | 87 reused | 0 dispatched | 16.6s | floor=72.0
[news] settled 130 term observations
[corr] 4 correlated peers dropped in favour of the strongest in each group
[gate] JPM/USDT blocked — Event move still unresolved — peak is too recent — no structure yet
[gate] LMT/USDT blocked — Event move still unresolved — no lower high / structure break yet — still inside the vertical
[gate] NEAR/USDT blocked — R:R 1.01 below 1.2 (no room to next pool)
[gate] ABNB/USDT blocked — R:R 1.00 below 1.2 (no room to next pool)
[gate] IWM/USDT blocked — Event move still unresolved — peak is too recent — no structure yet
[gate] RENDER/USDT blocked — Event move still unresolved — no higher low / structure break yet — still inside the vertical
[gate] JUP/USDT blocked — R:R 0.55 below 1.2 (no room to next pool)
[19:37:18] Scan #552 | 87/87 fed | 26 candidates | 0 shadow | 87 reused | 0 dispatched | 10.3s | floor=72.0
[corr] 4 correlated peers dropped in favour of the strongest in each group
[gate] JPM/USDT blocked — Event move still unresolved — peak is too recent — no structure yet
[gate] LMT/USDT blocked — Event move still unresolved — no lower high / structure break yet — still inside the vertical
[gate] NEAR/USDT blocked — R:R 1.01 below 1.2 (no room to next pool)
[gate] ABNB/USDT blocked — R:R 1.00 below 1.2 (no room to next pool)
[gate] IWM/USDT blocked — Event move still unresolved — peak is too recent — no structure yet
[gate] RENDER/USDT blocked — Event move still unresolved — no higher low / structure break yet — still inside the vertical
[gate] JUP/USDT blocked — R:R 0.55 below 1.2 (no room to next pool)
[19:37:41] Scan #553 | 87/87 fed | 26 candidates | 0 shadow | 87 reused | 0 dispatched | 7.3s | floor=72.0
[news] settled 21 term observations
[corr] 4 correlated peers dropped in favour of the strongest in each group
[gate] JPM/USDT blocked — Event move still unresolved — peak is too recent — no structure yet
[gate] LMT/USDT blocked — Event move still unresolved — no lower high / structure break yet — still inside the vertical
[gate] NEAR/USDT blocked — R:R 1.01 below 1.2 (no room to next pool)
[gate] ABNB/USDT blocked — R:R 1.00 below 1.2 (no room to next pool)
[gate] IWM/USDT blocked — Event move still unresolved — peak is too recent — no structure yet
[gate] RENDER/USDT blocked — Event move still unresolved — no higher low / structure break yet — still inside the vertical
[gate] JUP/USDT blocked — R:R 0.55 below 1.2 (no room to next pool)
[19:37:57] Scan #554 | 87/87 fed | 26 candidates | 0 shadow | 87 reused | 0 dispatched | 0.9s | floor=72.0
[corr] 4 correlated peers dropped in favour of the strongest in each group
[gate] JPM/USDT blocked — Event move still unresolved — peak is too recent — no structure yet
[gate] LMT/USDT blocked — Event move still unresolved — no lower high / structure break yet — still inside the vertical
[gate] NEAR/USDT blocked — R:R 1.01 below 1.2 (no room to next pool)
[gate] ABNB/USDT blocked — R:R 1.00 below 1.2 (no room to next pool)
[gate] JUP/USDT blocked — R:R 0.37 below 1.2 (no room to next pool)
[gate] RENDER/USDT blocked — Event move still unresolved — no higher low / structure break yet — still inside the vertical
[gate] IWM/USDT blocked — Event move still unresolved — peak is too recent — no structure yet
[19:38:16] Scan #555 | 87/87 fed | 26 candidates | 0 shadow | 87 reused | 0 dispatched | 4.4s | floor=72.0
[news] settled 46 term observations
[corr] 4 correlated peers dropped in favour of the strongest in each group
[gate] JPM/USDT blocked — Event move still unresolved — peak is too recent — no structure yet
[gate] LMT/USDT blocked — Event move still unresolved — no lower high / structure break yet — still inside the vertical
[gate] NEAR/USDT blocked — R:R 1.01 below 1.2 (no room to next pool)
[gate] ABNB/USDT blocked — R:R 1.00 below 1.2 (no room to next pool)
[gate] JUP/USDT blocked — R:R 0.37 below 1.2 (no room to next pool)
[gate] RENDER/USDT blocked — Event move still unresolved — no higher low / structure break yet — still inside the vertical
[gate] IWM/USDT blocked — Event move still unresolved — peak is too recent — no structure yet
[19:38:39] Scan #556 | 87/87 fed | 26 candidates | 0 shadow | 87 reused | 0 dispatched | 8.1s | floor=72.0
[corr] 4 correlated peers dropped in favour of the strongest in each group
[gate] JPM/USDT blocked — Event move still unresolved — peak is too recent — no structure yet
[gate] LMT/USDT blocked — Event move still unresolved — no lower high / structure break yet — still inside the vertical
[gate] NEAR/USDT blocked — R:R 1.01 below 1.2 (no room to next pool)
[gate] ABNB/USDT blocked — R:R 1.00 below 1.2 (no room to next pool)
[gate] JUP/USDT blocked — R:R 0.37 below 1.2 (no room to next pool)
[gate] RENDER/USDT blocked — Event move still unresolved — no higher low / structure break yet — still inside the vertical
[gate] IWM/USDT blocked — Event move still unresolved — peak is too recent — no structure yet
[19:38:56] Scan #557 | 87/87 fed | 26 candidates | 0 shadow | 87 reused | 0 dispatched | 1.8s | floor=72.0
[corr] 4 correlated peers dropped in favour of the strongest in each group
[gate] JPM/USDT blocked — Event move still unresolved — peak is too recent — no structure yet
[gate] LMT/USDT blocked — Event move still unresolved — no lower high / structure break yet — still inside the vertical
[gate] NEAR/USDT blocked — R:R 1.01 below 1.2 (no room to next pool)
[gate] ABNB/USDT blocked — R:R 1.00 below 1.2 (no room to next pool)
[gate] JUP/USDT blocked — R:R 0.49 below 1.2 (no room to next pool)
[gate] RENDER/USDT blocked — Event move still unresolved — no higher low / structure break yet — still inside the vertical
[gate] IWM/USDT blocked — Event move still unresolved — peak is too recent — no structure yet
[19:39:15] Scan #558 | 87/87 fed | 26 candidates | 0 shadow | 87 reused | 0 dispatched | 4.1s | floor=72.0
[corr] 4 correlated peers dropped in favour of the strongest in each group
[gate] JPM/USDT blocked — Event move still unresolved — peak is too recent — no structure yet
[gate] LMT/USDT blocked — Event move still unresolved — no lower high / structure break yet — still inside the vertical
[gate] NEAR/USDT blocked — R:R 1.01 below 1.2 (no room to next pool)
[gate] ABNB/USDT blocked — R:R 1.00 below 1.2 (no room to next pool)
[gate] JUP/USDT blocked — R:R 0.49 below 1.2 (no room to next pool)
[gate] RENDER/USDT blocked — Event move still unresolved — no higher low / structure break yet — still inside the vertical
[gate] IWM/USDT blocked — Event move still unresolved — peak is too recent — no structure yet
[19:39:36] Scan #559 | 87/87 fed | 26 candidates | 0 shadow | 87 reused | 0 dispatched | 6.4s | floor=72.0
[corr] 4 correlated peers dropped in favour of the strongest in each group
[gate] JPM/USDT blocked — Event move still unresolved — peak is too recent — no structure yet
[gate] LMT/USDT blocked — Event move still unresolved — no lower high / structure break yet — still inside the vertical
[gate] NEAR/USDT blocked — R:R 1.01 below 1.2 (no room to next pool)
[gate] ABNB/USDT blocked — R:R 1.00 below 1.2 (no room to next pool)
[gate] JUP/USDT blocked — R:R 0.49 below 1.2 (no room to next pool)
[gate] RENDER/USDT blocked — Event move still unresolved — no higher low / structure break yet — still inside the vertical
[gate] IWM/USDT blocked — Event move still unresolved — peak is too recent — no structure yet
[19:39:52] Scan #560 | 87/87 fed | 26 candidates | 0 shadow | 87 reused | 0 dispatched | 0.9s | floor=72.0
[corr] 4 correlated peers dropped in favour of the strongest in each group
[gate] JPM/USDT blocked — Event move still unresolved — peak is too recent — no structure yet
[gate] LMT/USDT blocked — Event move still unresolved — no lower high / structure break yet — still inside the vertical
[gate] NEAR/USDT blocked — R:R 1.01 below 1.2 (no room to next pool)
[gate] ABNB/USDT blocked — R:R 1.00 below 1.2 (no room to next pool)
[gate] JUP/USDT blocked — R:R 0.49 below 1.2 (no room to next pool)
[gate] RENDER/USDT blocked — Event move still unresolved — no higher low / structure break yet — still inside the vertical
[gate] IWM/USDT blocked — Event move still unresolved — peak is too recent — no structure yet
[gate] STX/USDT 72 held back — held threshold for only 1/3 consecutive scans
[19:40:24] Scan #561 | 87/87 fed | 26 candidates | 0 shadow | 87 reused | 0 dispatched | 16.3s | floor=72.0
[corr] 4 correlated peers dropped in favour of the strongest in each group
[gate] JPM/USDT blocked — Event move still unresolved — peak is too recent — no structure yet
[gate] LMT/USDT blocked — Event move still unresolved — no lower high / structure break yet — still inside the vertical
[gate] NEAR/USDT blocked — R:R 1.01 below 1.2 (no room to next pool)
[gate] ABNB/USDT blocked — R:R 1.00 below 1.2 (no room to next pool)
[gate] JUP/USDT blocked — R:R 0.49 below 1.2 (no room to next pool)
[gate] RENDER/USDT blocked — Event move still unresolved — no higher low / structure break yet — still inside the vertical
[gate] IWM/USDT blocked — Event move still unresolved — peak is too recent — no structure yet
[gate] STX/USDT 72 held back — held threshold for only 2/3 consecutive scans
[19:40:43] Scan #562 | 87/87 fed | 26 candidates | 0 shadow | 87 reused | 0 dispatched | 4.9s | floor=72.0
[news] settled 501 term observations
[corr] 4 correlated peers dropped in favour of the strongest in each group
[gate] JPM/USDT blocked — Event move still unresolved — peak is too recent — no structure yet
[gate] LMT/USDT blocked — Event move still unresolved — no lower high / structure break yet — still inside the vertical
[gate] NEAR/USDT blocked — R:R 1.01 below 1.2 (no room to next pool)
[gate] ABNB/USDT blocked — R:R 1.00 below 1.2 (no room to next pool)
[gate] JUP/USDT blocked — R:R 0.49 below 1.2 (no room to next pool)
[gate] RENDER/USDT blocked — Event move still unresolved — no higher low / structure break yet — still inside the vertical
[gate] IWM/USDT blocked — Event move still unresolved — peak is too recent — no structure yet
[gate] STX/USDT blocked — R:R 1.01 below 1.2 (no room to next pool)
[19:41:05] Scan #563 | 87/87 fed | 26 candidates | 1 shadow | 87 reused | 0 dispatched | 6.8s | floor=72.0
[news] settled 129 term observations
[corr] 4 correlated peers dropped in favour of the strongest in each group
[gate] JPM/USDT blocked — Event move still unresolved — peak is too recent — no structure yet
[gate] LMT/USDT blocked — Event move still unresolved — no lower high / structure break yet — still inside the vertical
[gate] NEAR/USDT blocked — R:R 1.01 below 1.2 (no room to next pool)
[gate] ABNB/USDT blocked — R:R 1.00 below 1.2 (no room to next pool)
[gate] RENDER/USDT blocked — Event move still unresolved — no higher low / structure break yet — still inside the vertical
[gate] IWM/USDT blocked — Event move still unresolved — peak is too recent — no structure yet
[gate] STX/USDT blocked — R:R 1.01 below 1.2 (no room to next pool)
[19:41:49] Scan #564 | 87/87 fed | 26 candidates | 0 shadow | 87 reused | 0 dispatched | 28.3s | floor=72.0
[corr] 4 correlated peers dropped in favour of the strongest in each group
[gate] JPM/USDT blocked — Event move still unresolved — peak is too recent — no structure yet
[gate] LMT/USDT blocked — Event move still unresolved — no lower high / structure break yet — still inside the vertical
[gate] NEAR/USDT blocked — R:R 1.01 below 1.2 (no room to next pool)
[gate] ABNB/USDT blocked — R:R 1.00 below 1.2 (no room to next pool)
[gate] RENDER/USDT blocked — Event move still unresolved — no higher low / structure break yet — still inside the vertical
[gate] IWM/USDT blocked — Event move still unresolved — peak is too recent — no structure yet
[19:42:12] Scan #565 | 87/87 fed | 26 candidates | 0 shadow | 87 reused | 0 dispatched | 8.6s | floor=72.0
[corr] 4 correlated peers dropped in favour of the strongest in each group
[gate] JPM/USDT blocked — Event move still unresolved — peak is too recent — no structure yet
[gate] LMT/USDT blocked — Event move still unresolved — no lower high / structure break yet — still inside the vertical
[gate] NEAR/USDT blocked — R:R 1.01 below 1.2 (no room to next pool)
[gate] ABNB/USDT blocked — R:R 1.00 below 1.2 (no room to next pool)
[gate] RENDER/USDT blocked — Event move still unresolved — no higher low / structure break yet — still inside the vertical
[gate] IWM/USDT blocked — Event move still unresolved — peak is too recent — no structure yet
[19:42:38] Scan #566 | 87/87 fed | 26 candidates | 0 shadow | 87 reused | 0 dispatched | 10.6s | floor=72.0
[corr] 4 correlated peers dropped in favour of the strongest in each group
[gate] JPM/USDT blocked — Event move still unresolved — peak is too recent — no structure yet
[gate] LMT/USDT blocked — Event move still unresolved — no lower high / structure break yet — still inside the vertical
[gate] NEAR/USDT blocked — R:R 1.01 below 1.2 (no room to next pool)
[gate] ABNB/USDT blocked — R:R 1.00 below 1.2 (no room to next pool)
[gate] RENDER/USDT blocked — Event move still unresolved — no higher low / structure break yet — still inside the vertical
[gate] IWM/USDT blocked — Event move still unresolved — peak is too recent — no structure yet
[19:42:55] Scan #567 | 87/87 fed | 26 candidates | 0 shadow | 87 reused | 0 dispatched | 2.2s | floor=72.0
[news] settled 17 term observations
[corr] 4 correlated peers dropped in favour of the strongest in each group
[gate] JPM/USDT blocked — Event move still unresolved — peak is too recent — no structure yet
[gate] LMT/USDT blocked — Event move still unresolved — no lower high / structure break yet — still inside the vertical
[gate] NEAR/USDT blocked — R:R 1.01 below 1.2 (no room to next pool)
[gate] ABNB/USDT blocked — R:R 1.00 below 1.2 (no room to next pool)
[gate] RENDER/USDT blocked — Event move still unresolved — no higher low / structure break yet — still inside the vertical
[gate] IWM/USDT blocked — Event move still unresolved — peak is too recent — no structure yet
[19:43:22] Scan #568 | 87/87 fed | 26 candidates | 1 shadow | 87 reused | 0 dispatched | 11.7s | floor=72.0
[corr] 4 correlated peers dropped in favour of the strongest in each group
[gate] JPM/USDT blocked — Event move still unresolved — peak is too recent — no structure yet
[gate] LMT/USDT blocked — Event move still unresolved — no lower high / structure break yet — still inside the vertical
[gate] NEAR/USDT blocked — R:R 1.01 below 1.2 (no room to next pool)
[gate] ABNB/USDT blocked — R:R 1.00 below 1.2 (no room to next pool)
[gate] RENDER/USDT blocked — Event move still unresolved — no higher low / structure break yet — still inside the vertical
[gate] IWM/USDT blocked — Event move still unresolved — peak is too recent — no structure yet
[19:43:39] Scan #569 | 87/87 fed | 26 candidates | 0 shadow | 87 reused | 0 dispatched | 2.6s | floor=72.0
[corr] 4 correlated peers dropped in favour of the strongest in each group
[gate] JPM/USDT blocked — Event move still unresolved — peak is too recent — no structure yet
[gate] LMT/USDT blocked — Event move still unresolved — no lower high / structure break yet — still inside the vertical
[gate] NEAR/USDT blocked — R:R 1.01 below 1.2 (no room to next pool)
[gate] ABNB/USDT blocked — R:R 1.00 below 1.2 (no room to next pool)
[gate] RENDER/USDT blocked — Event move still unresolved — no higher low / structure break yet — still inside the vertical
[gate] IWM/USDT blocked — Event move still unresolved — peak is too recent — no structure yet
[19:43:55] Scan #570 | 87/87 fed | 26 candidates | 0 shadow | 87 reused | 0 dispatched | 0.9s | floor=72.0
[corr] 4 correlated peers dropped in favour of the strongest in each group
[gate] JPM/USDT blocked — Event move still unresolved — peak is too recent — no structure yet
[gate] LMT/USDT blocked — Event move still unresolved — no lower high / structure break yet — still inside the vertical
[gate] NEAR/USDT blocked — R:R 1.01 below 1.2 (no room to next pool)
[gate] ABNB/USDT blocked — R:R 1.00 below 1.2 (no room to next pool)
[gate] IWM/USDT blocked — Event move still unresolved — peak is too recent — no structure yet
[gate] RENDER/USDT blocked — Event move still unresolved — no higher low / structure break yet — still inside the vertical
[19:44:34] Scan #571 | 87/87 fed | 26 candidates | 0 shadow | 87 reused | 0 dispatched | 23.3s | floor=72.0
[corr] 4 correlated peers dropped in favour of the strongest in each group
[gate] JPM/USDT blocked — Event move still unresolved — peak is too recent — no structure yet
[gate] LMT/USDT blocked — Event move still unresolved — no lower high / structure break yet — still inside the vertical
[gate] NEAR/USDT blocked — R:R 1.01 below 1.2 (no room to next pool)
[gate] ABNB/USDT blocked — R:R 1.00 below 1.2 (no room to next pool)
[gate] IWM/USDT blocked — Event move still unresolved — peak is too recent — no structure yet
[gate] RENDER/USDT blocked — Event move still unresolved — no higher low / structure break yet — still inside the vertical
[19:44:56] Scan #572 | 87/87 fed | 26 candidates | 0 shadow | 87 reused | 0 dispatched | 7.3s | floor=72.0
[corr] 3 correlated peers dropped in favour of the strongest in each group
[gate] LMT/USDT blocked — Event move still unresolved — no lower high / structure break yet — still inside the vertical
[gate] ABNB/USDT blocked — R:R 1.00 below 1.2 (no room to next pool)
[gate] DOT/USDT 81 held back — held threshold for only 1/3 consecutive scans
[gate] LINK/USDT 80 held back — only 1/3 confirming scans so far
[gate] NEAR/USDT blocked — R:R 0.98 below 1.2 (no room to next pool)
[19:45:47] Scan #573 | 87/87 fed | 27 candidates | 3 shadow | 0 reused | 0 dispatched | 36.3s | floor=72.0
[news] settled 1372 term observations
[corr] 3 correlated peers dropped in favour of the strongest in each group
[gate] LMT/USDT blocked — Event move still unresolved — no lower high / structure break yet — still inside the vertical
[gate] ABNB/USDT blocked — R:R 1.00 below 1.2 (no room to next pool)
[gate] DOT/USDT 81 held back — held threshold for only 2/3 consecutive scans
[gate] LINK/USDT 80 held back — only 2/3 confirming scans so far
[gate] NEAR/USDT blocked — R:R 0.98 below 1.2 (no room to next pool)
[19:46:14] Scan #574 | 87/87 fed | 27 candidates | 0 shadow | 87 reused | 0 dispatched | 11.6s | floor=72.0
[news] settled 55 term observations
[shadow] BNB/USDT LONG -> SL_HIT (-0.87%) STOPPED_AFTER_PARTIAL_RUN,DERIV_ALIGNED,NEWS_CONFLICT
[shadow] MCD/USDT SHORT -> TP2_HIT (+0.64%) NEWS_CONFLICT
[redis-sync] Pushed state to Upstash Redis (12 files, resolved trades)
[corr] 3 correlated peers dropped in favour of the strongest in each group
[gate] LMT/USDT blocked — Event move still unresolved — no lower high / structure break yet — still inside the vertical
[gate] ABNB/USDT blocked — R:R 1.00 below 1.2 (no room to next pool)
[gate] LINK/USDT blocked — R:R 1.00 below 1.2 (no room to next pool)
[gate] DOT/USDT blocked — R:R 1.01 below 1.2 (no room to next pool)
[gate] NEAR/USDT blocked — R:R 0.99 below 1.2 (no room to next pool)
[19:46:51] Scan #575 | 87/87 fed | 27 candidates | 0 shadow | 87 reused | 0 dispatched | 22.4s | floor=72.0
[news] settled 21 term observations
[corr] 3 correlated peers dropped in favour of the strongest in each group
[gate] LMT/USDT blocked — Event move still unresolved — no lower high / structure break yet — still inside the vertical
[gate] ABNB/USDT blocked — R:R 1.00 below 1.2 (no room to next pool)
[gate] LINK/USDT blocked — R:R 1.00 below 1.2 (no room to next pool)
[gate] DOT/USDT blocked — R:R 1.01 below 1.2 (no room to next pool)
[gate] NEAR/USDT blocked — R:R 0.99 below 1.2 (no room to next pool)
[19:47:19] Scan #576 | 87/87 fed | 27 candidates | 0 shadow | 87 reused | 0 dispatched | 12.2s | floor=72.0
[corr] 3 correlated peers dropped in favour of the strongest in each group
[gate] LMT/USDT blocked — Event move still unresolved — no lower high / structure break yet — still inside the vertical
[gate] ABNB/USDT blocked — R:R 1.00 below 1.2 (no room to next pool)
[gate] LINK/USDT blocked — R:R 1.00 below 1.2 (no room to next pool)
[gate] DOT/USDT blocked — R:R 1.01 below 1.2 (no room to next pool)
[gate] NEAR/USDT blocked — R:R 0.99 below 1.2 (no room to next pool)
[19:47:45] Scan #577 | 87/87 fed | 27 candidates | 0 shadow | 87 reused | 0 dispatched | 11.5s | floor=72.0
[corr] 3 correlated peers dropped in favour of the strongest in each group
[gate] LMT/USDT blocked — Event move still unresolved — no lower high / structure break yet — still inside the vertical
[gate] ABNB/USDT blocked — R:R 1.00 below 1.2 (no room to next pool)
[gate] LINK/USDT blocked — R:R 1.00 below 1.2 (no room to next pool)
[gate] DOT/USDT blocked — R:R 1.01 below 1.2 (no room to next pool)
[gate] NEAR/USDT blocked — R:R 0.99 below 1.2 (no room to next pool)
[19:48:03] Scan #578 | 87/87 fed | 27 candidates | 0 shadow | 87 reused | 0 dispatched | 2.5s | floor=72.0
[corr] 3 correlated peers dropped in favour of the strongest in each group
[gate] LMT/USDT blocked — Event move still unresolved — no lower high / structure break yet — still inside the vertical
[gate] ABNB/USDT blocked — R:R 1.00 below 1.2 (no room to next pool)
[gate] LINK/USDT blocked — R:R 1.00 below 1.2 (no room to next pool)
[gate] DOT/USDT blocked — R:R 1.01 below 1.2 (no room to next pool)
[gate] NEAR/USDT blocked — R:R 0.99 below 1.2 (no room to next pool)
[19:48:29] Scan #579 | 87/87 fed | 27 candidates | 0 shadow | 87 reused | 0 dispatched | 11.3s | floor=72.0
[corr] 3 correlated peers dropped in favour of the strongest in each group
[gate] LMT/USDT blocked — Event move still unresolved — no lower high / structure break yet — still inside the vertical
[gate] ABNB/USDT blocked — R:R 1.00 below 1.2 (no room to next pool)
[gate] LINK/USDT blocked — R:R 1.00 below 1.2 (no room to next pool)
[gate] DOT/USDT blocked — R:R 1.01 below 1.2 (no room to next pool)
[gate] NEAR/USDT blocked — R:R 0.99 below 1.2 (no room to next pool)
[19:48:46] Scan #580 | 87/87 fed | 27 candidates | 0 shadow | 87 reused | 0 dispatched | 2.4s | floor=72.0
[corr] 3 correlated peers dropped in favour of the strongest in each group
[gate] LMT/USDT blocked — Event move still unresolved — no lower high / structure break yet — still inside the vertical
[gate] ABNB/USDT blocked — R:R 1.00 below 1.2 (no room to next pool)
[gate] LINK/USDT blocked — R:R 1.00 below 1.2 (no room to next pool)
[gate] DOT/USDT blocked — R:R 1.01 below 1.2 (no room to next pool)
[gate] NEAR/USDT blocked — R:R 0.99 below 1.2 (no room to next pool)
[19:49:02] Scan #581 | 87/87 fed | 27 candidates | 0 shadow | 87 reused | 0 dispatched | 0.9s | floor=72.0
[corr] 3 correlated peers dropped in favour of the strongest in each group
[gate] LMT/USDT blocked — Event move still unresolved — no lower high / structure break yet — still inside the vertical
[gate] ABNB/USDT blocked — R:R 1.00 below 1.2 (no room to next pool)
[gate] LINK/USDT blocked — R:R 1.00 below 1.2 (no room to next pool)
[gate] DOT/USDT blocked — R:R 1.01 below 1.2 (no room to next pool)
[gate] NEAR/USDT blocked — R:R 0.99 below 1.2 (no room to next pool)
[gate] CRM/USDT 74 held back — held threshold for only 1/3 consecutive scans
[19:49:30] Scan #582 | 87/87 fed | 27 candidates | 0 shadow | 87 reused | 0 dispatched | 12.7s | floor=72.0
[corr] 3 correlated peers dropped in favour of the strongest in each group
[gate] LMT/USDT blocked — Event move still unresolved — no lower high / structure break yet — still inside the vertical
[gate] ABNB/USDT blocked — R:R 1.00 below 1.2 (no room to next pool)
[gate] LINK/USDT blocked — R:R 1.00 below 1.2 (no room to next pool)
[gate] DOT/USDT blocked — R:R 1.01 below 1.2 (no room to next pool)
[gate] NEAR/USDT blocked — R:R 0.99 below 1.2 (no room to next pool)
[gate] CRM/USDT 74 held back — held threshold for only 2/3 consecutive scans
[19:49:48] Scan #583 | 87/87 fed | 27 candidates | 0 shadow | 87 reused | 0 dispatched | 3.1s | floor=72.0
[✓] Event calendar: 34 events over 30d
[corr] 3 correlated peers dropped in favour of the strongest in each group
[gate] LMT/USDT blocked — Event move still unresolved — no lower high / structure break yet — still inside the vertical
[gate] ABNB/USDT blocked — R:R 1.00 below 1.2 (no room to next pool)
[gate] LINK/USDT blocked — R:R 1.00 below 1.2 (no room to next pool)
[gate] DOT/USDT blocked — R:R 1.01 below 1.2 (no room to next pool)
[gate] NEAR/USDT blocked — R:R 0.99 below 1.2 (no room to next pool)
[gate] CRM/USDT blocked — R:R 1.00 below 1.2 (no room to next pool)
[19:50:04] Scan #584 | 87/87 fed | 27 candidates | 0 shadow | 87 reused | 0 dispatched | 0.9s | floor=72.0
[redis-sync] Pushed state to Upstash Redis (12 files, periodic)
[corr] 3 correlated peers dropped in favour of the strongest in each group
[gate] LMT/USDT blocked — Event move still unresolved — no lower high / structure break yet — still inside the vertical
[gate] ABNB/USDT blocked — R:R 1.00 below 1.2 (no room to next pool)
[gate] LINK/USDT blocked — R:R 1.00 below 1.2 (no room to next pool)
[gate] DOT/USDT blocked — R:R 1.01 below 1.2 (no room to next pool)
[gate] NEAR/USDT blocked — R:R 0.99 below 1.2 (no room to next pool)
[gate] CRM/USDT blocked — R:R 1.00 below 1.2 (no room to next pool)
[19:50:40] Scan #585 | 87/87 fed | 27 candidates | 0 shadow | 87 reused | 0 dispatched | 20.7s | floor=72.0
[corr] 3 correlated peers dropped in favour of the strongest in each group
[gate] LMT/USDT blocked — Event move still unresolved — no lower high / structure break yet — still inside the vertical
[gate] ABNB/USDT blocked — R:R 1.00 below 1.2 (no room to next pool)
[gate] LINK/USDT blocked — R:R 1.00 below 1.2 (no room to next pool)
[gate] DOT/USDT blocked — R:R 1.01 below 1.2 (no room to next pool)
[gate] NEAR/USDT blocked — R:R 0.99 below 1.2 (no room to next pool)
[gate] CRM/USDT blocked — R:R 1.00 below 1.2 (no room to next pool)
[19:51:01] Scan #586 | 87/87 fed | 27 candidates | 0 shadow | 87 reused | 0 dispatched | 6.0s | floor=72.0
[news] settled 60 term observations
[corr] 3 correlated peers dropped in favour of the strongest in each group
[gate] LMT/USDT blocked — Event move still unresolved — no lower high / structure break yet — still inside the vertical
[gate] LINK/USDT blocked — R:R 0.39 below 1.2 (no room to next pool)
[gate] ABNB/USDT blocked — R:R 1.00 below 1.2 (no room to next pool)
[gate] NEAR/USDT blocked — R:R 0.99 below 1.2 (no room to next pool)
[gate] DOT/USDT blocked — R:R 1.01 below 1.2 (no room to next pool)
[gate] STX/USDT 72 held back — held threshold for only 1/3 consecutive scans
[19:51:32] Scan #587 | 87/87 fed | 27 candidates | 0 shadow | 87 reused | 0 dispatched | 16.7s | floor=72.0
[news] settled 59 term observations
[!] Telegram Alert Status Code 400 on Attempt 1: {"ok":false,"error_code":400,"description":"Bad Request: can't parse entities: Can't find end of the entity starting at byte offset 604"}
[corr] 3 correlated peers dropped in favour of the strongest in each group
[gate] LMT/USDT blocked — Event move still unresolved — no lower high / structure break yet — still inside the vertical
[gate] LINK/USDT blocked — R:R 0.39 below 1.2 (no room to next pool)
[gate] ABNB/USDT blocked — R:R 1.00 below 1.2 (no room to next pool)
[gate] NEAR/USDT blocked — R:R 0.99 below 1.2 (no room to next pool)
[gate] DOT/USDT blocked — R:R 1.01 below 1.2 (no room to next pool)
[gate] STX/USDT 72 held back — held threshold for only 2/3 consecutive scans
[19:51:58] Scan #588 | 87/87 fed | 27 candidates | 0 shadow | 87 reused | 0 dispatched | 10.3s | floor=72.0
[!] Telegram Alert Status Code 400 on Attempt 2: {"ok":false,"error_code":400,"description":"Bad Request: can't parse entities: Can't find end of the entity starting at byte offset 604"}
[!] Telegram Alert Status Code 400 on Attempt 3: {"ok":false,"error_code":400,"description":"Bad Request: can't parse entities: Can't find end of the entity starting at byte offset 604"}
[✓] Learning report sent (resolved=1818, +22)
[corr] 3 correlated peers dropped in favour of the strongest in each group
[gate] LMT/USDT blocked — Event move still unresolved — no lower high / structure break yet — still inside the vertical
[gate] LINK/USDT blocked — R:R 0.46 below 1.2 (no room to next pool)
[gate] ABNB/USDT blocked — R:R 1.00 below 1.2 (no room to next pool)
[gate] NEAR/USDT blocked — R:R 1.01 below 1.2 (no room to next pool)
[gate] DOT/USDT blocked — R:R 1.01 below 1.2 (no room to next pool)
[19:52:26] Scan #589 | 87/87 fed | 27 candidates | 0 shadow | 87 reused | 0 dispatched | 13.7s | floor=72.0
[shadow] ADA/USDT SHORT -> TP1_HIT (+1.49%) DERIV_ALIGNED,NEWS_ALIGNED
[corr] 3 correlated peers dropped in favour of the strongest in each group
[gate] LMT/USDT blocked — Event move still unresolved — no lower high / structure break yet — still inside the vertical
[gate] LINK/USDT blocked — R:R 0.46 below 1.2 (no room to next pool)
[gate] ABNB/USDT blocked — R:R 1.00 below 1.2 (no room to next pool)
[gate] NEAR/USDT blocked — R:R 1.01 below 1.2 (no room to next pool)
[gate] DOT/USDT blocked — R:R 1.01 below 1.2 (no room to next pool)
[19:52:48] Scan #590 | 87/87 fed | 27 candidates | 1 shadow | 87 reused | 0 dispatched | 6.8s | floor=72.0
[redis-sync] Pushed state to Upstash Redis (12 files, resolved trades)
[corr] 3 correlated peers dropped in favour of the strongest in each group
[gate] LMT/USDT blocked — Event move still unresolved — no lower high / structure break yet — still inside the vertical
[gate] LINK/USDT blocked — R:R 0.46 below 1.2 (no room to next pool)
[gate] ABNB/USDT blocked — R:R 1.00 below 1.2 (no room to next pool)
[gate] NEAR/USDT blocked — R:R 1.01 below 1.2 (no room to next pool)
[gate] DOT/USDT blocked — R:R 1.01 below 1.2 (no room to next pool)
[19:53:12] Scan #591 | 87/87 fed | 27 candidates | 0 shadow | 87 reused | 0 dispatched | 8.7s | floor=72.0
[news] settled 62 term observations
[corr] 3 correlated peers dropped in favour of the strongest in each group
[gate] LMT/USDT blocked — Event move still unresolved — no lower high / structure break yet — still inside the vertical
[gate] LINK/USDT blocked — R:R 0.48 below 1.2 (no room to next pool)
[gate] ABNB/USDT blocked — R:R 1.00 below 1.2 (no room to next pool)
[gate] NEAR/USDT blocked — R:R 1.01 below 1.2 (no room to next pool)
[gate] DOT/USDT blocked — R:R 1.01 below 1.2 (no room to next pool)
[19:53:31] Scan #592 | 87/87 fed | 27 candidates | 0 shadow | 87 reused | 0 dispatched | 3.7s | floor=72.0
[corr] 3 correlated peers dropped in favour of the strongest in each group
[gate] LMT/USDT blocked — Event move still unresolved — no lower high / structure break yet — still inside the vertical
[gate] LINK/USDT blocked — R:R 0.48 below 1.2 (no room to next pool)
[gate] ABNB/USDT blocked — R:R 1.00 below 1.2 (no room to next pool)
[gate] NEAR/USDT blocked — R:R 1.01 below 1.2 (no room to next pool)
[gate] DOT/USDT blocked — R:R 1.01 below 1.2 (no room to next pool)
[19:53:47] Scan #593 | 87/87 fed | 27 candidates | 0 shadow | 87 reused | 0 dispatched | 1.0s | floor=72.0
[corr] 3 correlated peers dropped in favour of the strongest in each group
[gate] LMT/USDT blocked — Event move still unresolved — no lower high / structure break yet — still inside the vertical
[gate] LINK/USDT blocked — R:R 0.48 below 1.2 (no room to next pool)
[gate] ABNB/USDT blocked — R:R 1.00 below 1.2 (no room to next pool)
[gate] NEAR/USDT blocked — R:R 1.01 below 1.2 (no room to next pool)
[gate] DOT/USDT blocked — R:R 1.01 below 1.2 (no room to next pool)
[19:54:14] Scan #594 | 87/87 fed | 27 candidates | 0 shadow | 87 reused | 0 dispatched | 12.3s | floor=72.0
[corr] 3 correlated peers dropped in favour of the strongest in each group
[gate] LMT/USDT blocked — Event move still unresolved — no lower high / structure break yet — still inside the vertical
[gate] LINK/USDT blocked — R:R 0.59 below 1.2 (no room to next pool)
[gate] ABNB/USDT blocked — R:R 1.00 below 1.2 (no room to next pool)
[gate] NEAR/USDT blocked — R:R 1.01 below 1.2 (no room to next pool)
[gate] DOT/USDT blocked — R:R 1.01 below 1.2 (no room to next pool)
[gate] WMT/USDT 72 held back — held threshold for only 1/3 consecutive scans
[19:54:33] Scan #595 | 87/87 fed | 27 candidates | 1 shadow | 87 reused | 0 dispatched | 3.6s | floor=72.0
[corr] 3 correlated peers dropped in favour of the strongest in each group
[gate] LMT/USDT blocked — Event move still unresolved — no lower high / structure break yet — still inside the vertical
[gate] LINK/USDT blocked — R:R 0.59 below 1.2 (no room to next pool)
[gate] ABNB/USDT blocked — R:R 1.00 below 1.2 (no room to next pool)
[gate] NEAR/USDT blocked — R:R 1.01 below 1.2 (no room to next pool)
[gate] DOT/USDT blocked — R:R 1.01 below 1.2 (no room to next pool)
[gate] WMT/USDT 72 held back — held threshold for only 2/3 consecutive scans
[19:54:54] Scan #596 | 87/87 fed | 27 candidates | 0 shadow | 87 reused | 0 dispatched | 6.2s | floor=72.0
[corr] 3 correlated peers dropped in favour of the strongest in each group
[gate] LMT/USDT blocked — Event move still unresolved — no lower high / structure break yet — still inside the vertical
[gate] ABNB/USDT blocked — R:R 1.00 below 1.2 (no room to next pool)
[gate] LINK/USDT blocked — R:R 0.64 below 1.2 (no room to next pool)
[gate] NEAR/USDT blocked — R:R 1.01 below 1.2 (no room to next pool)
[gate] DOT/USDT blocked — R:R 1.01 below 1.2 (no room to next pool)
[gate] WMT/USDT blocked — Event move still unresolved — no lower high / structure break yet — still inside the vertical
[19:55:22] Scan #597 | 87/87 fed | 27 candidates | 0 shadow | 87 reused | 0 dispatched | 13.2s | floor=72.0
[news] settled 254 term observations
[corr] 3 correlated peers dropped in favour of the strongest in each group
[gate] LMT/USDT blocked — Event move still unresolved — no lower high / structure break yet — still inside the vertical
[gate] ABNB/USDT blocked — R:R 1.00 below 1.2 (no room to next pool)
[gate] LINK/USDT blocked — R:R 0.64 below 1.2 (no room to next pool)
[gate] NEAR/USDT blocked — R:R 1.01 below 1.2 (no room to next pool)
[gate] DOT/USDT blocked — R:R 1.01 below 1.2 (no room to next pool)
[gate] WMT/USDT blocked — Event move still unresolved — no lower high / structure break yet — still inside the vertical
[19:55:52] Scan #598 | 87/87 fed | 27 candidates | 0 shadow | 87 reused | 0 dispatched | 14.9s | floor=72.0
[news] settled 687 term observations
[corr] 3 correlated peers dropped in favour of the strongest in each group
[gate] LMT/USDT blocked — Event move still unresolved — no lower high / structure break yet — still inside the vertical
[gate] LINK/USDT blocked — R:R 0.54 below 1.2 (no room to next pool)
[gate] ABNB/USDT blocked — R:R 1.00 below 1.2 (no room to next pool)
[gate] NEAR/USDT blocked — R:R 1.01 below 1.2 (no room to next pool)
[gate] DOT/USDT blocked — R:R 1.01 below 1.2 (no room to next pool)
[19:56:23] Scan #599 | 87/87 fed | 27 candidates | 0 shadow | 87 reused | 0 dispatched | 16.1s | floor=72.0
[news] settled 639 term observations
[corr] 3 correlated peers dropped in favour of the strongest in each group
[gate] LMT/USDT blocked — Event move still unresolved — no lower high / structure break yet — still inside the vertical
[gate] LINK/USDT blocked — R:R 0.54 below 1.2 (no room to next pool)
[gate] ABNB/USDT blocked — R:R 1.00 below 1.2 (no room to next pool)
[gate] NEAR/USDT blocked — R:R 1.01 below 1.2 (no room to next pool)
[gate] DOT/USDT blocked — R:R 1.01 below 1.2 (no room to next pool)
[19:56:43] Scan #600 | 87/87 fed | 27 candidates | 0 shadow | 87 reused | 0 dispatched | 5.5s | floor=72.0
[news] settled 102 term observations
[corr] 3 correlated peers dropped in favour of the strongest in each group
[gate] LMT/USDT blocked — Event move still unresolved — no lower high / structure break yet — still inside the vertical
[gate] LINK/USDT blocked — R:R 0.54 below 1.2 (no room to next pool)
[gate] ABNB/USDT blocked — R:R 1.00 below 1.2 (no room to next pool)
[gate] NEAR/USDT blocked — R:R 1.01 below 1.2 (no room to next pool)
[gate] DOT/USDT blocked — R:R 1.01 below 1.2 (no room to next pool)
[19:57:16] Scan #601 | 87/87 fed | 27 candidates | 0 shadow | 87 reused | 0 dispatched | 17.3s | floor=72.0
[news] settled 48 term observations
[corr] 3 correlated peers dropped in favour of the strongest in each group
[gate] LMT/USDT blocked — Event move still unresolved — no lower high / structure break yet — still inside the vertical
[gate] LINK/USDT blocked — R:R 0.67 below 1.2 (no room to next pool)
[gate] ABNB/USDT blocked — R:R 1.00 below 1.2 (no room to next pool)
[gate] NEAR/USDT blocked — R:R 1.01 below 1.2 (no room to next pool)
[gate] DOT/USDT blocked — R:R 1.01 below 1.2 (no room to next pool)
[19:57:40] Scan #602 | 87/87 fed | 27 candidates | 0 shadow | 87 reused | 0 dispatched | 8.8s | floor=72.0
[corr] 3 correlated peers dropped in favour of the strongest in each group
[gate] LMT/USDT blocked — Event move still unresolved — no lower high / structure break yet — still inside the vertical
[gate] ABNB/USDT blocked — R:R 1.00 below 1.2 (no room to next pool)
[gate] LINK/USDT blocked — R:R 0.67 below 1.2 (no room to next pool)
[gate] NEAR/USDT blocked — R:R 1.01 below 1.2 (no room to next pool)
[gate] DOT/USDT blocked — R:R 1.01 below 1.2 (no room to next pool)
[19:58:04] Scan #603 | 87/87 fed | 27 candidates | 0 shadow | 87 reused | 0 dispatched | 9.6s | floor=72.0
[corr] 3 correlated peers dropped in favour of the strongest in each group
[gate] LMT/USDT blocked — Event move still unresolved — no lower high / structure break yet — still inside the vertical
[gate] ABNB/USDT blocked — R:R 1.00 below 1.2 (no room to next pool)
[gate] LINK/USDT blocked — R:R 0.71 below 1.2 (no room to next pool)
[gate] NEAR/USDT blocked — R:R 1.01 below 1.2 (no room to next pool)
[gate] DOT/USDT blocked — R:R 1.01 below 1.2 (no room to next pool)
[19:58:25] Scan #604 | 87/87 fed | 27 candidates | 0 shadow | 87 reused | 0 dispatched | 5.8s | floor=72.0
[news] settled 32 term observations
[corr] 3 correlated peers dropped in favour of the strongest in each group
[gate] LMT/USDT blocked — Event move still unresolved — no lower high / structure break yet — still inside the vertical
[gate] ABNB/USDT blocked — R:R 1.00 below 1.2 (no room to next pool)
[gate] LINK/USDT blocked — R:R 0.71 below 1.2 (no room to next pool)
[gate] NEAR/USDT blocked — R:R 1.01 below 1.2 (no room to next pool)
[gate] DOT/USDT blocked — R:R 1.01 below 1.2 (no room to next pool)
[19:58:41] Scan #605 | 87/87 fed | 27 candidates | 0 shadow | 87 reused | 0 dispatched | 0.9s | floor=72.0
[corr] 3 correlated peers dropped in favour of the strongest in each group
[gate] LMT/USDT blocked — Event move still unresolved — no lower high / structure break yet — still inside the vertical
[gate] LINK/USDT blocked — R:R 0.71 below 1.2 (no room to next pool)
[gate] ABNB/USDT blocked — R:R 1.00 below 1.2 (no room to next pool)
[gate] NEAR/USDT blocked — R:R 1.01 below 1.2 (no room to next pool)
[gate] DOT/USDT blocked — R:R 1.01 below 1.2 (no room to next pool)
[19:59:02] Scan #606 | 87/87 fed | 27 candidates | 0 shadow | 87 reused | 0 dispatched | 5.8s | floor=72.0
[corr] 3 correlated peers dropped in favour of the strongest in each group
[gate] LMT/USDT blocked — Event move still unresolved — no lower high / structure break yet — still inside the vertical
[gate] LINK/USDT blocked — R:R 0.64 below 1.2 (no room to next pool)
[gate] ABNB/USDT blocked — R:R 1.00 below 1.2 (no room to next pool)
[gate] NEAR/USDT blocked — R:R 1.01 below 1.2 (no room to next pool)
[gate] DOT/USDT blocked — R:R 1.01 below 1.2 (no room to next pool)
[19:59:22] Scan #607 | 87/87 fed | 27 candidates | 0 shadow | 87 reused | 0 dispatched | 5.0s | floor=72.0
[corr] 3 correlated peers dropped in favour of the strongest in each group
[gate] LMT/USDT blocked — Event move still unresolved — no lower high / structure break yet — still inside the vertical
[gate] LINK/USDT blocked — R:R 0.64 below 1.2 (no room to next pool)
[gate] ABNB/USDT blocked — R:R 1.00 below 1.2 (no room to next pool)
[gate] NEAR/USDT blocked — R:R 1.01 below 1.2 (no room to next pool)
[gate] DOT/USDT blocked — R:R 1.01 below 1.2 (no room to next pool)
[19:59:38] Scan #608 | 87/87 fed | 27 candidates | 0 shadow | 87 reused | 0 dispatched | 0.9s | floor=72.0
[corr] 3 correlated peers dropped in favour of the strongest in each group
[gate] LMT/USDT blocked — Event move still unresolved — no lower high / structure break yet — still inside the vertical
[gate] ABNB/USDT blocked — R:R 1.00 below 1.2 (no room to next pool)
[gate] LINK/USDT blocked — R:R 0.64 below 1.2 (no room to next pool)
[gate] NEAR/USDT blocked — R:R 1.01 below 1.2 (no room to next pool)
[gate] DOT/USDT blocked — R:R 1.01 below 1.2 (no room to next pool)
[19:59:58] Scan #609 | 87/87 fed | 27 candidates | 0 shadow | 87 reused | 0 dispatched | 5.5s | floor=72.0
[news] settled 152 term observations
[corr] 3 correlated peers dropped in favour of the strongest in each group
[gate] LMT/USDT blocked — Event move still unresolved — peak is too recent — no structure yet
[gate] ABNB/USDT blocked — R:R 0.87 below 1.2 (no room to next pool)
[gate] NEAR/USDT blocked — R:R 1.00 below 1.2 (no room to next pool)
[gate] NKE/USDT 78 held back — only 1/3 confirming scans so far
[gate] TIA/USDT 75 held back — held threshold for only 1/3 consecutive scans
[gate] DOT/USDT blocked — Event move still unresolved — peak is too recent — no structure yet
[gate] XLE/USDT 72 held back — held threshold for only 1/3 consecutive scans
[20:01:00] Scan #610 | 87/87 fed | 27 candidates | 1 shadow | 0 reused | 0 dispatched | 46.7s | floor=72.0
[news] settled 1156 term observations
[corr] 3 correlated peers dropped in favour of the strongest in each group
[gate] LMT/USDT blocked — Event move still unresolved — peak is too recent — no structure yet
[gate] ABNB/USDT blocked — R:R 0.87 below 1.2 (no room to next pool)
[gate] NEAR/USDT blocked — R:R 1.00 below 1.2 (no room to next pool)
[gate] NKE/USDT 78 held back — only 2/3 confirming scans so far
[gate] DOT/USDT blocked — Event move still unresolved — peak is too recent — no structure yet
[gate] TIA/USDT 74 held back — held threshold for only 2/3 consecutive scans
[gate] W/USDT 72 held back — only 2/3 confirming scans so far
[gate] XLE/USDT 72 held back — held threshold for only 2/3 consecutive scans
[20:01:31] Scan #611 | 87/87 fed | 27 candidates | 0 shadow | 87 reused | 0 dispatched | 16.4s | floor=72.0
[news] settled 17 term observations
[corr] 3 correlated peers dropped in favour of the strongest in each group
[gate] LMT/USDT blocked — Event move still unresolved — peak is too recent — no structure yet
[gate] ABNB/USDT blocked — R:R 0.87 below 1.2 (no room to next pool)
[gate] NEAR/USDT blocked — R:R 1.00 below 1.2 (no room to next pool)
[gate] NKE/USDT blocked — Event move still unresolved — peak is too recent — no structure yet
[gate] DOT/USDT blocked — Event move still unresolved — peak is too recent — no structure yet
[gate] TIA/USDT blocked — R:R 0.44 below 1.2 (no room to next pool)
[gate] W/USDT 72 held back — held threshold for only 2/3 consecutive scans
[gate] XLE/USDT blocked — R:R 1.00 below 1.2 (no room to next pool)
[20:01:56] Scan #612 | 87/87 fed | 27 candidates | 0 shadow | 87 reused | 0 dispatched | 10.2s | floor=72.0
[news] settled 32 term observations
[corr] 3 correlated peers dropped in favour of the strongest in each group
[gate] LMT/USDT blocked — Event move still unresolved — peak is too recent — no structure yet
[gate] ABNB/USDT blocked — R:R 0.87 below 1.2 (no room to next pool)
[gate] NEAR/USDT blocked — R:R 1.00 below 1.2 (no room to next pool)
[gate] NKE/USDT blocked — Event move still unresolved — peak is too recent — no structure yet
[gate] DOT/USDT blocked — Event move still unresolved — peak is too recent — no structure yet
[gate] TIA/USDT blocked — R:R 0.41 below 1.2 (no room to next pool)
[gate] XLE/USDT blocked — R:R 1.00 below 1.2 (no room to next pool)
[20:02:32] Scan #613 | 87/87 fed | 27 candidates | 0 shadow | 87 reused | 0 dispatched | 20.1s | floor=72.0
[corr] 3 correlated peers dropped in favour of the strongest in each group
[gate] LMT/USDT blocked — Event move still unresolved — peak is too recent — no structure yet
[gate] ABNB/USDT blocked — R:R 0.87 below 1.2 (no room to next pool)
[gate] NEAR/USDT blocked — R:R 1.00 below 1.2 (no room to next pool)
[gate] NKE/USDT blocked — Event move still unresolved — peak is too recent — no structure yet
[gate] DOT/USDT blocked — Event move still unresolved — peak is too recent — no structure yet
[gate] TIA/USDT blocked — R:R 0.41 below 1.2 (no room to next pool)
[gate] XLE/USDT blocked — R:R 1.00 below 1.2 (no room to next pool)
[20:03:02] Scan #614 | 87/87 fed | 27 candidates | 0 shadow | 87 reused | 0 dispatched | 15.1s | floor=72.0
[corr] 3 correlated peers dropped in favour of the strongest in each group
[gate] LMT/USDT blocked — Event move still unresolved — peak is too recent — no structure yet
[gate] ABNB/USDT blocked — R:R 0.87 below 1.2 (no room to next pool)
[gate] NEAR/USDT blocked — R:R 1.00 below 1.2 (no room to next pool)
[gate] NKE/USDT blocked — Event move still unresolved — peak is too recent — no structure yet
[gate] DOT/USDT blocked — Event move still unresolved — peak is too recent — no structure yet
[gate] XLE/USDT blocked — R:R 1.00 below 1.2 (no room to next pool)
[20:03:30] Scan #615 | 87/87 fed | 27 candidates | 0 shadow | 87 reused | 0 dispatched | 13.5s | floor=72.0
[corr] 3 correlated peers dropped in favour of the strongest in each group
[gate] LMT/USDT blocked — Event move still unresolved — peak is too recent — no structure yet
[gate] ABNB/USDT blocked — R:R 0.87 below 1.2 (no room to next pool)
[gate] NEAR/USDT blocked — R:R 1.00 below 1.2 (no room to next pool)
[gate] NKE/USDT blocked — Event move still unresolved — peak is too recent — no structure yet
[gate] DOT/USDT blocked — Event move still unresolved — peak is too recent — no structure yet
[gate] XLE/USDT blocked — R:R 1.00 below 1.2 (no room to next pool)
[✓] Digest sent (1h cadence, 20:03 IST)
[20:03:51] Scan #616 | 87/87 fed | 27 candidates | 0 shadow | 87 reused | 0 dispatched | 5.4s | floor=72.0
[corr] 3 correlated peers dropped in favour of the strongest in each group
[gate] LMT/USDT blocked — Event move still unresolved — peak is too recent — no structure yet
[gate] ABNB/USDT blocked — R:R 0.87 below 1.2 (no room to next pool)
[gate] NEAR/USDT blocked — R:R 1.00 below 1.2 (no room to next pool)
[gate] NKE/USDT blocked — Event move still unresolved — peak is too recent — no structure yet
[gate] DOT/USDT blocked — Event move still unresolved — peak is too recent — no structure yet
[gate] XLE/USDT blocked — R:R 1.00 below 1.2 (no room to next pool)
[20:04:19] Scan #617 | 87/87 fed | 27 candidates | 0 shadow | 87 reused | 0 dispatched | 13.8s | floor=72.0
[corr] 3 correlated peers dropped in favour of the strongest in each group
[gate] LMT/USDT blocked — Event move still unresolved — peak is too recent — no structure yet
[gate] ABNB/USDT blocked — R:R 0.87 below 1.2 (no room to next pool)
[gate] NEAR/USDT blocked — R:R 1.00 below 1.2 (no room to next pool)
[gate] NKE/USDT blocked — Event move still unresolved — peak is too recent — no structure yet
[gate] DOT/USDT blocked — Event move still unresolved — peak is too recent — no structure yet
[gate] XLE/USDT blocked — R:R 1.00 below 1.2 (no room to next pool)
[20:04:38] Scan #618 | 87/87 fed | 27 candidates | 0 shadow | 87 reused | 0 dispatched | 3.5s | floor=72.0
[corr] 3 correlated peers dropped in favour of the strongest in each group
[gate] LMT/USDT blocked — Event move still unresolved — peak is too recent — no structure yet
[gate] ABNB/USDT blocked — R:R 0.87 below 1.2 (no room to next pool)
[gate] NEAR/USDT blocked — R:R 1.00 below 1.2 (no room to next pool)
[gate] NKE/USDT blocked — Event move still unresolved — peak is too recent — no structure yet
[gate] DOT/USDT blocked — Event move still unresolved — peak is too recent — no structure yet
[gate] XLE/USDT blocked — R:R 1.00 below 1.2 (no room to next pool)
[20:04:58] Scan #619 | 87/87 fed | 27 candidates | 0 shadow | 87 reused | 0 dispatched | 5.0s | floor=72.0
[corr] 3 correlated peers dropped in favour of the strongest in each group
[gate] LMT/USDT blocked — Event move still unresolved — peak is too recent — no structure yet
[gate] ABNB/USDT blocked — R:R 0.87 below 1.2 (no room to next pool)
[gate] NEAR/USDT blocked — R:R 1.00 below 1.2 (no room to next pool)
[gate] NKE/USDT blocked — Event move still unresolved — peak is too recent — no structure yet
[gate] DOT/USDT blocked — Event move still unresolved — peak is too recent — no structure yet
[gate] XLE/USDT blocked — R:R 1.00 below 1.2 (no room to next pool)
[20:05:28] Scan #620 | 87/87 fed | 27 candidates | 0 shadow | 87 reused | 0 dispatched | 15.4s | floor=72.0
[redis-sync] Pushed state to Upstash Redis (12 files, periodic)
[news] settled 186 term observations
[corr] 3 correlated peers dropped in favour of the strongest in each group
[gate] LMT/USDT blocked — Event move still unresolved — peak is too recent — no structure yet
[gate] ABNB/USDT blocked — R:R 0.87 below 1.2 (no room to next pool)
[gate] NEAR/USDT blocked — R:R 1.00 below 1.2 (no room to next pool)
[gate] NKE/USDT blocked — Event move still unresolved — peak is too recent — no structure yet
[gate] DOT/USDT blocked — Event move still unresolved — peak is too recent — no structure yet
[gate] XLE/USDT blocked — R:R 1.00 below 1.2 (no room to next pool)
[20:05:57] Scan #621 | 87/87 fed | 27 candidates | 0 shadow | 87 reused | 0 dispatched | 13.6s | floor=72.0
[news] settled 174 term observations
[corr] 3 correlated peers dropped in favour of the strongest in each group
[gate] LMT/USDT blocked — Event move still unresolved — peak is too recent — no structure yet
[gate] ABNB/USDT blocked — R:R 0.87 below 1.2 (no room to next pool)
[gate] NEAR/USDT blocked — R:R 1.00 below 1.2 (no room to next pool)
[gate] NKE/USDT blocked — Event move still unresolved — peak is too recent — no structure yet
[gate] DOT/USDT blocked — Event move still unresolved — peak is too recent — no structure yet
[gate] W/USDT 75 held back — held threshold for only 1/3 consecutive scans
[gate] XLE/USDT blocked — R:R 1.00 below 1.2 (no room to next pool)
[20:06:29] Scan #622 | 87/87 fed | 27 candidates | 0 shadow | 87 reused | 0 dispatched | 16.9s | floor=72.0
[news] settled 162 term observations
[shadow] ORCL/USDT LONG -> SL_HIT (-0.67%) STOPPED_AFTER_PARTIAL_RUN,DERIV_CONFLICT,NEWS_ALIGNED,TRADED_WITH_CROWD
[corr] 3 correlated peers dropped in favour of the strongest in each group
[gate] LMT/USDT blocked — Event move still unresolved — peak is too recent — no structure yet
[gate] ABNB/USDT blocked — R:R 0.87 below 1.2 (no room to next pool)
[gate] NEAR/USDT blocked — R:R 1.00 below 1.2 (no room to next pool)
[gate] NKE/USDT blocked — Event move still unresolved — peak is too recent — no structure yet
[gate] DOT/USDT blocked — Event move still unresolved — peak is too recent — no structure yet
[gate] W/USDT 75 held back — held threshold for only 2/3 consecutive scans
[gate] XLE/USDT blocked — R:R 1.00 below 1.2 (no room to next pool)
[20:06:49] Scan #623 | 87/87 fed | 27 candidates | 0 shadow | 87 reused | 0 dispatched | 4.7s | floor=72.0
[redis-sync] Pushed state to Upstash Redis (12 files, resolved trades)
[news] settled 73 term observations
[corr] 3 correlated peers dropped in favour of the strongest in each group
[gate] LMT/USDT blocked — Event move still unresolved — peak is too recent — no structure yet
[gate] ABNB/USDT blocked — R:R 0.87 below 1.2 (no room to next pool)
[gate] NKE/USDT blocked — Event move still unresolved — peak is too recent — no structure yet
[gate] W/USDT blocked — R:R 0.39 below 1.2 (no room to next pool)
[gate] DOT/USDT blocked — Event move still unresolved — peak is too recent — no structure yet
[gate] NEAR/USDT blocked — R:R 1.00 below 1.2 (no room to next pool)
[gate] XLE/USDT blocked — R:R 1.00 below 1.2 (no room to next pool)
[20:07:21] Scan #624 | 87/87 fed | 27 candidates | 0 shadow | 87 reused | 0 dispatched | 17.9s | floor=72.0
[news] settled 21 term observations
[corr] 3 correlated peers dropped in favour of the strongest in each group
[gate] LMT/USDT blocked — Event move still unresolved — peak is too recent — no structure yet
[gate] ABNB/USDT blocked — R:R 0.87 below 1.2 (no room to next pool)
[gate] NKE/USDT blocked — Event move still unresolved — peak is too recent — no structure yet
[gate] W/USDT blocked — R:R 0.39 below 1.2 (no room to next pool)
[gate] TIA/USDT 75 held back — held threshold for only 1/3 consecutive scans
[gate] DOT/USDT blocked — Event move still unresolved — peak is too recent — no structure yet
[gate] NEAR/USDT blocked — R:R 1.00 below 1.2 (no room to next pool)
[gate] XLE/USDT blocked — R:R 1.00 below 1.2 (no room to next pool)
[20:07:46] Scan #625 | 87/87 fed | 27 candidates | 0 shadow | 87 reused | 0 dispatched | 9.9s | floor=72.0
[corr] 3 correlated peers dropped in favour of the strongest in each group
[gate] LMT/USDT blocked — Event move still unresolved — peak is too recent — no structure yet
[gate] ABNB/USDT blocked — R:R 0.87 below 1.2 (no room to next pool)
[gate] NKE/USDT blocked — Event move still unresolved — peak is too recent — no structure yet
[gate] W/USDT blocked — R:R 0.39 below 1.2 (no room to next pool)
[gate] TIA/USDT 75 held back — held threshold for only 2/3 consecutive scans
[gate] DOT/USDT blocked — Event move still unresolved — peak is too recent — no structure yet
[gate] NEAR/USDT blocked — R:R 1.00 below 1.2 (no room to next pool)
[gate] XLE/USDT blocked — R:R 1.00 below 1.2 (no room to next pool)
[20:08:14] Scan #626 | 87/87 fed | 27 candidates | 0 shadow | 87 reused | 0 dispatched | 12.2s | floor=72.0
[corr] 3 correlated peers dropped in favour of the strongest in each group
[gate] LMT/USDT blocked — Event move still unresolved — peak is too recent — no structure yet
[gate] ABNB/USDT blocked — R:R 0.87 below 1.2 (no room to next pool)
[gate] NKE/USDT blocked — Event move still unresolved — peak is too recent — no structure yet
[gate] NEAR/USDT blocked — R:R 1.00 below 1.2 (no room to next pool)
[gate] DOT/USDT blocked — Event move still unresolved — peak is too recent — no structure yet
[gate] W/USDT blocked — R:R 0.52 below 1.2 (no room to next pool)
[gate] XLE/USDT blocked — R:R 1.00 below 1.2 (no room to next pool)
[20:08:35] Scan #627 | 87/87 fed | 27 candidates | 0 shadow | 87 reused | 0 dispatched | 6.5s | floor=72.0
[corr] 3 correlated peers dropped in favour of the strongest in each group
[gate] LMT/USDT blocked — Event move still unresolved — peak is too recent — no structure yet
[gate] ABNB/USDT blocked — R:R 0.87 below 1.2 (no room to next pool)
[gate] NKE/USDT blocked — Event move still unresolved — peak is too recent — no structure yet
[gate] NEAR/USDT blocked — R:R 1.00 below 1.2 (no room to next pool)
[gate] DOT/USDT blocked — Event move still unresolved — peak is too recent — no structure yet
[gate] W/USDT blocked — R:R 0.52 below 1.2 (no room to next pool)
[gate] XLE/USDT blocked — R:R 1.00 below 1.2 (no room to next pool)
[20:08:56] Scan #628 | 87/87 fed | 27 candidates | 0 shadow | 87 reused | 0 dispatched | 6.0s | floor=72.0
[corr] 3 correlated peers dropped in favour of the strongest in each group
[gate] LMT/USDT blocked — Event move still unresolved — peak is too recent — no structure yet
[gate] ABNB/USDT blocked — R:R 0.87 below 1.2 (no room to next pool)
[gate] TIA/USDT 78 held back — held threshold for only 1/3 consecutive scans
[gate] NKE/USDT blocked — Event move still unresolved — peak is too recent — no structure yet
[gate] DOT/USDT blocked — Event move still unresolved — peak is too recent — no structure yet
[gate] NEAR/USDT blocked — R:R 1.00 below 1.2 (no room to next pool)
[gate] XLE/USDT blocked — R:R 1.00 below 1.2 (no room to next pool)
[gate] W/USDT blocked — R:R 0.61 below 1.2 (no room to next pool)
[20:09:19] Scan #629 | 87/87 fed | 27 candidates | 0 shadow | 87 reused | 0 dispatched | 7.7s | floor=72.0
[corr] 3 correlated peers dropped in favour of the strongest in each group
[gate] LMT/USDT blocked — Event move still unresolved — peak is too recent — no structure yet
[gate] ABNB/USDT blocked — R:R 0.87 below 1.2 (no room to next pool)
[gate] TIA/USDT 78 held back — held threshold for only 2/3 consecutive scans
[gate] NKE/USDT blocked — Event move still unresolved — peak is too recent — no structure yet
[gate] DOT/USDT blocked — Event move still unresolved — peak is too recent — no structure yet
[gate] NEAR/USDT blocked — R:R 1.00 below 1.2 (no room to next pool)
[gate] XLE/USDT blocked — R:R 1.00 below 1.2 (no room to next pool)
[gate] W/USDT blocked — R:R 0.61 below 1.2 (no room to next pool)
[20:09:35] Scan #630 | 87/87 fed | 27 candidates | 0 shadow | 87 reused | 0 dispatched | 0.9s | floor=72.0
[corr] 3 correlated peers dropped in favour of the strongest in each group
[gate] LMT/USDT blocked — Event move still unresolved — peak is too recent — no structure yet
[gate] ABNB/USDT blocked — R:R 0.87 below 1.2 (no room to next pool)
[gate] TIA/USDT blocked — R:R 0.41 below 1.2 (no room to next pool)
[gate] NKE/USDT blocked — Event move still unresolved — peak is too recent — no structure yet
[gate] DOT/USDT blocked — Event move still unresolved — peak is too recent — no structure yet
[gate] NEAR/USDT blocked — R:R 1.00 below 1.2 (no room to next pool)
[gate] XLE/USDT blocked — R:R 1.00 below 1.2 (no room to next pool)
[gate] W/USDT blocked — R:R 0.61 below 1.2 (no room to next pool)
[20:09:55] Scan #631 | 87/87 fed | 27 candidates | 0 shadow | 87 reused | 0 dispatched | 4.9s | floor=72.0
[corr] 3 correlated peers dropped in favour of the strongest in each group
[gate] LMT/USDT blocked — Event move still unresolved — peak is too recent — no structure yet
[gate] ABNB/USDT blocked — R:R 0.87 below 1.2 (no room to next pool)
[gate] TIA/USDT blocked — R:R 0.41 below 1.2 (no room to next pool)
[gate] NKE/USDT blocked — Event move still unresolved — peak is too recent — no structure yet
[gate] DOT/USDT blocked — Event move still unresolved — peak is too recent — no structure yet
[gate] NEAR/USDT blocked — R:R 1.00 below 1.2 (no room to next pool)
[gate] W/USDT blocked — R:R 0.57 below 1.2 (no room to next pool)
[gate] XLE/USDT blocked — R:R 1.00 below 1.2 (no room to next pool)
[20:10:20] Scan #632 | 87/87 fed | 27 candidates | 0 shadow | 87 reused | 0 dispatched | 10.6s | floor=72.0
[corr] 3 correlated peers dropped in favour of the strongest in each group
[gate] LMT/USDT blocked — Event move still unresolved — peak is too recent — no structure yet
[gate] ABNB/USDT blocked — R:R 0.87 below 1.2 (no room to next pool)
[gate] TIA/USDT blocked — R:R 0.41 below 1.2 (no room to next pool)
[gate] NKE/USDT blocked — Event move still unresolved — peak is too recent — no structure yet
[gate] DOT/USDT blocked — Event move still unresolved — peak is too recent — no structure yet
[gate] NEAR/USDT blocked — R:R 1.00 below 1.2 (no room to next pool)
[gate] W/USDT blocked — R:R 0.57 below 1.2 (no room to next pool)
[gate] XLE/USDT blocked — R:R 1.00 below 1.2 (no room to next pool)
[20:10:43] Scan #633 | 87/87 fed | 27 candidates | 0 shadow | 87 reused | 0 dispatched | 8.1s | floor=72.0
[news] settled 668 term observations
[corr] 3 correlated peers dropped in favour of the strongest in each group
[gate] LMT/USDT blocked — Event move still unresolved — peak is too recent — no structure yet
[gate] ABNB/USDT blocked — R:R 0.87 below 1.2 (no room to next pool)
[gate] TIA/USDT blocked — R:R 0.41 below 1.2 (no room to next pool)
[gate] NKE/USDT blocked — Event move still unresolved — peak is too recent — no structure yet
[gate] DOT/USDT blocked — Event move still unresolved — peak is too recent — no structure yet
[gate] NEAR/USDT blocked — R:R 1.00 below 1.2 (no room to next pool)
[gate] W/USDT blocked — R:R 0.57 below 1.2 (no room to next pool)
[gate] XLE/USDT blocked — R:R 1.00 below 1.2 (no room to next pool)
[20:11:18] Scan #634 | 87/87 fed | 27 candidates | 0 shadow | 87 reused | 0 dispatched | 19.2s | floor=72.0
[news] settled 74 term observations
[corr] 3 correlated peers dropped in favour of the strongest in each group
[gate] LMT/USDT blocked — Event move still unresolved — peak is too recent — no structure yet
[gate] ABNB/USDT blocked — R:R 0.87 below 1.2 (no room to next pool)
[gate] TIA/USDT blocked — R:R 0.41 below 1.2 (no room to next pool)
[gate] NKE/USDT blocked — Event move still unresolved — peak is too recent — no structure yet
[gate] DOT/USDT blocked — Event move still unresolved — peak is too recent — no structure yet
[gate] W/USDT blocked — R:R 0.53 below 1.2 (no room to next pool)
[gate] XLE/USDT blocked — R:R 1.00 below 1.2 (no room to next pool)
[20:11:46] Scan #635 | 87/87 fed | 27 candidates | 0 shadow | 87 reused | 0 dispatched | 13.7s | floor=72.0
[shadow] NEAR/USDT SHORT -> TP2_HIT (+1.95%) DERIV_ALIGNED,NEWS_ALIGNED
[corr] 3 correlated peers dropped in favour of the strongest in each group
[gate] LMT/USDT blocked — Event move still unresolved — peak is too recent — no structure yet
[gate] ABNB/USDT blocked — R:R 0.87 below 1.2 (no room to next pool)
[gate] TIA/USDT blocked — R:R 0.41 below 1.2 (no room to next pool)
[gate] NKE/USDT blocked — Event move still unresolved — peak is too recent — no structure yet
[gate] DOT/USDT blocked — Event move still unresolved — peak is too recent — no structure yet
[gate] W/USDT blocked — R:R 0.53 below 1.2 (no room to next pool)
[gate] XLE/USDT blocked — R:R 1.00 below 1.2 (no room to next pool)
[20:12:11] Scan #636 | 87/87 fed | 27 candidates | 1 shadow | 87 reused | 0 dispatched | 10.0s | floor=72.0
[redis-sync] Pushed state to Upstash Redis (12 files, resolved trades)
[news] settled 48 term observations
[corr] 3 correlated peers dropped in favour of the strongest in each group
[gate] LMT/USDT blocked — Event move still unresolved — peak is too recent — no structure yet
[gate] ABNB/USDT blocked — R:R 0.87 below 1.2 (no room to next pool)
[gate] TIA/USDT blocked — R:R 0.41 below 1.2 (no room to next pool)
[gate] NKE/USDT blocked — Event move still unresolved — peak is too recent — no structure yet
[gate] W/USDT blocked — R:R 0.44 below 1.2 (no room to next pool)
[gate] DOT/USDT blocked — Event move still unresolved — peak is too recent — no structure yet
[gate] XLE/USDT blocked — R:R 1.00 below 1.2 (no room to next pool)
[20:12:41] Scan #637 | 87/87 fed | 27 candidates | 0 shadow | 87 reused | 0 dispatched | 14.7s | floor=72.0
[shadow] IBM/USDT LONG -> TP1_HIT (+0.93%) DERIV_CONFLICT,NEWS_CONFLICT,TRADED_WITH_CROWD
[corr] 3 correlated peers dropped in favour of the strongest in each group
[gate] LMT/USDT blocked — Event move still unresolved — peak is too recent — no structure yet
[gate] ABNB/USDT blocked — R:R 0.87 below 1.2 (no room to next pool)
[gate] TIA/USDT blocked — R:R 0.41 below 1.2 (no room to next pool)
[gate] NKE/USDT blocked — Event move still unresolved — peak is too recent — no structure yet
[gate] W/USDT blocked — R:R 0.44 below 1.2 (no room to next pool)
[gate] DOT/USDT blocked — Event move still unresolved — peak is too recent — no structure yet
[gate] XLE/USDT blocked — R:R 1.00 below 1.2 (no room to next pool)
[20:13:09] Scan #638 | 87/87 fed | 27 candidates | 0 shadow | 87 reused | 0 dispatched | 12.8s | floor=72.0
[redis-sync] Pushed state to Upstash Redis (12 files, resolved trades)
[corr] 3 correlated peers dropped in favour of the strongest in each group
[gate] LMT/USDT blocked — Event move still unresolved — peak is too recent — no structure yet
[gate] ABNB/USDT blocked — R:R 0.87 below 1.2 (no room to next pool)
[gate] NKE/USDT blocked — Event move still unresolved — peak is too recent — no structure yet
[gate] TIA/USDT blocked — R:R 0.50 below 1.2 (no room to next pool)
[gate] W/USDT blocked — R:R 0.40 below 1.2 (no room to next pool)
[gate] DOT/USDT blocked — Event move still unresolved — peak is too recent — no structure yet
[gate] XLE/USDT blocked — R:R 1.00 below 1.2 (no room to next pool)
[20:13:41] Scan #639 | 87/87 fed | 27 candidates | 0 shadow | 87 reused | 0 dispatched | 17.3s | floor=72.0
[corr] 3 correlated peers dropped in favour of the strongest in each group
[gate] LMT/USDT blocked — Event move still unresolved — peak is too recent — no structure yet
[gate] ABNB/USDT blocked — R:R 0.87 below 1.2 (no room to next pool)
[gate] NKE/USDT blocked — Event move still unresolved — peak is too recent — no structure yet
[gate] TIA/USDT blocked — R:R 0.50 below 1.2 (no room to next pool)
[gate] W/USDT blocked — R:R 0.40 below 1.2 (no room to next pool)
[gate] DOT/USDT blocked — Event move still unresolved — peak is too recent — no structure yet
[gate] XLE/USDT blocked — R:R 1.00 below 1.2 (no room to next pool)
[20:14:00] Scan #640 | 87/87 fed | 27 candidates | 0 shadow | 87 reused | 0 dispatched | 4.0s | floor=72.0
[corr] 3 correlated peers dropped in favour of the strongest in each group
[gate] LMT/USDT blocked — Event move still unresolved — peak is too recent — no structure yet
[gate] ABNB/USDT blocked — R:R 0.87 below 1.2 (no room to next pool)
[gate] NKE/USDT blocked — Event move still unresolved — peak is too recent — no structure yet
[gate] TIA/USDT blocked — R:R 0.47 below 1.2 (no room to next pool)
[gate] W/USDT blocked — R:R 0.46 below 1.2 (no room to next pool)
[gate] DOT/USDT blocked — Event move still unresolved — peak is too recent — no structure yet
[gate] XLE/USDT blocked — R:R 1.00 below 1.2 (no room to next pool)
[20:14:25] Scan #641 | 87/87 fed | 27 candidates | 0 shadow | 87 reused | 0 dispatched | 9.7s | floor=72.0
[corr] 3 correlated peers dropped in favour of the strongest in each group
[gate] LMT/USDT blocked — Event move still unresolved — peak is too recent — no structure yet
[gate] ABNB/USDT blocked — R:R 0.87 below 1.2 (no room to next pool)
[gate] NKE/USDT blocked — Event move still unresolved — peak is too recent — no structure yet
[gate] TIA/USDT blocked — R:R 0.47 below 1.2 (no room to next pool)
[gate] W/USDT blocked — R:R 0.46 below 1.2 (no room to next pool)
[gate] DOT/USDT blocked — Event move still unresolved — peak is too recent — no structure yet
[gate] XLE/USDT blocked — R:R 1.00 below 1.2 (no room to next pool)
[20:14:41] Scan #642 | 87/87 fed | 27 candidates | 0 shadow | 87 reused | 0 dispatched | 0.9s | floor=72.0
[corr] 3 correlated peers dropped in favour of the strongest in each group
[gate] LMT/USDT blocked — Event move still unresolved — peak is too recent — no structure yet
[gate] ABNB/USDT blocked — R:R 0.87 below 1.2 (no room to next pool)
[gate] NKE/USDT blocked — Event move still unresolved — peak is too recent — no structure yet
[gate] TIA/USDT blocked — R:R 0.47 below 1.2 (no room to next pool)
[gate] W/USDT blocked — R:R 0.46 below 1.2 (no room to next pool)
[gate] DOT/USDT blocked — Event move still unresolved — peak is too recent — no structure yet
[gate] XLE/USDT blocked — R:R 1.00 below 1.2 (no room to next pool)
[20:15:03] Scan #643 | 87/87 fed | 27 candidates | 0 shadow | 87 reused | 0 dispatched | 7.5s | floor=72.0
[corr] 4 correlated peers dropped in favour of the strongest in each group
[gate] JUP/USDT 82 held back — only 1/3 confirming scans so far
[gate] NKE/USDT blocked — Event move still unresolved — peak is too recent — no structure yet
[gate] ABNB/USDT blocked — R:R 1.00 below 1.2 (no room to next pool)
[gate] BONK/USDT 79 held back — only 1/3 confirming scans so far
[gate] DOT/USDT blocked — R:R 1.00 below 1.2 (no room to next pool)
[gate] TIA/USDT blocked — R:R 0.53 below 1.2 (no room to next pool)
[gate] STX/USDT 73 held back — held threshold for only 1/3 consecutive scans
[20:15:49] Scan #644 | 87/87 fed | 26 candidates | 2 shadow | 0 reused | 0 dispatched | 30.9s | floor=72.0
[corr] 4 correlated peers dropped in favour of the strongest in each group
[gate] JUP/USDT 83 held back — only 2/3 confirming scans so far
[gate] NKE/USDT blocked — Event move still unresolved — peak is too recent — no structure yet
[gate] ABNB/USDT blocked — R:R 1.00 below 1.2 (no room to next pool)
[gate] BONK/USDT 79 held back — only 2/3 confirming scans so far
[gate] DOT/USDT blocked — R:R 1.00 below 1.2 (no room to next pool)
[gate] STX/USDT 73 held back — held threshold for only 2/3 consecutive scans
[gate] TIA/USDT blocked — R:R 0.53 below 1.2 (no room to next pool)
[20:16:19] Scan #645 | 87/87 fed | 26 candidates | 1 shadow | 87 reused | 0 dispatched | 14.4s | floor=72.0
[corr] 4 correlated peers dropped in favour of the strongest in each group
[gate] JUP/USDT blocked — R:R 0.99 below 1.2 (no room to next pool)
[gate] NKE/USDT blocked — Event move still unresolved — peak is too recent — no structure yet
[gate] ABNB/USDT blocked — R:R 1.00 below 1.2 (no room to next pool)
[gate] BONK/USDT blocked — R:R 0.42 below 1.2 (no room to next pool)
[gate] DOT/USDT blocked — R:R 1.00 below 1.2 (no room to next pool)
[gate] STX/USDT blocked — R:R 1.01 below 1.2 (no room to next pool)
[gate] TIA/USDT blocked — R:R 0.53 below 1.2 (no room to next pool)
[20:16:45] Scan #646 | 87/87 fed | 26 candidates | 0 shadow | 87 reused | 0 dispatched | 11.5s | floor=72.0
[corr] 4 correlated peers dropped in favour of the strongest in each group
[gate] JUP/USDT blocked — R:R 0.99 below 1.2 (no room to next pool)
[gate] NKE/USDT blocked — Event move still unresolved — peak is too recent — no structure yet
[gate] ABNB/USDT blocked — R:R 1.00 below 1.2 (no room to next pool)
[gate] BONK/USDT blocked — R:R 0.42 below 1.2 (no room to next pool)
[gate] DOT/USDT blocked — R:R 1.00 below 1.2 (no room to next pool)
[gate] STX/USDT blocked — R:R 1.01 below 1.2 (no room to next pool)
[gate] TIA/USDT blocked — R:R 0.53 below 1.2 (no room to next pool)
[20:17:03] Scan #647 | 87/87 fed | 26 candidates | 0 shadow | 87 reused | 0 dispatched | 2.9s | floor=72.0
[corr] 4 correlated peers dropped in favour of the strongest in each group
[gate] JUP/USDT blocked — R:R 0.99 below 1.2 (no room to next pool)
[gate] NKE/USDT blocked — Event move still unresolved — peak is too recent — no structure yet
[gate] ABNB/USDT blocked — R:R 1.00 below 1.2 (no room to next pool)
[gate] BONK/USDT blocked — R:R 0.42 below 1.2 (no room to next pool)
[gate] DOT/USDT blocked — R:R 1.00 below 1.2 (no room to next pool)
[gate] TIA/USDT blocked — R:R 0.36 below 1.2 (no room to next pool)
[gate] STX/USDT blocked — R:R 1.01 below 1.2 (no room to next pool)
[20:17:29] Scan #648 | 87/87 fed | 26 candidates | 0 shadow | 87 reused | 0 dispatched | 11.2s | floor=72.0
[corr] 4 correlated peers dropped in favour of the strongest in each group
[gate] JUP/USDT blocked — R:R 0.99 below 1.2 (no room to next pool)
[gate] NKE/USDT blocked — Event move still unresolved — peak is too recent — no structure yet
[gate] ABNB/USDT blocked — R:R 1.00 below 1.2 (no room to next pool)
[gate] BONK/USDT blocked — R:R 0.42 below 1.2 (no room to next pool)
[gate] DOT/USDT blocked — R:R 1.00 below 1.2 (no room to next pool)
[gate] TIA/USDT blocked — R:R 0.36 below 1.2 (no room to next pool)
[gate] STX/USDT blocked — R:R 1.01 below 1.2 (no room to next pool)
[20:18:01] Scan #649 | 87/87 fed | 26 candidates | 0 shadow | 87 reused | 0 dispatched | 17.1s | floor=72.0
[corr] 4 correlated peers dropped in favour of the strongest in each group
[gate] JUP/USDT blocked — R:R 0.99 below 1.2 (no room to next pool)
[gate] NKE/USDT blocked — Event move still unresolved — peak is too recent — no structure yet
[gate] ABNB/USDT blocked — R:R 1.00 below 1.2 (no room to next pool)
[gate] DOT/USDT blocked — R:R 1.00 below 1.2 (no room to next pool)
[gate] BONK/USDT blocked — R:R 0.42 below 1.2 (no room to next pool)
[gate] TIA/USDT blocked — R:R 0.36 below 1.2 (no room to next pool)
[gate] STX/USDT blocked — R:R 1.01 below 1.2 (no room to next pool)
[20:18:37] Scan #650 | 87/87 fed | 26 candidates | 0 shadow | 87 reused | 0 dispatched | 20.4s | floor=72.0
[corr] 4 correlated peers dropped in favour of the strongest in each group
[gate] JUP/USDT blocked — R:R 0.99 below 1.2 (no room to next pool)
[gate] NKE/USDT blocked — Event move still unresolved — peak is too recent — no structure yet
[gate] ABNB/USDT blocked — R:R 1.00 below 1.2 (no room to next pool)
[gate] DOT/USDT blocked — R:R 1.00 below 1.2 (no room to next pool)
[gate] BONK/USDT blocked — R:R 0.42 below 1.2 (no room to next pool)
[gate] TIA/USDT blocked — R:R 0.36 below 1.2 (no room to next pool)
[gate] STX/USDT blocked — R:R 1.01 below 1.2 (no room to next pool)
[20:19:01] Scan #651 | 87/87 fed | 26 candidates | 0 shadow | 87 reused | 0 dispatched | 9.4s | floor=72.0
[corr] 4 correlated peers dropped in favour of the strongest in each group
[gate] NKE/USDT blocked — Event move still unresolved — peak is too recent — no structure yet
[gate] JUP/USDT blocked — R:R 0.99 below 1.2 (no room to next pool)
[gate] ABNB/USDT blocked — R:R 1.00 below 1.2 (no room to next pool)
[gate] DOT/USDT blocked — R:R 1.00 below 1.2 (no room to next pool)
[gate] BONK/USDT blocked — R:R 0.42 below 1.2 (no room to next pool)
[gate] STX/USDT blocked — R:R 1.01 below 1.2 (no room to next pool)
[20:19:26] Scan #652 | 87/87 fed | 26 candidates | 0 shadow | 87 reused | 0 dispatched | 9.8s | floor=72.0
[shadow] JUP/USDT SHORT -> TP1_HIT (+1.38%) 
[corr] 4 correlated peers dropped in favour of the strongest in each group
[gate] NKE/USDT blocked — Event move still unresolved — peak is too recent — no structure yet
[gate] JUP/USDT blocked — R:R 0.99 below 1.2 (no room to next pool)
[gate] ABNB/USDT blocked — R:R 1.00 below 1.2 (no room to next pool)
[gate] DOT/USDT blocked — R:R 1.00 below 1.2 (no room to next pool)
[gate] BONK/USDT blocked — R:R 0.42 below 1.2 (no room to next pool)
[gate] STX/USDT blocked — R:R 1.01 below 1.2 (no room to next pool)
[20:19:43] Scan #653 | 87/87 fed | 26 candidates | 1 shadow | 87 reused | 0 dispatched | 2.2s | floor=72.0
[redis-sync] Pushed state to Upstash Redis (12 files, resolved trades)
[corr] 4 correlated peers dropped in favour of the strongest in each group
[gate] NKE/USDT blocked — Event move still unresolved — peak is too recent — no structure yet
[gate] JUP/USDT blocked — R:R 0.99 below 1.2 (no room to next pool)
[gate] ABNB/USDT blocked — R:R 1.00 below 1.2 (no room to next pool)
[gate] DOT/USDT blocked — R:R 1.00 below 1.2 (no room to next pool)
[gate] BONK/USDT blocked — R:R 0.42 below 1.2 (no room to next pool)
[gate] STX/USDT blocked — R:R 1.01 below 1.2 (no room to next pool)
[20:20:01] Scan #654 | 87/87 fed | 26 candidates | 0 shadow | 87 reused | 0 dispatched | 2.8s | floor=72.0
[corr] 4 correlated peers dropped in favour of the strongest in each group
[gate] NKE/USDT blocked — Event move still unresolved — peak is too recent — no structure yet
[gate] ABNB/USDT blocked — R:R 1.00 below 1.2 (no room to next pool)
[gate] DOT/USDT blocked — R:R 1.00 below 1.2 (no room to next pool)
[gate] JUP/USDT blocked — R:R 1.00 below 1.2 (no room to next pool)
[20:20:29] Scan #655 | 87/87 fed | 26 candidates | 0 shadow | 87 reused | 0 dispatched | 12.5s | floor=72.0
[shadow] PENDLE/USDT SHORT -> TP1_HIT (+1.11%) DERIV_ALIGNED,NEWS_ALIGNED
[shadow] XRP/USDT SHORT -> TP2_HIT (+1.61%) DERIV_CONFLICT,NEWS_ALIGNED
[shadow] TIA/USDT SHORT -> TP3_HIT (+1.39%) NEWS_ALIGNED
[shadow] PEPE/USDT SHORT -> TP2_HIT (+2.46%) DERIV_CONFLICT,NEWS_CONFLICT
[shadow] STX/USDT SHORT -> TP2_HIT (+1.93%) DERIV_ALIGNED,NEWS_ALIGNED
[redis-sync] Pushed state to Upstash Redis (12 files, periodic)
[corr] 4 correlated peers dropped in favour of the strongest in each group
[gate] NKE/USDT blocked — Event move still unresolved — peak is too recent — no structure yet
[gate] ABNB/USDT blocked — R:R 1.00 below 1.2 (no room to next pool)
[gate] DOT/USDT blocked — R:R 1.00 below 1.2 (no room to next pool)
[gate] JUP/USDT 72 held back — score decaying (-1.8/scan) — setup is fading, not forming
[20:20:57] Scan #656 | 87/87 fed | 26 candidates | 2 shadow | 87 reused | 0 dispatched | 13.0s | floor=72.0
[redis-sync] Pushed state to Upstash Redis (12 files, resolved trades)
[corr] 4 correlated peers dropped in favour of the strongest in each group
[gate] NKE/USDT blocked — Event move still unresolved — peak is too recent — no structure yet
[gate] ABNB/USDT blocked — R:R 1.00 below 1.2 (no room to next pool)
[gate] DOT/USDT blocked — R:R 1.00 below 1.2 (no room to next pool)
[gate] BONK/USDT 75 held back — held threshold for only 1/3 consecutive scans; score decaying (-2.8/scan) — setup is fading, not forming
[gate] JUP/USDT 75 held back — score decaying (-1.6/scan) — setup is fading, not forming
[20:21:35] Scan #657 | 87/87 fed | 26 candidates | 0 shadow | 87 reused | 0 dispatched | 23.7s | floor=72.0
[corr] 4 correlated peers dropped in favour of the strongest in each group
[gate] NKE/USDT blocked — Event move still unresolved — peak is too recent — no structure yet
[gate] ABNB/USDT blocked — R:R 1.00 below 1.2 (no room to next pool)
[gate] DOT/USDT blocked — R:R 1.00 below 1.2 (no room to next pool)
[gate] BONK/USDT 75 held back — held threshold for only 2/3 consecutive scans
[gate] JUP/USDT blocked — R:R 1.00 below 1.2 (no room to next pool)
[20:21:55] Scan #658 | 87/87 fed | 26 candidates | 0 shadow | 87 reused | 0 dispatched | 4.2s | floor=72.0
[corr] 4 correlated peers dropped in favour of the strongest in each group
[gate] NKE/USDT blocked — Event move still unresolved — peak is too recent — no structure yet
[gate] ABNB/USDT blocked — R:R 1.00 below 1.2 (no room to next pool)
[gate] DOT/USDT blocked — R:R 1.00 below 1.2 (no room to next pool)
[gate] JUP/USDT blocked — R:R 1.00 below 1.2 (no room to next pool)
[20:22:23] Scan #659 | 87/87 fed | 26 candidates | 0 shadow | 87 reused | 0 dispatched | 13.0s | floor=72.0
[corr] 4 correlated peers dropped in favour of the strongest in each group
[gate] NKE/USDT blocked — Event move still unresolved — peak is too recent — no structure yet
[gate] ABNB/USDT blocked — R:R 1.00 below 1.2 (no room to next pool)
[gate] DOT/USDT blocked — R:R 1.00 below 1.2 (no room to next pool)
[gate] JUP/USDT blocked — R:R 1.00 below 1.2 (no room to next pool)
[20:22:43] Scan #660 | 87/87 fed | 26 candidates | 0 shadow | 87 reused | 0 dispatched | 4.8s | floor=72.0
[corr] 4 correlated peers dropped in favour of the strongest in each group
[gate] NKE/USDT blocked — Event move still unresolved — peak is too recent — no structure yet
[gate] ABNB/USDT blocked — R:R 1.00 below 1.2 (no room to next pool)
[gate] DOT/USDT blocked — R:R 1.00 below 1.2 (no room to next pool)
[gate] JUP/USDT blocked — R:R 1.00 below 1.2 (no room to next pool)
[20:23:14] Scan #661 | 87/87 fed | 26 candidates | 0 shadow | 87 reused | 0 dispatched | 16.3s | floor=72.0
[corr] 4 correlated peers dropped in favour of the strongest in each group
[gate] NKE/USDT blocked — Event move still unresolved — peak is too recent — no structure yet
[gate] ABNB/USDT blocked — R:R 1.00 below 1.2 (no room to next pool)
[gate] DOT/USDT blocked — R:R 1.00 below 1.2 (no room to next pool)
[gate] BONK/USDT 75 held back — held threshold for only 1/3 consecutive scans
[gate] JUP/USDT blocked — R:R 1.00 below 1.2 (no room to next pool)
[20:23:44] Scan #662 | 87/87 fed | 26 candidates | 0 shadow | 87 reused | 0 dispatched | 15.2s | floor=72.0
[corr] 4 correlated peers dropped in favour of the strongest in each group
[gate] NKE/USDT blocked — Event move still unresolved — peak is too recent — no structure yet
[gate] ABNB/USDT blocked — R:R 1.00 below 1.2 (no room to next pool)
[gate] DOT/USDT blocked — R:R 1.00 below 1.2 (no room to next pool)
[gate] BONK/USDT 75 held back — held threshold for only 2/3 consecutive scans
[gate] JUP/USDT blocked — R:R 1.00 below 1.2 (no room to next pool)
[20:24:17] Scan #663 | 87/87 fed | 26 candidates | 0 shadow | 87 reused | 0 dispatched | 17.5s | floor=72.0
[corr] 4 correlated peers dropped in favour of the strongest in each group
[gate] NKE/USDT blocked — Event move still unresolved — peak is too recent — no structure yet
[gate] ABNB/USDT blocked — R:R 1.00 below 1.2 (no room to next pool)
[gate] DOT/USDT blocked — R:R 1.00 below 1.2 (no room to next pool)
[gate] JUP/USDT blocked — R:R 1.00 below 1.2 (no room to next pool)
[20:24:38] Scan #664 | 87/87 fed | 26 candidates | 0 shadow | 87 reused | 0 dispatched | 6.3s | floor=72.0
[corr] 4 correlated peers dropped in favour of the strongest in each group
[gate] NKE/USDT blocked — Event move still unresolved — peak is too recent — no structure yet
[gate] ABNB/USDT blocked — R:R 1.00 below 1.2 (no room to next pool)
[gate] DOT/USDT blocked — R:R 1.00 below 1.2 (no room to next pool)
[gate] JUP/USDT blocked — R:R 1.00 below 1.2 (no room to next pool)
[20:24:59] Scan #665 | 87/87 fed | 26 candidates | 0 shadow | 87 reused | 0 dispatched | 6.6s | floor=72.0
[corr] 4 correlated peers dropped in favour of the strongest in each group
[gate] NKE/USDT blocked — Event move still unresolved — peak is too recent — no structure yet
[gate] ABNB/USDT blocked — R:R 1.00 below 1.2 (no room to next pool)
[gate] DOT/USDT blocked — R:R 1.00 below 1.2 (no room to next pool)
[20:25:26] Scan #666 | 87/87 fed | 26 candidates | 0 shadow | 87 reused | 0 dispatched | 11.6s | floor=72.0
[corr] 4 correlated peers dropped in favour of the strongest in each group
[gate] NKE/USDT blocked — Event move still unresolved — peak is too recent — no structure yet
[gate] ABNB/USDT blocked — R:R 1.00 below 1.2 (no room to next pool)
[gate] DOT/USDT blocked — R:R 1.00 below 1.2 (no room to next pool)
[20:25:52] Scan #667 | 87/87 fed | 26 candidates | 0 shadow | 87 reused | 0 dispatched | 11.1s | floor=72.0
[corr] 4 correlated peers dropped in favour of the strongest in each group
[gate] NKE/USDT blocked — Event move still unresolved — peak is too recent — no structure yet
[gate] ABNB/USDT blocked — R:R 1.00 below 1.2 (no room to next pool)
[gate] DOT/USDT blocked — R:R 1.00 below 1.2 (no room to next pool)
[20:26:22] Scan #668 | 87/87 fed | 26 candidates | 0 shadow | 87 reused | 0 dispatched | 14.5s | floor=72.0
[corr] 4 correlated peers dropped in favour of the strongest in each group
[gate] NKE/USDT blocked — Event move still unresolved — peak is too recent — no structure yet
[gate] ABNB/USDT blocked — R:R 1.00 below 1.2 (no room to next pool)
[gate] DOT/USDT blocked — R:R 1.00 below 1.2 (no room to next pool)
[20:26:52] Scan #669 | 87/87 fed | 26 candidates | 0 shadow | 87 reused | 0 dispatched | 14.9s | floor=72.0
[corr] 4 correlated peers dropped in favour of the strongest in each group
[gate] NKE/USDT blocked — Event move still unresolved — peak is too recent — no structure yet
[gate] ABNB/USDT blocked — R:R 1.00 below 1.2 (no room to next pool)
[gate] DOT/USDT blocked — R:R 1.00 below 1.2 (no room to next pool)
[20:27:14] Scan #670 | 87/87 fed | 26 candidates | 0 shadow | 87 reused | 0 dispatched | 7.1s | floor=72.0
[corr] 4 correlated peers dropped in favour of the strongest in each group
[gate] NKE/USDT blocked — Event move still unresolved — peak is too recent — no structure yet
[gate] ABNB/USDT blocked — R:R 1.00 below 1.2 (no room to next pool)
[gate] DOT/USDT blocked — R:R 1.00 below 1.2 (no room to next pool)
[20:27:37] Scan #671 | 87/87 fed | 26 candidates | 0 shadow | 87 reused | 0 dispatched | 8.1s | floor=72.0
[corr] 4 correlated peers dropped in favour of the strongest in each group
[gate] NKE/USDT blocked — Event move still unresolved — peak is too recent — no structure yet
[gate] ABNB/USDT blocked — R:R 1.00 below 1.2 (no room to next pool)
[gate] DOT/USDT blocked — R:R 1.00 below 1.2 (no room to next pool)
[20:27:54] Scan #672 | 87/87 fed | 26 candidates | 0 shadow | 87 reused | 0 dispatched | 2.0s | floor=72.0
[corr] 4 correlated peers dropped in favour of the strongest in each group
[gate] NKE/USDT blocked — Event move still unresolved — peak is too recent — no structure yet
[gate] ABNB/USDT blocked — R:R 1.00 below 1.2 (no room to next pool)
[gate] DOT/USDT blocked — R:R 1.00 below 1.2 (no room to next pool)
[20:28:26] Scan #673 | 87/87 fed | 26 candidates | 0 shadow | 87 reused | 0 dispatched | 17.2s | floor=72.0
[shadow] LTC/USDT SHORT -> TP1_HIT (+1.39%) DERIV_ALIGNED,NEWS_CONFLICT
[shadow] JUP/USDT SHORT -> TP1_HIT (+1.40%) DERIV_CONFLICT,NEWS_ALIGNED
[shadow] TIA/USDT SHORT -> TP1_HIT (+1.63%) DERIV_CONFLICT,NEWS_ALIGNED
[corr] 4 correlated peers dropped in favour of the strongest in each group
[gate] NKE/USDT blocked — Event move still unresolved — peak is too recent — no structure yet
[gate] ABNB/USDT blocked — R:R 1.00 below 1.2 (no room to next pool)
[gate] DOT/USDT blocked — R:R 1.00 below 1.2 (no room to next pool)
[20:28:49] Scan #674 | 87/87 fed | 26 candidates | 0 shadow | 87 reused | 0 dispatched | 8.2s | floor=72.0
[redis-sync] Pushed state to Upstash Redis (12 files, resolved trades)
[corr] 4 correlated peers dropped in favour of the strongest in each group
[gate] NKE/USDT blocked — Event move still unresolved — peak is too recent — no structure yet
[gate] ABNB/USDT blocked — R:R 1.00 below 1.2 (no room to next pool)
[gate] DOT/USDT blocked — R:R 1.00 below 1.2 (no room to next pool)
[20:29:27] Scan #675 | 87/87 fed | 26 candidates | 0 shadow | 87 reused | 0 dispatched | 23.1s | floor=72.0
[corr] 4 correlated peers dropped in favour of the strongest in each group
[gate] NKE/USDT blocked — Event move still unresolved — peak is too recent — no structure yet
[gate] ABNB/USDT blocked — R:R 1.00 below 1.2 (no room to next pool)
[gate] DOT/USDT blocked — R:R 1.00 below 1.2 (no room to next pool)
[20:29:44] Scan #676 | 87/87 fed | 26 candidates | 0 shadow | 87 reused | 0 dispatched | 1.6s | floor=72.0
[corr] 4 correlated peers dropped in favour of the strongest in each group
[gate] NKE/USDT blocked — Event move still unresolved — peak is too recent — no structure yet
[gate] ABNB/USDT blocked — R:R 1.00 below 1.2 (no room to next pool)
[gate] DOT/USDT blocked — R:R 1.00 below 1.2 (no room to next pool)
[20:30:17] Scan #677 | 87/87 fed | 26 candidates | 0 shadow | 87 reused | 0 dispatched | 17.6s | floor=72.0
[corr] 5 correlated peers dropped in favour of the strongest in each group
[gate] ABNB/USDT blocked — R:R 0.36 below 1.2 (no room to next pool)
[gate] NKE/USDT blocked — R:R 1.00 below 1.2 (no room to next pool)
[gate] BTC/USDT 80 held back — only 1/3 confirming scans so far
[gate] SEI/USDT 79 held back — only 1/3 confirming scans so far
[gate] PENDLE/USDT 72 held back — only 1/3 confirming scans so far
[20:31:17] Scan #678 | 87/87 fed | 25 candidates | 8 shadow | 0 reused | 0 dispatched | 45.3s | floor=72.0
[corr] 5 correlated peers dropped in favour of the strongest in each group
[gate] ABNB/USDT blocked — R:R 0.36 below 1.2 (no room to next pool)
[gate] NKE/USDT blocked — R:R 1.00 below 1.2 (no room to next pool)
[gate] BTC/USDT 80 held back — only 2/3 confirming scans so far
[gate] SEI/USDT 79 held back — only 2/3 confirming scans so far
[gate] PENDLE/USDT 73 held back — only 2/3 confirming scans so far
[20:31:44] Scan #679 | 87/87 fed | 25 candidates | 0 shadow | 87 reused | 0 dispatched | 12.4s | floor=72.0
[corr] 5 correlated peers dropped in favour of the strongest in each group
[gate] ABNB/USDT blocked — R:R 0.36 below 1.2 (no room to next pool)
[gate] NKE/USDT blocked — R:R 1.00 below 1.2 (no room to next pool)
[gate] BTC/USDT blocked — Event move still unresolved — peak is too recent — no structure yet
[gate] SEI/USDT blocked — R:R 1.01 below 1.2 (no room to next pool)
[gate] PENDLE/USDT blocked — R:R 0.98 below 1.2 (no room to next pool)
[20:32:11] Scan #680 | 87/87 fed | 25 candidates | 0 shadow | 87 reused | 0 dispatched | 11.4s | floor=72.0
[corr] 5 correlated peers dropped in favour of the strongest in each group
[gate] ABNB/USDT blocked — R:R 0.36 below 1.2 (no room to next pool)
[gate] NKE/USDT blocked — R:R 1.00 below 1.2 (no room to next pool)
[gate] BTC/USDT blocked — Event move still unresolved — peak is too recent — no structure yet
[gate] SEI/USDT blocked — R:R 1.01 below 1.2 (no room to next pool)
[20:32:32] Scan #681 | 87/87 fed | 25 candidates | 0 shadow | 87 reused | 0 dispatched | 5.9s | floor=72.0
[corr] 5 correlated peers dropped in favour of the strongest in each group
[gate] ABNB/USDT blocked — R:R 0.36 below 1.2 (no room to next pool)
[gate] NKE/USDT blocked — R:R 1.00 below 1.2 (no room to next pool)
[gate] BTC/USDT blocked — Event move still unresolved — peak is too recent — no structure yet
[gate] SEI/USDT blocked — R:R 1.01 below 1.2 (no room to next pool)
[20:32:49] Scan #682 | 87/87 fed | 25 candidates | 0 shadow | 87 reused | 0 dispatched | 2.1s | floor=72.0
[corr] 5 correlated peers dropped in favour of the strongest in each group
[gate] ABNB/USDT blocked — R:R 0.36 below 1.2 (no room to next pool)
[gate] NKE/USDT blocked — R:R 1.00 below 1.2 (no room to next pool)
[gate] BTC/USDT blocked — Event move still unresolved — peak is too recent — no structure yet
[gate] SEI/USDT blocked — R:R 1.01 below 1.2 (no room to next pool)
[gate] PENDLE/USDT 72 held back — held threshold for only 1/3 consecutive scans
[20:33:13] Scan #683 | 87/87 fed | 25 candidates | 0 shadow | 87 reused | 0 dispatched | 9.2s | floor=72.0
[corr] 5 correlated peers dropped in favour of the strongest in each group
[gate] ABNB/USDT blocked — R:R 0.36 below 1.2 (no room to next pool)
[gate] NKE/USDT blocked — R:R 1.00 below 1.2 (no room to next pool)
[gate] BTC/USDT blocked — Event move still unresolved — peak is too recent — no structure yet
[gate] SEI/USDT blocked — R:R 1.01 below 1.2 (no room to next pool)
[gate] PENDLE/USDT 72 held back — held threshold for only 2/3 consecutive scans
[20:33:33] Scan #684 | 87/87 fed | 25 candidates | 0 shadow | 87 reused | 0 dispatched | 4.7s | floor=72.0
[corr] 5 correlated peers dropped in favour of the strongest in each group
[gate] ABNB/USDT blocked — R:R 0.36 below 1.2 (no room to next pool)
[gate] NKE/USDT blocked — R:R 1.00 below 1.2 (no room to next pool)
[gate] BTC/USDT blocked — Event move still unresolved — peak is too recent — no structure yet
[gate] SEI/USDT blocked — R:R 1.01 below 1.2 (no room to next pool)
[gate] PENDLE/USDT blocked — R:R 0.99 below 1.2 (no room to next pool)
[20:33:54] Scan #685 | 87/87 fed | 25 candidates | 0 shadow | 87 reused | 0 dispatched | 5.8s | floor=72.0
[corr] 5 correlated peers dropped in favour of the strongest in each group
[gate] ABNB/USDT blocked — R:R 0.36 below 1.2 (no room to next pool)
[gate] NKE/USDT blocked — R:R 1.00 below 1.2 (no room to next pool)
[gate] SEI/USDT blocked — R:R 1.02 below 1.2 (no room to next pool)
[gate] BTC/USDT blocked — Event move still unresolved — peak is too recent — no structure yet
[20:34:17] Scan #686 | 87/87 fed | 25 candidates | 0 shadow | 87 reused | 0 dispatched | 8.3s | floor=72.0
[corr] 5 correlated peers dropped in favour of the strongest in each group
[gate] ABNB/USDT blocked — R:R 0.36 below 1.2 (no room to next pool)
[gate] NKE/USDT blocked — R:R 1.00 below 1.2 (no room to next pool)
[gate] SEI/USDT blocked — R:R 1.02 below 1.2 (no room to next pool)
[gate] BTC/USDT blocked — Event move still unresolved — peak is too recent — no structure yet
[20:34:35] Scan #687 | 87/87 fed | 25 candidates | 0 shadow | 87 reused | 0 dispatched | 3.2s | floor=72.0
[corr] 5 correlated peers dropped in favour of the strongest in each group
[gate] ABNB/USDT blocked — R:R 0.36 below 1.2 (no room to next pool)
[gate] NKE/USDT blocked — R:R 1.00 below 1.2 (no room to next pool)
[gate] SEI/USDT blocked — R:R 1.02 below 1.2 (no room to next pool)
[gate] BTC/USDT blocked — Event move still unresolved — peak is too recent — no structure yet
[20:34:51] Scan #688 | 87/87 fed | 25 candidates | 0 shadow | 87 reused | 0 dispatched | 1.3s | floor=72.0
[corr] 5 correlated peers dropped in favour of the strongest in each group
[gate] ABNB/USDT blocked — R:R 0.36 below 1.2 (no room to next pool)
[gate] NKE/USDT blocked — R:R 1.00 below 1.2 (no room to next pool)
[gate] BTC/USDT blocked — Event move still unresolved — peak is too recent — no structure yet
[gate] SEI/USDT blocked — R:R 1.01 below 1.2 (no room to next pool)
[gate] PENDLE/USDT 73 held back — held threshold for only 1/3 consecutive scans
[20:35:20] Scan #689 | 87/87 fed | 25 candidates | 0 shadow | 87 reused | 0 dispatched | 14.1s | floor=72.0
[corr] 5 correlated peers dropped in favour of the strongest in each group
[gate] ABNB/USDT blocked — R:R 0.36 below 1.2 (no room to next pool)
[gate] NKE/USDT blocked — R:R 1.00 below 1.2 (no room to next pool)
[gate] BTC/USDT blocked — Event move still unresolved — peak is too recent — no structure yet
[gate] SEI/USDT blocked — R:R 1.01 below 1.2 (no room to next pool)
[gate] PENDLE/USDT 73 held back — held threshold for only 2/3 consecutive scans
[20:35:42] Scan #690 | 87/87 fed | 25 candidates | 0 shadow | 87 reused | 0 dispatched | 6.5s | floor=72.0
[redis-sync] Pushed state to Upstash Redis (12 files, periodic)
[corr] 5 correlated peers dropped in favour of the strongest in each group
[gate] ABNB/USDT blocked — R:R 0.36 below 1.2 (no room to next pool)
[gate] SEI/USDT blocked — R:R 1.01 below 1.2 (no room to next pool)
[gate] NKE/USDT blocked — R:R 1.00 below 1.2 (no room to next pool)
[gate] BTC/USDT blocked — Event move still unresolved — peak is too recent — no structure yet
[gate] PENDLE/USDT blocked — R:R 0.99 below 1.2 (no room to next pool)
[20:36:18] Scan #691 | 87/87 fed | 25 candidates | 0 shadow | 87 reused | 0 dispatched | 21.2s | floor=72.0
[corr] 5 correlated peers dropped in favour of the strongest in each group
[gate] ABNB/USDT blocked — R:R 0.36 below 1.2 (no room to next pool)
[gate] SEI/USDT blocked — R:R 1.01 below 1.2 (no room to next pool)
[gate] NKE/USDT blocked — R:R 1.00 below 1.2 (no room to next pool)
[gate] BTC/USDT blocked — Event move still unresolved — peak is too recent — no structure yet
[gate] PENDLE/USDT blocked — R:R 0.99 below 1.2 (no room to next pool)
[20:36:46] Scan #692 | 87/87 fed | 25 candidates | 0 shadow | 87 reused | 0 dispatched | 13.0s | floor=72.0
[corr] 5 correlated peers dropped in favour of the strongest in each group
[gate] ABNB/USDT blocked — R:R 0.36 below 1.2 (no room to next pool)
[gate] SEI/USDT blocked — R:R 1.01 below 1.2 (no room to next pool)
[gate] NKE/USDT blocked — R:R 1.00 below 1.2 (no room to next pool)
[gate] BTC/USDT blocked — Event move still unresolved — peak is too recent — no structure yet
[gate] PENDLE/USDT blocked — R:R 0.99 below 1.2 (no room to next pool)
[20:37:10] Scan #693 | 87/87 fed | 25 candidates | 0 shadow | 87 reused | 0 dispatched | 8.5s | floor=72.0
[corr] 5 correlated peers dropped in favour of the strongest in each group
[gate] ABNB/USDT blocked — R:R 0.36 below 1.2 (no room to next pool)
[gate] SEI/USDT blocked — R:R 1.02 below 1.2 (no room to next pool)
[gate] NKE/USDT blocked — R:R 1.00 below 1.2 (no room to next pool)
[gate] BTC/USDT blocked — Event move still unresolved — peak is too recent — no structure yet
[20:37:30] Scan #694 | 87/87 fed | 25 candidates | 0 shadow | 87 reused | 0 dispatched | 5.7s | floor=72.0
[corr] 5 correlated peers dropped in favour of the strongest in each group
[gate] ABNB/USDT blocked — R:R 0.36 below 1.2 (no room to next pool)
[gate] SEI/USDT blocked — R:R 1.02 below 1.2 (no room to next pool)
[gate] NKE/USDT blocked — R:R 1.00 below 1.2 (no room to next pool)
[gate] BTC/USDT blocked — Event move still unresolved — peak is too recent — no structure yet
[20:37:46] Scan #695 | 87/87 fed | 25 candidates | 0 shadow | 87 reused | 0 dispatched | 1.0s | floor=72.0
[corr] 5 correlated peers dropped in favour of the strongest in each group
[gate] ABNB/USDT blocked — R:R 0.36 below 1.2 (no room to next pool)
[gate] SEI/USDT blocked — R:R 1.02 below 1.2 (no room to next pool)
[gate] NKE/USDT blocked — R:R 1.00 below 1.2 (no room to next pool)
[gate] BTC/USDT blocked — Event move still unresolved — peak is too recent — no structure yet
[20:38:08] Scan #696 | 87/87 fed | 25 candidates | 0 shadow | 87 reused | 0 dispatched | 6.6s | floor=72.0
[!] All Exchange Feeds (Binance/Bybit/Bitget) failed or non-existent for symbol: TONUSDT
[!] All Exchange Feeds (Binance/Bybit/Bitget) failed or non-existent for symbol: BAUSDT
[!] All Exchange Feeds (Binance/Bybit/Bitget) failed or non-existent for symbol: LMTUSDT
[shadow] BTC/USDT SHORT -> SL_HIT (-0.40%) STOPPED_AFTER_PARTIAL_RUN,NEWS_ALIGNED
[shadow] NVDA/USDT SHORT -> SL_HIT (-0.47%) THESIS_WRONG,DERIV_ALIGNED,NEWS_CONFLICT
[shadow] SEI/USDT SHORT -> SL_HIT (-0.99%) STOPPED_AFTER_PARTIAL_RUN,DERIV_ALIGNED,NEWS_ALIGNED
[shadow] PLTR/USDT SHORT -> SL_HIT (-0.73%) THESIS_WRONG,DERIV_CONFLICT,NEWS_CONFLICT
[shadow] META/USDT SHORT -> SL_HIT (-0.43%) THESIS_WRONG,DERIV_ALIGNED
[!] News fetch failed for STX/USDT: ConnectionError
[!] News fetch failed for NOT/USDT: ReadTimeout
[corr] 6 correlated peers dropped in favour of the strongest in each group
[gate] ABNB/USDT blocked — R:R 0.53 below 1.2 (no room to next pool)
[gate] BTC/USDT blocked — Event move still unresolved — peak is too recent — no structure yet
[gate] SEI/USDT blocked — R:R 1.01 below 1.2 (no room to next pool)
[gate] JPM/USDT 76 held back — only 1/3 confirming scans so far
[gate] XLE/USDT 73 held back — held threshold for only 1/3 consecutive scans
[gate] PENDLE/USDT 72 held back — held threshold for only 1/3 consecutive scans
[✓] Digest sent (1h cadence, 23:24 IST)
[23:24:50] Scan #697 | 87/87 fed | 24 candidates | 2 shadow | 34 reused | 0 dispatched | 9742.0s | floor=72.0
[news] settled 18118 term observations
[shadow] SUI/USDT SHORT -> SL_HIT (-0.99%) STOPPED_AFTER_PARTIAL_RUN,DERIV_ALIGNED,NEWS_ALIGNED
[shadow] ETH/USDT SHORT -> SL_HIT (-0.57%) STOPPED_AFTER_PARTIAL_RUN,DERIV_ALIGNED,NEWS_CONFLICT
[shadow] DOT/USDT SHORT -> SL_HIT (-0.75%) STOPPED_AFTER_PARTIAL_RUN,DERIV_ALIGNED,NEWS_ALIGNED
[shadow] COIN/USDT SHORT -> SL_HIT (-0.65%) STOPPED_AFTER_PARTIAL_RUN,DERIV_ALIGNED,NEWS_ALIGNED
[shadow] TSLA/USDT SHORT -> SL_HIT (-0.44%) STOPPED_AFTER_PARTIAL_RUN,DERIV_ALIGNED,NEWS_CONFLICT
[shadow] AMD/USDT SHORT -> SL_HIT (-0.56%) STOPPED_AFTER_PARTIAL_RUN,DERIV_ALIGNED,NEWS_ALIGNED
[shadow] RUNE/USDT LONG -> SL_HIT (-0.67%) STOPPED_AFTER_PARTIAL_RUN,DERIV_ALIGNED,NEWS_CONFLICT
[shadow] TSLA/USDT LONG -> SL_HIT (-0.51%) STOPPED_AFTER_PARTIAL_RUN,DERIV_CONFLICT,TRADED_WITH_CROWD
[shadow] SMCI/USDT LONG -> SL_HIT (-0.76%) STOPPED_AFTER_PARTIAL_RUN,DERIV_ALIGNED,NEWS_ALIGNED
[shadow] LMT/USDT SHORT -> TP1_HIT (+1.15%) NEWS_CONFLICT
[shadow] UNH/USDT SHORT -> TP1_HIT (+1.13%) NEWS_CONFLICT
[corr] 2 correlated peers dropped in favour of the strongest in each group
[gate] DOT/USDT 85 held back — only 1/3 confirming scans so far
[gate] XLE/USDT 85 held back — only 1/3 confirming scans so far
[gate] PLTR/USDT 81 held back — only 1/3 confirming scans so far
[gate] RENDER/USDT 79 held back — only 1/3 confirming scans so far
[gate] META/USDT 78 held back — only 1/3 confirming scans so far
[gate] JPM/USDT 77 held back — only 2/3 confirming scans so far
[gate] GOOGL/USDT 77 held back — only 1/3 confirming scans so far
[gate] TIA/USDT 74 held back — only 1/3 confirming scans so far
[23:26:14] Scan #698 | 87/87 fed | 23 candidates | 7 shadow | 0 reused | 0 dispatched | 69.4s | floor=72.0
[news] settled 1017 term observations
[shadow] SPY/USDT SHORT -> TP2_HIT (+0.42%) NEWS_CONFLICT
[shadow] JPM/USDT LONG -> TP1_HIT (+0.72%) DERIV_ALIGNED,NEWS_ALIGNED
[shadow] QQQ/USDT SHORT -> TP1_HIT (+0.40%) DERIV_CONFLICT,NEWS_ALIGNED
[shadow] BONK/USDT SHORT -> TP1_HIT (+2.99%) NEWS_ALIGNED
[shadow] NKE/USDT SHORT -> TP1_HIT (+1.63%) NEWS_ALIGNED
[shadow] CSCO/USDT SHORT -> TP1_HIT (+1.48%) DERIV_ALIGNED,NEWS_ALIGNED
[corr] 2 correlated peers dropped in favour of the strongest in each group
[gate] XLE/USDT 85 held back — only 2/3 confirming scans so far
[gate] DOT/USDT 83 held back — only 2/3 confirming scans so far
[gate] PLTR/USDT 81 held back — only 2/3 confirming scans so far
[gate] RENDER/USDT 79 held back — only 2/3 confirming scans so far
[gate] META/USDT 78 held back — only 2/3 confirming scans so far
[gate] GOOGL/USDT 77 held back — only 2/3 confirming scans so far
[gate] JPM/USDT blocked — Event move still unresolved — no higher low / structure break yet — still inside the vertical
[gate] TIA/USDT 74 held back — only 2/3 confirming scans so far
[23:26:39] Scan #699 | 87/87 fed | 23 candidates | 3 shadow | 87 reused | 0 dispatched | 10.0s | floor=72.0
[news] settled 827 term observations
[shadow] MCD/USDT SHORT -> TP4_HIT (+0.71%) NEWS_CONFLICT
[corr] 2 correlated peers dropped in favour of the strongest in each group
[gate] XLE/USDT blocked — R:R 0.52 below 1.2 (no room to next pool)
[gate] DOT/USDT blocked — R:R 0.56 below 1.2 (no room to next pool)
[gate] PLTR/USDT blocked — R:R 0.44 below 1.2 (no room to next pool)
[gate] RENDER/USDT blocked — R:R 0.51 below 1.2 (no room to next pool)
[gate] GOOGL/USDT blocked — Event move still unresolved — no higher low / structure break yet — still inside the vertical
[gate] JPM/USDT blocked — Event move still unresolved — no higher low / structure break yet — still inside the vertical
[gate] META/USDT blocked — R:R 0.67 below 1.2 (no room to next pool)
[gate] TIA/USDT blocked — Event move still unresolved — no higher low / structure break yet — still inside the vertical
[23:26:58] Scan #700 | 87/87 fed | 23 candidates | 0 shadow | 87 reused | 0 dispatched | 3.5s | floor=72.0
[corr] 2 correlated peers dropped in favour of the strongest in each group
[gate] XLE/USDT blocked — R:R 0.52 below 1.2 (no room to next pool)
[gate] DOT/USDT blocked — R:R 0.56 below 1.2 (no room to next pool)
[gate] PLTR/USDT blocked — R:R 0.46 below 1.2 (no room to next pool)
[gate] RENDER/USDT blocked — R:R 0.51 below 1.2 (no room to next pool)
[gate] GOOGL/USDT blocked — Event move still unresolved — no higher low / structure break yet — still inside the vertical
[gate] JPM/USDT blocked — Event move still unresolved — no higher low / structure break yet — still inside the vertical
[gate] META/USDT blocked — R:R 0.69 below 1.2 (no room to next pool)
[gate] TIA/USDT blocked — Event move still unresolved — no higher low / structure break yet — still inside the vertical
[23:27:17] Scan #701 | 87/87 fed | 23 candidates | 0 shadow | 87 reused | 0 dispatched | 4.5s | floor=72.0
[corr] 2 correlated peers dropped in favour of the strongest in each group
[gate] XLE/USDT blocked — R:R 0.52 below 1.2 (no room to next pool)
[gate] DOT/USDT blocked — R:R 0.56 below 1.2 (no room to next pool)
[gate] PLTR/USDT blocked — R:R 0.46 below 1.2 (no room to next pool)
[gate] RENDER/USDT blocked — R:R 0.51 below 1.2 (no room to next pool)
[gate] GOOGL/USDT blocked — Event move still unresolved — no higher low / structure break yet — still inside the vertical
[gate] JPM/USDT blocked — Event move still unresolved — no higher low / structure break yet — still inside the vertical
[gate] META/USDT blocked — R:R 0.69 below 1.2 (no room to next pool)
[gate] TIA/USDT blocked — Event move still unresolved — no higher low / structure break yet — still inside the vertical
[23:27:38] Scan #702 | 87/87 fed | 23 candidates | 0 shadow | 87 reused | 0 dispatched | 5.3s | floor=72.0
[corr] 2 correlated peers dropped in favour of the strongest in each group
[gate] XLE/USDT blocked — R:R 0.52 below 1.2 (no room to next pool)
[gate] DOT/USDT blocked — R:R 0.56 below 1.2 (no room to next pool)
[gate] PLTR/USDT blocked — R:R 0.46 below 1.2 (no room to next pool)
[gate] RENDER/USDT blocked — R:R 0.51 below 1.2 (no room to next pool)
[gate] META/USDT blocked — R:R 0.69 below 1.2 (no room to next pool)
[gate] GOOGL/USDT blocked — Event move still unresolved — no higher low / structure break yet — still inside the vertical
[gate] JPM/USDT blocked — Event move still unresolved — no higher low / structure break yet — still inside the vertical
[gate] TIA/USDT blocked — Event move still unresolved — no higher low / structure break yet — still inside the vertical
[23:27:56] Scan #703 | 87/87 fed | 23 candidates | 0 shadow | 87 reused | 0 dispatched | 2.8s | floor=72.0
[corr] 2 correlated peers dropped in favour of the strongest in each group
[gate] XLE/USDT blocked — R:R 0.52 below 1.2 (no room to next pool)
[gate] DOT/USDT blocked — R:R 0.50 below 1.2 (no room to next pool)
[gate] PLTR/USDT blocked — R:R 0.47 below 1.2 (no room to next pool)
[gate] RENDER/USDT blocked — R:R 0.41 below 1.2 (no room to next pool)
[gate] META/USDT blocked — R:R 0.70 below 1.2 (no room to next pool)
[gate] GOOGL/USDT blocked — Event move still unresolved — no higher low / structure break yet — still inside the vertical
[gate] JPM/USDT blocked — Event move still unresolved — no higher low / structure break yet — still inside the vertical
[gate] TIA/USDT blocked — Event move still unresolved — no higher low / structure break yet — still inside the vertical
[23:28:14] Scan #704 | 87/87 fed | 23 candidates | 0 shadow | 87 reused | 0 dispatched | 3.7s | floor=72.0
[corr] 2 correlated peers dropped in favour of the strongest in each group
[gate] XLE/USDT blocked — R:R 0.52 below 1.2 (no room to next pool)
[gate] DOT/USDT blocked — R:R 0.50 below 1.2 (no room to next pool)
[gate] PLTR/USDT blocked — R:R 0.47 below 1.2 (no room to next pool)
[gate] RENDER/USDT blocked — R:R 0.41 below 1.2 (no room to next pool)
[gate] META/USDT blocked — R:R 0.70 below 1.2 (no room to next pool)
[gate] GOOGL/USDT blocked — Event move still unresolved — no higher low / structure break yet — still inside the vertical
[gate] JPM/USDT blocked — Event move still unresolved — no higher low / structure break yet — still inside the vertical
[gate] TIA/USDT blocked — Event move still unresolved — no higher low / structure break yet — still inside the vertical
[23:28:35] Scan #705 | 87/87 fed | 23 candidates | 0 shadow | 87 reused | 0 dispatched | 5.3s | floor=72.0
[corr] 2 correlated peers dropped in favour of the strongest in each group
[gate] XLE/USDT blocked — R:R 0.52 below 1.2 (no room to next pool)
[gate] DOT/USDT blocked — R:R 0.50 below 1.2 (no room to next pool)
[gate] PLTR/USDT blocked — R:R 0.47 below 1.2 (no room to next pool)
[gate] RENDER/USDT blocked — R:R 0.41 below 1.2 (no room to next pool)
[gate] META/USDT blocked — R:R 0.70 below 1.2 (no room to next pool)
[gate] GOOGL/USDT blocked — Event move still unresolved — no higher low / structure break yet — still inside the vertical
[gate] JPM/USDT blocked — Event move still unresolved — no higher low / structure break yet — still inside the vertical
[gate] TIA/USDT blocked — Event move still unresolved — no higher low / structure break yet — still inside the vertical
[23:28:52] Scan #706 | 87/87 fed | 23 candidates | 0 shadow | 87 reused | 0 dispatched | 2.5s | floor=72.0
[corr] 2 correlated peers dropped in favour of the strongest in each group
[gate] XLE/USDT blocked — R:R 0.52 below 1.2 (no room to next pool)
[gate] DOT/USDT blocked — R:R 0.50 below 1.2 (no room to next pool)
[gate] PLTR/USDT blocked — R:R 0.52 below 1.2 (no room to next pool)
[gate] RENDER/USDT blocked — R:R 0.41 below 1.2 (no room to next pool)
[gate] META/USDT blocked — R:R 0.74 below 1.2 (no room to next pool)
[gate] GOOGL/USDT blocked — Event move still unresolved — no higher low / structure break yet — still inside the vertical
[gate] JPM/USDT blocked — Event move still unresolved — no higher low / structure break yet — still inside the vertical
[gate] TIA/USDT blocked — Event move still unresolved — no higher low / structure break yet — still inside the vertical
[23:29:11] Scan #707 | 87/87 fed | 23 candidates | 0 shadow | 87 reused | 0 dispatched | 4.3s | floor=72.0
[corr] 2 correlated peers dropped in favour of the strongest in each group
[gate] XLE/USDT blocked — R:R 0.52 below 1.2 (no room to next pool)
[gate] DOT/USDT blocked — R:R 0.50 below 1.2 (no room to next pool)
[gate] PLTR/USDT blocked — R:R 0.52 below 1.2 (no room to next pool)
[gate] RENDER/USDT blocked — R:R 0.41 below 1.2 (no room to next pool)
[gate] META/USDT blocked — R:R 0.74 below 1.2 (no room to next pool)
[gate] GOOGL/USDT blocked — Event move still unresolved — no higher low / structure break yet — still inside the vertical
[gate] JPM/USDT blocked — Event move still unresolved — no higher low / structure break yet — still inside the vertical
[gate] TIA/USDT blocked — Event move still unresolved — no higher low / structure break yet — still inside the vertical
[23:29:35] Scan #708 | 87/87 fed | 23 candidates | 0 shadow | 87 reused | 0 dispatched | 8.3s | floor=72.0
